<?xml version="1.0" encoding="UTF-8"?>
<class-scheme publication-date="2021-05-01" scheme-type="cpc" publication-type="official">
<classification-item breakdown-code="false" not-allocatable="true" level="5" additional-only="false" sort-key="A42B" definition-exists="true" date-revised="2021-01-01" status="published"><classification-symbol>A42B</classification-symbol><class-title date-revised="2021-01-01"><title-part><text>HATS</text></title-part><title-part><text>HEAD COVERINGS </text><reference><text>headbands <class-ref scheme="cpc">A41D20/00</class-ref>; head-scarves <class-ref scheme="cpc">A41D23/00</class-ref></text></reference></title-part></class-title><notes-and-warnings><note type="warning"><note-paragraph><CPC-specific-note>In this subclass non-limiting references (in the sense of paragraph 39 of the Guide to the IPC) may still be displayed in the scheme.</CPC-specific-note></note-paragraph></note></notes-and-warnings>
<classification-item breakdown-code="false" not-allocatable="true" level="6" additional-only="false" sort-key="A42B1/00" date-revised="2013-01-01" status="published"><classification-symbol>A42B1/00</classification-symbol>
<classification-item breakdown-code="false" not-allocatable="false" level="7" additional-only="false" sort-key="A42B1/00" definition-exists="true" ipc-concordant="A42B1/00" c-set-base-allowed="false" c-set-subsequent-allowed="true" date-revised="2021-01-01" status="published"><classification-symbol>A42B1/00</classification-symbol><class-title date-revised="2013-01-01"><title-part><text>Hats</text></title-part><title-part><text>Caps</text></title-part><title-part><text>Hoods</text></title-part></class-title><notes-and-warnings><note type="warning"><note-paragraph warning-type="reclass-destination">Group <class-ref scheme="cpc">A42B1/00</class-ref> is incomplete pending reclassification of documents from group <class-ref scheme="cpc">A42B1/203</class-ref>. <br/>Group <class-ref scheme="cpc">A42B1/00</class-ref> is also impacted by reclassification into groups <class-ref scheme="cpc">A42B1/009</class-ref>, <class-ref scheme="cpc">A42B1/011</class-ref>, <class-ref scheme="cpc">A42B1/014</class-ref>, <class-ref scheme="cpc">A42B1/017</class-ref>, <class-ref scheme="cpc">A42B1/0175</class-ref>, <class-ref scheme="cpc">A42B1/019</class-ref>, <class-ref scheme="cpc">A42B1/0192</class-ref> and <class-ref scheme="cpc">A42B1/0195</class-ref>. <br/>All groups listed in this Warning should be considered in order to perform a complete search.</note-paragraph></note></notes-and-warnings>
<classification-item breakdown-code="false" not-allocatable="false" level="8" additional-only="false" sort-key="A42B1/002" definition-exists="true" ipc-concordant="A42B1/002" c-set-base-allowed="false" c-set-subsequent-allowed="true" date-revised="2021-01-01" status="published"><classification-symbol>A42B1/002</classification-symbol><class-title date-revised="2021-01-01"><title-part><text>External devices or supports adapted to retain the shape of hats, caps or hoods </text><reference><text>for changing the size <class-ref scheme="cpc">A42C3/00</class-ref></text></reference></title-part></class-title></classification-item>
<classification-item breakdown-code="false" not-allocatable="false" level="8" additional-only="false" sort-key="A42B1/004" definition-exists="true" ipc-concordant="A42B1/004" c-set-base-allowed="false" c-set-subsequent-allowed="true" date-revised="2021-01-01" status="published"><classification-symbol>A42B1/004</classification-symbol><class-title date-revised="2021-01-01"><title-part><text>Decorative arrangements or effects</text></title-part></class-title></classification-item>
<classification-item breakdown-code="false" not-allocatable="false" level="8" additional-only="false" sort-key="A42B1/006" definition-exists="true" ipc-concordant="A42B1/006" c-set-base-allowed="false" c-set-subsequent-allowed="true" date-revised="2021-01-01" status="published"><classification-symbol>A42B1/006</classification-symbol><class-title date-revised="2021-01-01"><title-part><text>convertible or adaptable for uses other than as headgear</text></title-part></class-title><notes-and-warnings><note type="warning"><note-paragraph warning-type="reclass-destination">Group <class-ref scheme="cpc">A42B1/006</class-ref> is incomplete pending reclassification of documents from group <class-ref scheme="cpc">A42B1/206</class-ref>. <br/>Groups <class-ref scheme="cpc">A42B1/206</class-ref> and <class-ref scheme="cpc">A42B1/006</class-ref> should be considered in order to perform a complete search.</note-paragraph></note></notes-and-warnings></classification-item>
<classification-item breakdown-code="false" not-allocatable="false" level="8" additional-only="false" sort-key="A42B1/008" definition-exists="false" ipc-concordant="A42B1/008" c-set-base-allowed="false" c-set-subsequent-allowed="true" date-revised="2021-01-01" status="published"><classification-symbol>A42B1/008</classification-symbol><class-title date-revised="2021-01-01"><title-part><text>with means for heating or cooling </text><reference><text>ventilating arrangements for head coverings <class-ref scheme="cpc">A42C5/04</class-ref></text></reference></title-part></class-title></classification-item>
<classification-item breakdown-code="false" not-allocatable="false" level="8" additional-only="false" sort-key="A42B1/009" definition-exists="false" ipc-concordant="A42B1/009" c-set-base-allowed="false" c-set-subsequent-allowed="true" date-revised="2021-01-01" status="published"><classification-symbol>A42B1/009</classification-symbol><class-title date-revised="2021-01-01"><title-part><text>with means for light reflection</text></title-part></class-title><notes-and-warnings><note type="warning"><note-paragraph warning-type="reclass-destination">Group <class-ref scheme="cpc">A42B1/009</class-ref> is incomplete pending reclassification of documents from group <class-ref scheme="cpc">A42B1/00</class-ref>. <br/>Groups <class-ref scheme="cpc">A42B1/00</class-ref> and <class-ref scheme="cpc">A42B1/009</class-ref> should be considered in order to perform a complete search.</note-paragraph></note></notes-and-warnings></classification-item>
<classification-item breakdown-code="false" not-allocatable="false" level="8" additional-only="false" sort-key="A42B1/011" definition-exists="false" ipc-concordant="A42B1/011" c-set-base-allowed="false" c-set-subsequent-allowed="true" date-revised="2021-01-01" status="published"><classification-symbol>A42B1/011</classification-symbol><class-title date-revised="2021-01-01"><title-part><text>Arrangements for deodorising or perfuming</text></title-part></class-title><notes-and-warnings><note type="warning"><note-paragraph warning-type="reclass-destination">Group <class-ref scheme="cpc">A42B1/011</class-ref> is incomplete pending reclassification of documents from group <class-ref scheme="cpc">A42B1/00</class-ref>. <br/>Groups <class-ref scheme="cpc">A42B1/00</class-ref> and <class-ref scheme="cpc">A42B1/011</class-ref> should be considered in order to perform a complete search.</note-paragraph></note></notes-and-warnings></classification-item>
<classification-item breakdown-code="false" not-allocatable="false" level="8" additional-only="false" sort-key="A42B1/012" definition-exists="true" ipc-concordant="A42B1/012" c-set-base-allowed="false" c-set-subsequent-allowed="true" date-revised="2021-01-01" status="published"><classification-symbol>A42B1/012</classification-symbol><class-title date-revised="2021-01-01"><title-part><text>Sanitary or disposable, e.g. for use in hospitals or food industry</text></title-part></class-title></classification-item>
<classification-item breakdown-code="false" not-allocatable="false" level="8" additional-only="false" sort-key="A42B1/014" definition-exists="false" ipc-concordant="A42B1/014" c-set-base-allowed="false" c-set-subsequent-allowed="true" date-revised="2021-01-01" status="published"><classification-symbol>A42B1/014</classification-symbol><class-title date-revised="2021-01-01"><title-part><text>specially adapted for protection against insects</text></title-part></class-title><notes-and-warnings><note type="warning"><note-paragraph warning-type="reclass-destination">Group <class-ref scheme="cpc">A42B1/014</class-ref> is incomplete pending reclassification of documents from group <class-ref scheme="cpc">A42B1/00</class-ref>. <br/>Groups <class-ref scheme="cpc">A42B1/00</class-ref> and <class-ref scheme="cpc">A42B1/014</class-ref> should be considered in order to perform a complete search.</note-paragraph></note></notes-and-warnings></classification-item>
<classification-item breakdown-code="false" not-allocatable="false" level="8" additional-only="false" sort-key="A42B1/017" definition-exists="false" ipc-concordant="A42B1/017" c-set-base-allowed="false" c-set-subsequent-allowed="true" date-revised="2021-01-01" status="published"><classification-symbol>A42B1/017</classification-symbol><class-title date-revised="2021-01-01"><title-part><text>specially adapted for promoting health, e.g. with means for pressing on acupuncture points</text></title-part></class-title><notes-and-warnings><note type="warning"><note-paragraph warning-type="reclass-destination">Groups <class-ref scheme="cpc">A42B1/017</class-ref> and <class-ref scheme="cpc">A42B1/0175</class-ref> are incomplete pending reclassification of documents from group <class-ref scheme="cpc">A42B1/00</class-ref>. <br/>Groups <class-ref scheme="cpc">A42B1/00</class-ref>, <class-ref scheme="cpc">A42B1/017</class-ref>, and <class-ref scheme="cpc">A42B1/0175</class-ref> should be considered in order to perform a complete search.</note-paragraph></note></notes-and-warnings>
<classification-item breakdown-code="false" not-allocatable="false" level="9" additional-only="false" sort-key="A42B1/0175" definition-exists="false" ipc-concordant="A42B1/0175" c-set-base-allowed="false" c-set-subsequent-allowed="true" date-revised="2021-01-01" status="published"><classification-symbol>A42B1/0175</classification-symbol><class-title date-revised="2021-01-01"><title-part><text>using magnets</text></title-part></class-title></classification-item></classification-item>
<classification-item breakdown-code="false" not-allocatable="false" level="8" additional-only="false" sort-key="A42B1/018" definition-exists="false" ipc-concordant="A42B1/018" c-set-base-allowed="false" c-set-subsequent-allowed="true" date-revised="2021-01-01" status="published"><classification-symbol>A42B1/018</classification-symbol><class-title date-revised="2021-01-01"><title-part><text>with means for protecting the eyes, ears or nape, e.g. sun or rain shields</text></title-part><title-part><text>with air-inflated pads or removable linings</text></title-part></class-title><notes-and-warnings><note type="warning"><note-paragraph warning-type="reclass-destination">Group <class-ref scheme="cpc">A42B1/018</class-ref> is incomplete pending reclassification of documents from group <class-ref scheme="cpc">A42B1/06</class-ref>. <br/>All groups listed in this Warning should be considered in order to perform a complete search.</note-paragraph></note></notes-and-warnings>
<classification-item breakdown-code="false" not-allocatable="false" level="9" additional-only="false" sort-key="A42B1/0181" definition-exists="false" ipc-concordant="A42B1/0181" c-set-base-allowed="false" c-set-subsequent-allowed="true" date-revised="2021-01-01" status="published"><classification-symbol>A42B1/0181</classification-symbol><class-title date-revised="2021-01-01"><title-part><text>with means for protecting the eyes</text></title-part></class-title>
<classification-item breakdown-code="false" not-allocatable="false" level="10" additional-only="false" sort-key="A42B1/0182" definition-exists="true" ipc-concordant="A42B1/0182" c-set-base-allowed="false" c-set-subsequent-allowed="true" date-revised="2021-01-01" status="published"><classification-symbol>A42B1/0182</classification-symbol><class-title date-revised="2021-01-01"><title-part><text>Peaks or visors</text></title-part></class-title>
<classification-item breakdown-code="false" not-allocatable="false" level="11" additional-only="false" sort-key="A42B1/0183" definition-exists="false" ipc-concordant="A42B1/0183" c-set-base-allowed="false" c-set-subsequent-allowed="true" date-revised="2021-01-01" status="published"><classification-symbol>A42B1/0183</classification-symbol><class-title date-revised="2021-01-01"><title-part><text>with stiffening means</text></title-part></class-title></classification-item>
<classification-item breakdown-code="false" not-allocatable="false" level="11" additional-only="false" sort-key="A42B1/0184" definition-exists="false" ipc-concordant="A42B1/0184" c-set-base-allowed="false" c-set-subsequent-allowed="true" date-revised="2021-01-01" status="published"><classification-symbol>A42B1/0184</classification-symbol><class-title date-revised="2021-01-01"><title-part><text>detachable or movable, e.g. rotatable</text></title-part></class-title></classification-item>
<classification-item breakdown-code="false" not-allocatable="false" level="11" additional-only="false" sort-key="A42B1/0185" definition-exists="false" ipc-concordant="A42B1/0185" c-set-base-allowed="false" c-set-subsequent-allowed="true" date-revised="2021-01-01" status="published"><classification-symbol>A42B1/0185</classification-symbol><class-title date-revised="2021-01-01"><title-part><text>extendable, e.g. telescopic</text></title-part></class-title></classification-item></classification-item></classification-item>
<classification-item breakdown-code="false" not-allocatable="false" level="9" additional-only="false" sort-key="A42B1/0186" definition-exists="false" ipc-concordant="A42B1/0186" c-set-base-allowed="false" c-set-subsequent-allowed="true" date-revised="2021-01-01" status="published"><classification-symbol>A42B1/0186</classification-symbol><class-title date-revised="2021-01-01"><title-part><text>with means for protecting the ears or nape</text></title-part></class-title><notes-and-warnings><note type="warning"><note-paragraph warning-type="reclass-source">Group <class-ref scheme="cpc">A42B1/0186</class-ref> is impacted by reclassification into group <class-ref scheme="cpc">A42B1/06</class-ref>. <br/>All groups listed in this Warning should be considered in order to perform a complete search.</note-paragraph></note></notes-and-warnings>
<classification-item breakdown-code="false" not-allocatable="false" level="10" additional-only="false" sort-key="A42B1/0187" definition-exists="true" ipc-concordant="A42B1/0187" c-set-base-allowed="false" c-set-subsequent-allowed="true" date-revised="2021-01-01" status="published"><classification-symbol>A42B1/0187</classification-symbol><class-title date-revised="2021-01-01"><title-part><text>Removable protection for the nape, e.g. sun or rain shields</text></title-part></class-title></classification-item>
<classification-item breakdown-code="false" not-allocatable="false" level="10" additional-only="false" sort-key="A42B1/0188" definition-exists="true" ipc-concordant="A42B1/0188" c-set-base-allowed="false" c-set-subsequent-allowed="true" date-revised="2021-01-01" status="published"><classification-symbol>A42B1/0188</classification-symbol><class-title date-revised="2021-01-01"><title-part><text>Protection for the ears, e.g. removable ear muffs</text></title-part></class-title></classification-item></classification-item>
<classification-item breakdown-code="false" not-allocatable="false" level="9" additional-only="false" sort-key="A42B1/0189" definition-exists="false" ipc-concordant="A42B1/0189" c-set-base-allowed="false" c-set-subsequent-allowed="true" date-revised="2021-01-01" status="published"><classification-symbol>A42B1/0189</classification-symbol><class-title date-revised="2021-01-01"><title-part><text>Linings</text></title-part></class-title></classification-item></classification-item>
<classification-item breakdown-code="false" not-allocatable="false" level="8" additional-only="false" sort-key="A42B1/019" definition-exists="false" ipc-concordant="A42B1/019" c-set-base-allowed="false" c-set-subsequent-allowed="true" date-revised="2021-01-01" status="published"><classification-symbol>A42B1/019</classification-symbol><class-title date-revised="2021-01-01"><title-part><text>characterised by their material</text></title-part></class-title><notes-and-warnings><note type="warning"><note-paragraph warning-type="reclass-destination">Groups <class-ref scheme="cpc">A42B1/019</class-ref> and <class-ref scheme="cpc">A42B1/0195</class-ref> are incomplete pending reclassification of documents from group <class-ref scheme="cpc">A42B1/00</class-ref>. <br/>Groups <class-ref scheme="cpc">A42B1/00</class-ref>, <class-ref scheme="cpc">A42B1/019</class-ref> and <class-ref scheme="cpc">A42B1/0195</class-ref> should be considered in order to perform a complete search.</note-paragraph></note></notes-and-warnings>
<classification-item breakdown-code="false" not-allocatable="false" level="9" additional-only="false" sort-key="A42B1/0192" definition-exists="false" ipc-concordant="A42B1/0192" c-set-base-allowed="false" c-set-subsequent-allowed="true" date-revised="2021-01-01" status="published"><classification-symbol>A42B1/0192</classification-symbol><class-title date-revised="2021-01-01"><title-part><text>Paper</text></title-part><title-part><text>Cardboard</text></title-part></class-title><notes-and-warnings><note type="warning"><note-paragraph warning-type="reclass-destination">Group <class-ref scheme="cpc">A42B1/0192</class-ref> is incomplete pending reclassification of documents from groups <class-ref scheme="cpc">A42B1/00</class-ref> and <class-ref scheme="cpc">A42B1/208</class-ref>. <br/>Groups <class-ref scheme="cpc">A42B1/00</class-ref>, <class-ref scheme="cpc">A42B1/208</class-ref> and <class-ref scheme="cpc">A42B1/0192</class-ref> should be considered in order to perform a complete search.</note-paragraph></note></notes-and-warnings></classification-item>
<classification-item breakdown-code="false" not-allocatable="false" level="9" additional-only="false" sort-key="A42B1/0195" definition-exists="false" ipc-concordant="A42B1/0195" c-set-base-allowed="false" c-set-subsequent-allowed="true" date-revised="2021-01-01" status="published"><classification-symbol>A42B1/0195</classification-symbol><class-title date-revised="2021-01-01"><title-part><text>Antimicrobial or antibacterial</text></title-part></class-title></classification-item></classification-item>
<classification-item breakdown-code="false" not-allocatable="false" level="8" additional-only="false" sort-key="A42B1/02" definition-exists="false" ipc-concordant="A42B1/02" c-set-base-allowed="false" c-set-subsequent-allowed="true" date-revised="2013-01-01" status="published"><classification-symbol>A42B1/02</classification-symbol><class-title date-revised="2013-01-01"><title-part><text>Hats</text></title-part><title-part><text>Stiff caps</text></title-part></class-title></classification-item>
<classification-item breakdown-code="false" not-allocatable="false" level="8" additional-only="false" sort-key="A42B1/04" definition-exists="true" ipc-concordant="A42B1/04" c-set-base-allowed="false" c-set-subsequent-allowed="true" date-revised="2013-01-01" status="published"><classification-symbol>A42B1/04</classification-symbol><class-title date-revised="2013-01-01"><title-part><text>Soft caps</text></title-part><title-part><text>Hoods</text></title-part></class-title>
<classification-item breakdown-code="false" not-allocatable="false" level="9" additional-only="false" sort-key="A42B1/041" definition-exists="false" ipc-concordant="A42B1/041" c-set-base-allowed="false" c-set-subsequent-allowed="true" date-revised="2021-01-01" status="published"><classification-symbol>A42B1/041</classification-symbol><class-title date-revised="2021-01-01"><title-part><text>Peakless soft head coverings, e.g. turbans or berets </text><reference><text><class-ref scheme="cpc">A42B1/045</class-ref>, <class-ref scheme="cpc">A42B1/046</class-ref> take precedence</text></reference></title-part></class-title><notes-and-warnings><note type="warning"><note-paragraph warning-type="reclass-source">Group <class-ref scheme="cpc">A42B1/041</class-ref> is impacted by reclassification into group <class-ref scheme="cpc">A42B1/049</class-ref>. <br/>Groups <class-ref scheme="cpc">A42B1/041</class-ref> and <class-ref scheme="cpc">A42B1/049</class-ref> should be considered in order to perform a complete search.</note-paragraph></note></notes-and-warnings></classification-item>
<classification-item breakdown-code="false" not-allocatable="false" level="9" additional-only="false" sort-key="A42B1/045" definition-exists="false" ipc-concordant="A42B1/045" c-set-base-allowed="false" c-set-subsequent-allowed="true" date-revised="2021-01-01" status="published"><classification-symbol>A42B1/045</classification-symbol><class-title date-revised="2021-01-01"><title-part><text>fastened under the chin, e.g. bonnets </text><reference><text>millinery <class-ref scheme="cpc">A42B1/16</class-ref></text></reference></title-part></class-title><notes-and-warnings><note type="warning"><note-paragraph warning-type="reclass-source">Group <class-ref scheme="cpc">A42B1/045</class-ref> is impacted by reclassification into groups <class-ref scheme="cpc">A42B1/049</class-ref> and <class-ref scheme="cpc">A42B1/16</class-ref>. <br/>Groups <class-ref scheme="cpc">A42B1/045</class-ref>, <class-ref scheme="cpc">A42B1/049</class-ref> and <class-ref scheme="cpc">A42B1/16</class-ref> should be considered in order to perform a complete search.</note-paragraph></note></notes-and-warnings></classification-item>
<classification-item breakdown-code="false" not-allocatable="false" level="9" additional-only="false" sort-key="A42B1/046" definition-exists="false" ipc-concordant="A42B1/046" c-set-base-allowed="false" c-set-subsequent-allowed="true" date-revised="2021-01-01" status="published"><classification-symbol>A42B1/046</classification-symbol><class-title date-revised="2021-01-01"><title-part><text>Balaclavas</text></title-part></class-title></classification-item>
<classification-item breakdown-code="false" not-allocatable="false" level="9" additional-only="false" sort-key="A42B1/048" definition-exists="true" ipc-concordant="A42B1/048" c-set-base-allowed="false" c-set-subsequent-allowed="true" date-revised="2021-01-01" status="published"><classification-symbol>A42B1/048</classification-symbol><class-title date-revised="2021-01-01"><title-part><text>Detachable hoods</text></title-part></class-title></classification-item>
<classification-item breakdown-code="false" not-allocatable="false" level="9" additional-only="false" sort-key="A42B1/049" definition-exists="true" ipc-concordant="A42B1/049" c-set-base-allowed="false" c-set-subsequent-allowed="true" date-revised="2021-01-01" status="published"><classification-symbol>A42B1/049</classification-symbol><class-title date-revised="2021-01-01"><title-part><text>Nightcaps </text><reference><text>hair nets or hair-protecting caps <class-ref scheme="cpc">A45D8/40</class-ref></text></reference></title-part></class-title><notes-and-warnings><note type="warning"><note-paragraph warning-type="reclass-destination">Group <class-ref scheme="cpc">A42B1/049</class-ref> is incomplete pending reclassification of documents from groups <class-ref scheme="cpc">A42B1/041</class-ref> and <class-ref scheme="cpc">A42B1/045</class-ref>. <br/>Groups <class-ref scheme="cpc">A42B1/041</class-ref>, <class-ref scheme="cpc">A42B1/045</class-ref> and <class-ref scheme="cpc">A42B1/049</class-ref> should be considered in order to perform a complete search.</note-paragraph></note></notes-and-warnings></classification-item>
<classification-item breakdown-code="false" not-allocatable="false" level="9" additional-only="false" sort-key="A42B1/06" definition-exists="true" ipc-concordant="A42B1/06" c-set-base-allowed="false" c-set-subsequent-allowed="true" date-revised="2021-01-01" status="published"><classification-symbol>A42B1/06</classification-symbol><class-title date-revised="2021-01-01"><title-part><text>Caps with flaps</text></title-part><title-part><text>Motoring caps</text></title-part></class-title><notes-and-warnings><note type="warning"><note-paragraph warning-type="reclass-destination">Group <class-ref scheme="cpc">A42B1/06</class-ref> is incomplete pending reclassification of documents from group <class-ref scheme="cpc">A42B1/0186</class-ref>. <br/>Group <class-ref scheme="cpc">A42B1/06</class-ref> is also impacted by reclassification into group <class-ref scheme="cpc">A42B1/018</class-ref>. <br/>All groups listed in this Warning should be considered in order to perform a complete search.</note-paragraph></note></notes-and-warnings></classification-item>
<classification-item breakdown-code="false" not-allocatable="false" level="9" additional-only="false" sort-key="A42B1/08" definition-exists="true" ipc-concordant="A42B1/08" c-set-base-allowed="false" c-set-subsequent-allowed="true" date-revised="2021-01-01" status="published"><classification-symbol>A42B1/08</classification-symbol><class-title date-revised="2021-01-01"><title-part><text>with protection against blows</text></title-part></class-title>
<classification-item breakdown-code="false" not-allocatable="false" level="10" additional-only="false" sort-key="A42B1/10" definition-exists="false" ipc-concordant="A42B1/10" c-set-base-allowed="false" c-set-subsequent-allowed="true" date-revised="2021-01-01" status="published"><classification-symbol>A42B1/10</classification-symbol><class-title date-revised="2021-01-01"><title-part><text>Miners&apos; caps</text></title-part></class-title></classification-item></classification-item>
<classification-item breakdown-code="false" not-allocatable="false" level="9" additional-only="false" sort-key="A42B1/12" definition-exists="true" ipc-concordant="A42B1/12" c-set-base-allowed="false" c-set-subsequent-allowed="true" date-revised="2013-01-01" status="published"><classification-symbol>A42B1/12</classification-symbol><class-title date-revised="2013-01-01"><title-part><text>Bathing caps</text></title-part></class-title></classification-item></classification-item>
<classification-item breakdown-code="false" not-allocatable="false" level="8" additional-only="false" sort-key="A42B1/14" definition-exists="false" ipc-concordant="A42B1/14" c-set-base-allowed="false" c-set-subsequent-allowed="true" date-revised="2013-01-01" status="published"><classification-symbol>A42B1/14</classification-symbol><class-title date-revised="2013-01-01"><title-part><text>Straw hats</text></title-part><title-part><text>Substitutes therefor</text></title-part></class-title></classification-item>
<classification-item breakdown-code="false" not-allocatable="false" level="8" additional-only="false" sort-key="A42B1/16" definition-exists="false" ipc-concordant="A42B1/16" c-set-base-allowed="false" c-set-subsequent-allowed="true" date-revised="2021-01-01" status="published"><classification-symbol>A42B1/16</classification-symbol><class-title date-revised="2021-01-01"><title-part><text>Millinery</text></title-part></class-title><notes-and-warnings><note type="warning"><note-paragraph warning-type="reclass-destination">Group <class-ref scheme="cpc">A42B1/16</class-ref> is incomplete pending reclassification of documents from group <class-ref scheme="cpc">A42B1/045</class-ref>. <br/>Groups <class-ref scheme="cpc">A42B1/045</class-ref> and <class-ref scheme="cpc">A42B1/16</class-ref> should be considered in order to perform a complete search.</note-paragraph></note></notes-and-warnings></classification-item>
<classification-item breakdown-code="false" not-allocatable="false" level="8" additional-only="false" sort-key="A42B1/18" definition-exists="true" ipc-concordant="A42B1/18" c-set-base-allowed="false" c-set-subsequent-allowed="true" date-revised="2021-01-01" status="published"><classification-symbol>A42B1/18</classification-symbol><class-title date-revised="2021-01-01"><title-part><text>Coverings for protecting hats, caps or hoods against dust, rain, or sunshine</text></title-part></class-title></classification-item>
<classification-item breakdown-code="false" not-allocatable="false" level="8" additional-only="false" sort-key="A42B1/201" definition-exists="false" ipc-concordant="A42B1/201" c-set-base-allowed="false" c-set-subsequent-allowed="true" date-revised="2021-01-01" status="published"><classification-symbol>A42B1/201</classification-symbol><class-title date-revised="2021-01-01"><title-part><text>Collapsible or foldable</text></title-part></class-title><notes-and-warnings><note type="warning"><note-paragraph warning-type="reclass-destination">Group <class-ref scheme="cpc">A42B1/201</class-ref> is incomplete pending reclassification of documents from group <class-ref scheme="cpc">A42B1/203</class-ref>. <br/>Groups <class-ref scheme="cpc">A42B1/203</class-ref> and <class-ref scheme="cpc">A42B1/201</class-ref> should be considered in order to perform a complete search.</note-paragraph></note></notes-and-warnings></classification-item>
<classification-item breakdown-code="false" not-allocatable="false" level="8" additional-only="false" sort-key="A42B1/203" definition-exists="false" ipc-concordant="A42B1/203" c-set-base-allowed="false" c-set-subsequent-allowed="true" date-revised="2021-01-01" status="published"><classification-symbol>A42B1/203</classification-symbol><class-title date-revised="2021-01-01"><title-part><text>Inflatable</text></title-part></class-title><notes-and-warnings><note type="warning"><note-paragraph warning-type="reclass-source">Group <class-ref scheme="cpc">A42B1/203</class-ref> is impacted by reclassification into groups <class-ref scheme="cpc">A42B1/00</class-ref>, <class-ref scheme="cpc">A42B1/201</class-ref>, <class-ref scheme="cpc">A42B1/205</class-ref>, <class-ref scheme="cpc">A42B1/206</class-ref> and <class-ref scheme="cpc">A42B1/208</class-ref>. <br/>All groups listed in this Warning should be considered in order to perform a complete search.</note-paragraph></note></notes-and-warnings></classification-item>
<classification-item breakdown-code="false" not-allocatable="false" level="8" additional-only="false" sort-key="A42B1/205" definition-exists="false" ipc-concordant="A42B1/205" c-set-base-allowed="false" c-set-subsequent-allowed="true" date-revised="2021-01-01" status="published"><classification-symbol>A42B1/205</classification-symbol><class-title date-revised="2021-01-01"><title-part><text>made of separable parts</text></title-part></class-title><notes-and-warnings><note type="warning"><note-paragraph warning-type="reclass-destination">Group <class-ref scheme="cpc">A42B1/205</class-ref> is incomplete pending reclassification of documents from group <class-ref scheme="cpc">A42B1/203</class-ref>. <br/>Groups <class-ref scheme="cpc">A42B1/203</class-ref> and <class-ref scheme="cpc">A42B1/205</class-ref> should be considered in order to perform a complete search.</note-paragraph></note></notes-and-warnings></classification-item>
<classification-item breakdown-code="false" not-allocatable="false" level="8" additional-only="false" sort-key="A42B1/206" definition-exists="false" ipc-concordant="A42B1/206" c-set-base-allowed="false" c-set-subsequent-allowed="true" date-revised="2021-01-01" status="published"><classification-symbol>A42B1/206</classification-symbol><class-title date-revised="2021-01-01"><title-part><text>Transformable, convertible or reversible hats </text><reference><text>for uses other than as headgear <class-ref scheme="cpc">A42B1/006</class-ref></text></reference></title-part></class-title><notes-and-warnings><note type="warning"><note-paragraph warning-type="reclass-destination">Group <class-ref scheme="cpc">A42B1/206</class-ref> is incomplete pending reclassification of documents from group <class-ref scheme="cpc">A42B1/203</class-ref>. <br/>Group <class-ref scheme="cpc">A42B1/206</class-ref> is also impacted by reclassification into group <class-ref scheme="cpc">A42B1/006</class-ref>. <br/>Groups <class-ref scheme="cpc">A42B1/203</class-ref>, <class-ref scheme="cpc">A42B1/206</class-ref> and <class-ref scheme="cpc">A42B1/006</class-ref> should be considered in order to perform a complete search.</note-paragraph></note></notes-and-warnings></classification-item>
<classification-item breakdown-code="false" not-allocatable="false" level="8" additional-only="false" sort-key="A42B1/208" definition-exists="true" ipc-concordant="A42B1/208" c-set-base-allowed="false" c-set-subsequent-allowed="true" date-revised="2021-01-01" status="published"><classification-symbol>A42B1/208</classification-symbol><class-title date-revised="2021-01-01"><title-part><text>made from a flat sheet</text></title-part></class-title><notes-and-warnings><note type="warning"><note-paragraph warning-type="reclass-destination">Group <class-ref scheme="cpc">A42B1/208</class-ref> is incomplete pending reclassification of documents from group <class-ref scheme="cpc">A42B1/203</class-ref>. <br/>Group <class-ref scheme="cpc">A42B1/208</class-ref> is also impacted by reclassification into group <class-ref scheme="cpc">A42B1/0192</class-ref>. <br/>Groups <class-ref scheme="cpc">A42B1/203</class-ref>, <class-ref scheme="cpc">A42B1/208</class-ref> and <class-ref scheme="cpc">A42B1/0192</class-ref> should be considered in order to perform a complete search.</note-paragraph></note></notes-and-warnings></classification-item>
<classification-item breakdown-code="false" not-allocatable="false" level="8" additional-only="false" sort-key="A42B1/22" definition-exists="false" ipc-concordant="A42B1/22" c-set-base-allowed="false" c-set-subsequent-allowed="true" date-revised="2017-08-01" status="published"><classification-symbol>A42B1/22</classification-symbol><class-title date-revised="2017-08-01"><title-part><text>adjustable in size </text><CPC-specific-text><text>; Form-fitting or self adjusting head coverings; Devices for reducing hat size</text></CPC-specific-text></title-part></class-title>
<classification-item breakdown-code="false" not-allocatable="false" level="9" additional-only="false" sort-key="A42B1/225" definition-exists="false" ipc-concordant="A42B1/22" c-set-base-allowed="false" c-set-subsequent-allowed="true" date-revised="2013-01-01" status="published"><classification-symbol>A42B1/225</classification-symbol><class-title date-revised="2013-01-01"><title-part><CPC-specific-text><text>with openings for hair</text></CPC-specific-text></title-part></class-title></classification-item></classification-item>
<classification-item breakdown-code="false" not-allocatable="false" level="8" additional-only="false" sort-key="A42B1/24" definition-exists="false" ipc-concordant="A42B1/24" c-set-base-allowed="false" c-set-subsequent-allowed="true" date-revised="2021-01-01" status="published"><classification-symbol>A42B1/24</classification-symbol><class-title date-revised="2021-01-01"><title-part><text>with means for attaching articles thereto, e.g. memorandum tablets or mirrors</text></title-part></class-title>
<classification-item breakdown-code="false" not-allocatable="false" level="9" additional-only="false" sort-key="A42B1/241" definition-exists="false" ipc-concordant="A42B1/241" c-set-base-allowed="false" c-set-subsequent-allowed="true" date-revised="2021-01-01" status="published"><classification-symbol>A42B1/241</classification-symbol><class-title date-revised="2021-01-01"><title-part><text>Pockets therefor</text></title-part><title-part><text>Head coverings with pockets</text></title-part></class-title></classification-item>
<classification-item breakdown-code="false" not-allocatable="false" level="9" additional-only="false" sort-key="A42B1/242" definition-exists="false" ipc-concordant="A42B1/242" c-set-base-allowed="false" c-set-subsequent-allowed="true" date-revised="2021-01-01" status="published"><classification-symbol>A42B1/242</classification-symbol><class-title date-revised="2021-01-01"><title-part><text>Means for mounting detecting, signalling or lighting devices</text></title-part></class-title>
<classification-item breakdown-code="false" not-allocatable="false" level="10" additional-only="false" sort-key="A42B1/244" definition-exists="false" ipc-concordant="A42B1/244" c-set-base-allowed="false" c-set-subsequent-allowed="true" date-revised="2021-01-01" status="published"><classification-symbol>A42B1/244</classification-symbol><class-title date-revised="2021-01-01"><title-part><text>Means for mounting lamps</text></title-part></class-title></classification-item></classification-item>
<classification-item breakdown-code="false" not-allocatable="false" level="9" additional-only="false" sort-key="A42B1/245" definition-exists="false" ipc-concordant="A42B1/245" c-set-base-allowed="false" c-set-subsequent-allowed="true" date-revised="2021-01-01" status="published"><classification-symbol>A42B1/245</classification-symbol><class-title date-revised="2021-01-01"><title-part><text>Means for mounting audio or communication systems</text></title-part></class-title></classification-item>
<classification-item breakdown-code="false" not-allocatable="false" level="9" additional-only="false" sort-key="A42B1/247" definition-exists="false" ipc-concordant="A42B1/247" c-set-base-allowed="false" c-set-subsequent-allowed="true" date-revised="2021-01-01" status="published"><classification-symbol>A42B1/247</classification-symbol><class-title date-revised="2021-01-01"><title-part><text>Means for attaching eyewear </text><reference><text>arrangements for supporting by headgear <class-ref scheme="cpc">G02C3/02</class-ref></text></reference></title-part></class-title></classification-item>
<classification-item breakdown-code="false" not-allocatable="false" level="9" additional-only="false" sort-key="A42B1/248" definition-exists="false" ipc-concordant="A42B1/248" c-set-base-allowed="false" c-set-subsequent-allowed="true" date-revised="2021-01-01" status="published"><classification-symbol>A42B1/248</classification-symbol><class-title date-revised="2021-01-01"><title-part><text>Insignia, logos, emblems or the like</text></title-part></class-title></classification-item></classification-item></classification-item>
<classification-item breakdown-code="false" not-allocatable="false" level="7" additional-only="false" sort-key="A42B3/00" definition-exists="true" ipc-concordant="A42B3/00" c-set-base-allowed="false" c-set-subsequent-allowed="true" date-revised="2021-01-01" status="published"><classification-symbol>A42B3/00</classification-symbol><class-title date-revised="2021-01-01"><title-part><text>Helmets</text></title-part><title-part><text>Helmet covers </text><CPC-specific-text><text>; Other protective head coverings</text></CPC-specific-text><text> </text><reference><CPC-specific-text><text>hoods for welders <class-ref scheme="cpc">A61F9/06</class-ref>;</text></CPC-specific-text><text> defence protection helmets <class-ref scheme="cpc">F41H1/04</class-ref></text></reference></title-part></class-title>
<classification-item breakdown-code="false" not-allocatable="false" level="8" additional-only="false" sort-key="A42B3/003" definition-exists="false" ipc-concordant="A42B3/00" c-set-base-allowed="false" c-set-subsequent-allowed="true" date-revised="2013-01-01" status="published"><classification-symbol>A42B3/003</classification-symbol><class-title date-revised="2013-01-01"><title-part><CPC-specific-text><text>Helmet covers</text></CPC-specific-text></title-part></class-title></classification-item>
<classification-item breakdown-code="false" not-allocatable="false" level="8" additional-only="false" sort-key="A42B3/006" definition-exists="true" ipc-concordant="A42B3/00" c-set-base-allowed="false" c-set-subsequent-allowed="true" date-revised="2013-01-01" status="published"><classification-symbol>A42B3/006</classification-symbol><class-title date-revised="2013-01-01"><title-part><CPC-specific-text><text>Means for transporting or storing helmets</text></CPC-specific-text></title-part></class-title></classification-item>
<classification-item breakdown-code="false" not-allocatable="false" level="8" additional-only="false" sort-key="A42B3/04" definition-exists="true" ipc-concordant="A42B3/04" c-set-base-allowed="false" c-set-subsequent-allowed="true" date-revised="2013-01-01" status="published"><classification-symbol>A42B3/04</classification-symbol><class-title date-revised="2013-01-01"><title-part><text>Parts, details or accessories of helmets</text></title-part></class-title>
<classification-item breakdown-code="false" not-allocatable="false" level="9" additional-only="false" sort-key="A42B3/0406" definition-exists="true" ipc-concordant="A42B3/04" c-set-base-allowed="false" c-set-subsequent-allowed="true" date-revised="2013-01-01" status="published"><classification-symbol>A42B3/0406</classification-symbol><class-title date-revised="2013-01-01"><title-part><CPC-specific-text><text>Accessories for helmets</text></CPC-specific-text></title-part></class-title>
<classification-item breakdown-code="false" not-allocatable="false" level="10" additional-only="false" sort-key="A42B3/0413" definition-exists="true" ipc-concordant="A42B3/04" c-set-base-allowed="false" c-set-subsequent-allowed="true" date-revised="2020-02-01" status="published"><classification-symbol>A42B3/0413</classification-symbol><class-title date-revised="2020-02-01"><title-part><CPC-specific-text><text>Anti-theft arrangements </text><reference><text>supporting arrangements specially adapted for fastening helmets <class-ref scheme="cpc">B62J11/24</class-ref>; locks <class-ref scheme="cpc">E05</class-ref></text></reference></CPC-specific-text></title-part></class-title></classification-item>
<classification-item breakdown-code="false" not-allocatable="false" level="10" additional-only="false" sort-key="A42B3/042" definition-exists="true" ipc-concordant="A42B3/04" c-set-base-allowed="false" c-set-subsequent-allowed="true" date-revised="2013-01-01" status="published"><classification-symbol>A42B3/042</classification-symbol><class-title date-revised="2013-01-01"><title-part><CPC-specific-text><text>Optical devices </text><reference><text>night vision goggles <class-ref scheme="cpc">G02B23/12</class-ref></text></reference></CPC-specific-text></title-part></class-title>
<classification-item breakdown-code="false" not-allocatable="false" level="11" additional-only="false" sort-key="A42B3/0426" definition-exists="false" ipc-concordant="A42B3/04" c-set-base-allowed="false" c-set-subsequent-allowed="true" date-revised="2013-01-01" status="published"><classification-symbol>A42B3/0426</classification-symbol><class-title date-revised="2013-01-01"><title-part><CPC-specific-text><text>Rear view devices or the like</text></CPC-specific-text></title-part></class-title></classification-item></classification-item>
<classification-item breakdown-code="false" not-allocatable="false" level="10" additional-only="false" sort-key="A42B3/0433" definition-exists="true" ipc-concordant="A42B3/04" c-set-base-allowed="false" c-set-subsequent-allowed="true" date-revised="2013-01-01" status="published"><classification-symbol>A42B3/0433</classification-symbol><class-title date-revised="2013-01-01"><title-part><CPC-specific-text><text>Detecting, signalling or lighting devices</text></CPC-specific-text></title-part></class-title>
<classification-item breakdown-code="false" not-allocatable="false" level="11" additional-only="false" sort-key="A42B3/044" definition-exists="true" ipc-concordant="A42B3/04" c-set-base-allowed="false" c-set-subsequent-allowed="true" date-revised="2013-01-01" status="published"><classification-symbol>A42B3/044</classification-symbol><class-title date-revised="2013-01-01"><title-part><CPC-specific-text><text>Lighting devices, e.g. helmets with lamps</text></CPC-specific-text></title-part></class-title>
<classification-item breakdown-code="false" not-allocatable="false" level="12" additional-only="false" sort-key="A42B3/0446" definition-exists="false" ipc-concordant="A42B3/04" c-set-base-allowed="false" c-set-subsequent-allowed="true" date-revised="2013-01-01" status="published"><classification-symbol>A42B3/0446</classification-symbol><class-title date-revised="2013-01-01"><title-part><CPC-specific-text><text>intended to light the way ahead</text></CPC-specific-text></title-part></class-title></classification-item></classification-item>
<classification-item breakdown-code="false" not-allocatable="false" level="11" additional-only="false" sort-key="A42B3/0453" definition-exists="true" ipc-concordant="A42B3/04" c-set-base-allowed="false" c-set-subsequent-allowed="true" date-revised="2013-01-01" status="published"><classification-symbol>A42B3/0453</classification-symbol><class-title date-revised="2013-01-01"><title-part><CPC-specific-text><text>Signalling devices, e.g. auxiliary brake or indicator lights</text></CPC-specific-text></title-part></class-title></classification-item>
<classification-item breakdown-code="false" not-allocatable="false" level="11" additional-only="false" sort-key="A42B3/046" definition-exists="false" ipc-concordant="A42B3/04" c-set-base-allowed="false" c-set-subsequent-allowed="true" date-revised="2013-01-01" status="published"><classification-symbol>A42B3/046</classification-symbol><class-title date-revised="2013-01-01"><title-part><CPC-specific-text><text>Means for detecting hazards or accidents</text></CPC-specific-text></title-part></class-title></classification-item>
<classification-item breakdown-code="false" not-allocatable="false" level="11" additional-only="false" sort-key="A42B3/0466" definition-exists="false" ipc-concordant="A42B3/04" c-set-base-allowed="false" c-set-subsequent-allowed="true" date-revised="2013-01-01" status="published"><classification-symbol>A42B3/0466</classification-symbol><class-title date-revised="2013-01-01"><title-part><CPC-specific-text><text>Means for detecting that the user is wearing a helmet</text></CPC-specific-text></title-part></class-title></classification-item></classification-item>
<classification-item breakdown-code="false" not-allocatable="false" level="10" additional-only="false" sort-key="A42B3/0473" definition-exists="true" ipc-concordant="A42B3/04" c-set-base-allowed="false" c-set-subsequent-allowed="true" date-revised="2013-01-01" status="published"><classification-symbol>A42B3/0473</classification-symbol><class-title date-revised="2013-01-01"><title-part><CPC-specific-text><text>Neck restraints</text></CPC-specific-text></title-part></class-title></classification-item>
<classification-item breakdown-code="false" not-allocatable="false" level="10" additional-only="false" sort-key="A42B3/048" definition-exists="true" ipc-concordant="A42B3/04" c-set-base-allowed="false" c-set-subsequent-allowed="true" date-revised="2013-01-01" status="published"><classification-symbol>A42B3/048</classification-symbol><class-title date-revised="2013-01-01"><title-part><CPC-specific-text><text>Hydration systems</text></CPC-specific-text></title-part></class-title></classification-item>
<classification-item breakdown-code="false" not-allocatable="false" level="10" additional-only="false" sort-key="A42B3/0486" definition-exists="false" ipc-concordant="A42B3/04" c-set-base-allowed="false" c-set-subsequent-allowed="true" date-revised="2013-01-01" status="published"><classification-symbol>A42B3/0486</classification-symbol><class-title date-revised="2013-01-01"><title-part><CPC-specific-text><text>Airbags</text></CPC-specific-text></title-part></class-title></classification-item></classification-item>
<classification-item breakdown-code="false" not-allocatable="false" level="9" additional-only="false" sort-key="A42B3/0493" definition-exists="false" ipc-concordant="A42B3/04" c-set-base-allowed="false" c-set-subsequent-allowed="true" date-revised="2013-01-01" status="published"><classification-symbol>A42B3/0493</classification-symbol><class-title date-revised="2013-01-01"><title-part><CPC-specific-text><text>Aerodynamic helmets; Air guiding means therefor</text></CPC-specific-text></title-part></class-title></classification-item>
<classification-item breakdown-code="false" not-allocatable="false" level="9" additional-only="false" sort-key="A42B3/06" definition-exists="false" ipc-concordant="A42B3/06" c-set-base-allowed="false" c-set-subsequent-allowed="true" date-revised="2013-01-01" status="published"><classification-symbol>A42B3/06</classification-symbol><class-title date-revised="2013-01-01"><title-part><text>Impact-absorbing shells, e.g. of crash helmets</text></title-part></class-title>
<classification-item breakdown-code="false" not-allocatable="false" level="10" additional-only="false" sort-key="A42B3/061" definition-exists="false" ipc-concordant="A42B3/06" c-set-base-allowed="false" c-set-subsequent-allowed="true" date-revised="2013-01-01" status="published"><classification-symbol>A42B3/061</classification-symbol><class-title date-revised="2013-01-01"><title-part><CPC-specific-text><text>External coatings, e.g. with light reflective material </text><reference><text>helmet covers <class-ref scheme="cpc">A42B3/003</class-ref></text></reference></CPC-specific-text></title-part></class-title></classification-item>
<classification-item breakdown-code="false" not-allocatable="false" level="10" additional-only="false" sort-key="A42B3/062" definition-exists="false" ipc-concordant="A42B3/06" c-set-base-allowed="false" c-set-subsequent-allowed="true" date-revised="2013-01-01" status="published"><classification-symbol>A42B3/062</classification-symbol><class-title date-revised="2013-01-01"><title-part><CPC-specific-text><text>with reinforcing means</text></CPC-specific-text></title-part></class-title>
<classification-item breakdown-code="false" not-allocatable="false" level="11" additional-only="false" sort-key="A42B3/063" definition-exists="false" ipc-concordant="A42B3/06" c-set-base-allowed="false" c-set-subsequent-allowed="true" date-revised="2013-01-01" status="published"><classification-symbol>A42B3/063</classification-symbol><class-title date-revised="2013-01-01"><title-part><CPC-specific-text><text>using layered structures</text></CPC-specific-text></title-part></class-title>
<classification-item breakdown-code="false" not-allocatable="false" level="12" additional-only="false" sort-key="A42B3/064" definition-exists="false" ipc-concordant="A42B3/06" c-set-base-allowed="false" c-set-subsequent-allowed="true" date-revised="2013-01-01" status="published"><classification-symbol>A42B3/064</classification-symbol><class-title date-revised="2013-01-01"><title-part><CPC-specific-text><text>with relative movement between layers</text></CPC-specific-text></title-part></class-title></classification-item></classification-item>
<classification-item breakdown-code="false" not-allocatable="false" level="11" additional-only="false" sort-key="A42B3/065" definition-exists="false" ipc-concordant="A42B3/06" c-set-base-allowed="false" c-set-subsequent-allowed="true" date-revised="2013-01-01" status="published"><classification-symbol>A42B3/065</classification-symbol><class-title date-revised="2013-01-01"><title-part><CPC-specific-text><text>Corrugated or ribbed shells</text></CPC-specific-text></title-part></class-title></classification-item></classification-item>
<classification-item breakdown-code="false" not-allocatable="false" level="10" additional-only="false" sort-key="A42B3/066" definition-exists="false" ipc-concordant="A42B3/06" c-set-base-allowed="false" c-set-subsequent-allowed="true" date-revised="2013-01-01" status="published"><classification-symbol>A42B3/066</classification-symbol><class-title date-revised="2013-01-01"><title-part><CPC-specific-text><text>specially adapted for cycling helmets, e.g. for soft shelled helmets</text></CPC-specific-text></title-part></class-title></classification-item>
<classification-item breakdown-code="false" not-allocatable="false" level="10" additional-only="false" sort-key="A42B3/067" definition-exists="true" ipc-concordant="A42B3/06" c-set-base-allowed="false" c-set-subsequent-allowed="true" date-revised="2013-01-01" status="published"><classification-symbol>A42B3/067</classification-symbol><class-title date-revised="2013-01-01"><title-part><CPC-specific-text><text>with damage indication means</text></CPC-specific-text></title-part></class-title></classification-item>
<classification-item breakdown-code="false" not-allocatable="false" level="10" additional-only="false" sort-key="A42B3/068" definition-exists="false" ipc-concordant="A42B3/06" c-set-base-allowed="false" c-set-subsequent-allowed="true" date-revised="2013-01-01" status="published"><classification-symbol>A42B3/068</classification-symbol><class-title date-revised="2013-01-01"><title-part><CPC-specific-text><text>with preferential fracture zones</text></CPC-specific-text></title-part></class-title></classification-item>
<classification-item breakdown-code="false" not-allocatable="false" level="10" additional-only="false" sort-key="A42B3/069" definition-exists="false" ipc-concordant="A42B3/06" c-set-base-allowed="false" c-set-subsequent-allowed="true" date-revised="2013-01-01" status="published"><classification-symbol>A42B3/069</classification-symbol><class-title date-revised="2013-01-01"><title-part><CPC-specific-text><text>with soft external layer, e.g. for use in impact sports</text></CPC-specific-text></title-part></class-title></classification-item></classification-item>
<classification-item breakdown-code="false" not-allocatable="false" level="9" additional-only="false" sort-key="A42B3/08" definition-exists="false" ipc-concordant="A42B3/08" c-set-base-allowed="false" c-set-subsequent-allowed="true" date-revised="2013-01-01" status="published"><classification-symbol>A42B3/08</classification-symbol><class-title date-revised="2013-01-01"><title-part><text>Chin straps or similar retention devices</text></title-part></class-title>
<classification-item breakdown-code="false" not-allocatable="false" level="10" additional-only="false" sort-key="A42B3/085" definition-exists="false" ipc-concordant="A42B3/08" c-set-base-allowed="false" c-set-subsequent-allowed="true" date-revised="2013-01-01" status="published"><classification-symbol>A42B3/085</classification-symbol><class-title date-revised="2013-01-01"><title-part><CPC-specific-text><text>Occipital retention systems</text></CPC-specific-text></title-part></class-title></classification-item></classification-item>
<classification-item breakdown-code="false" not-allocatable="false" level="9" additional-only="false" sort-key="A42B3/10" definition-exists="false" ipc-concordant="A42B3/10" c-set-base-allowed="false" c-set-subsequent-allowed="true" date-revised="2013-01-01" status="published"><classification-symbol>A42B3/10</classification-symbol><class-title date-revised="2013-01-01"><title-part><text>Linings </text><reference><text><class-ref scheme="cpc">A42B3/16</class-ref> takes precedence</text></reference></title-part></class-title>
<classification-item breakdown-code="false" not-allocatable="false" level="10" additional-only="false" sort-key="A42B3/105" definition-exists="false" ipc-concordant="A42B3/10" c-set-base-allowed="false" c-set-subsequent-allowed="true" date-revised="2013-01-01" status="published"><classification-symbol>A42B3/105</classification-symbol><class-title date-revised="2013-01-01"><title-part><CPC-specific-text><text>with additional protection for the neck </text><reference><text>protective garments for neck or shoulder area <class-ref scheme="cpc">A41D13/0512</class-ref></text></reference></CPC-specific-text></title-part></class-title></classification-item>
<classification-item breakdown-code="false" not-allocatable="false" level="10" additional-only="false" sort-key="A42B3/12" definition-exists="false" ipc-concordant="A42B3/12" c-set-base-allowed="false" c-set-subsequent-allowed="true" date-revised="2013-01-01" status="published"><classification-symbol>A42B3/12</classification-symbol><class-title date-revised="2013-01-01"><title-part><text>Cushioning devices</text></title-part></class-title>
<classification-item breakdown-code="false" not-allocatable="false" level="11" additional-only="false" sort-key="A42B3/121" definition-exists="false" ipc-concordant="A42B3/12" c-set-base-allowed="false" c-set-subsequent-allowed="true" date-revised="2013-01-01" status="published"><classification-symbol>A42B3/121</classification-symbol><class-title date-revised="2013-01-01"><title-part><CPC-specific-text><text>with at least one layer or pad containing a fluid</text></CPC-specific-text></title-part></class-title>
<classification-item breakdown-code="false" not-allocatable="false" level="12" additional-only="false" sort-key="A42B3/122" definition-exists="false" ipc-concordant="A42B3/12" c-set-base-allowed="false" c-set-subsequent-allowed="true" date-revised="2013-01-01" status="published"><classification-symbol>A42B3/122</classification-symbol><class-title date-revised="2013-01-01"><title-part><CPC-specific-text><text>inflatable</text></CPC-specific-text></title-part></class-title></classification-item></classification-item>
<classification-item breakdown-code="false" not-allocatable="false" level="11" additional-only="false" sort-key="A42B3/124" definition-exists="false" ipc-concordant="A42B3/12" c-set-base-allowed="false" c-set-subsequent-allowed="true" date-revised="2013-01-01" status="published"><classification-symbol>A42B3/124</classification-symbol><class-title date-revised="2013-01-01"><title-part><CPC-specific-text><text>with at least one corrugated or ribbed layer</text></CPC-specific-text></title-part></class-title></classification-item>
<classification-item breakdown-code="false" not-allocatable="false" level="11" additional-only="false" sort-key="A42B3/125" definition-exists="false" ipc-concordant="A42B3/12" c-set-base-allowed="false" c-set-subsequent-allowed="true" date-revised="2013-01-01" status="published"><classification-symbol>A42B3/125</classification-symbol><class-title date-revised="2013-01-01"><title-part><CPC-specific-text><text>with a padded structure, e.g. foam</text></CPC-specific-text></title-part></class-title>
<classification-item breakdown-code="false" not-allocatable="false" level="12" additional-only="false" sort-key="A42B3/127" definition-exists="false" ipc-concordant="A42B3/12" c-set-base-allowed="false" c-set-subsequent-allowed="true" date-revised="2013-01-01" status="published"><classification-symbol>A42B3/127</classification-symbol><class-title date-revised="2013-01-01"><title-part><CPC-specific-text><text>with removable or adjustable pads</text></CPC-specific-text></title-part></class-title></classification-item>
<classification-item breakdown-code="false" not-allocatable="false" level="12" additional-only="false" sort-key="A42B3/128" definition-exists="false" ipc-concordant="A42B3/12" c-set-base-allowed="false" c-set-subsequent-allowed="true" date-revised="2013-01-01" status="published"><classification-symbol>A42B3/128</classification-symbol><class-title date-revised="2013-01-01"><title-part><CPC-specific-text><text>with zones of different density</text></CPC-specific-text></title-part></class-title></classification-item></classification-item></classification-item>
<classification-item breakdown-code="false" not-allocatable="false" level="10" additional-only="false" sort-key="A42B3/14" definition-exists="false" ipc-concordant="A42B3/14" c-set-base-allowed="false" c-set-subsequent-allowed="true" date-revised="2013-01-01" status="published"><classification-symbol>A42B3/14</classification-symbol><class-title date-revised="2013-01-01"><title-part><text>Suspension devices</text></title-part></class-title>
<classification-item breakdown-code="false" not-allocatable="false" level="11" additional-only="false" sort-key="A42B3/142" definition-exists="false" ipc-concordant="A42B3/14" c-set-base-allowed="false" c-set-subsequent-allowed="true" date-revised="2013-01-01" status="published"><classification-symbol>A42B3/142</classification-symbol><class-title date-revised="2013-01-01"><title-part><CPC-specific-text><text>with restraining or stabilizing means, e.g. nape straps </text><reference><text><class-ref scheme="cpc">A42B3/085</class-ref> takes precedence</text></reference></CPC-specific-text></title-part></class-title></classification-item>
<classification-item breakdown-code="false" not-allocatable="false" level="11" additional-only="false" sort-key="A42B3/145" definition-exists="false" ipc-concordant="A42B3/14" c-set-base-allowed="false" c-set-subsequent-allowed="true" date-revised="2013-01-01" status="published"><classification-symbol>A42B3/145</classification-symbol><class-title date-revised="2013-01-01"><title-part><CPC-specific-text><text>Size adjustment devices</text></CPC-specific-text></title-part></class-title></classification-item>
<classification-item breakdown-code="false" not-allocatable="false" level="11" additional-only="false" sort-key="A42B3/147" definition-exists="false" ipc-concordant="A42B3/14" c-set-base-allowed="false" c-set-subsequent-allowed="true" date-revised="2013-01-01" status="published"><classification-symbol>A42B3/147</classification-symbol><class-title date-revised="2013-01-01"><title-part><CPC-specific-text><text>Anchoring means</text></CPC-specific-text></title-part></class-title></classification-item></classification-item></classification-item>
<classification-item breakdown-code="false" not-allocatable="false" level="9" additional-only="false" sort-key="A42B3/16" definition-exists="true" ipc-concordant="A42B3/16" c-set-base-allowed="false" c-set-subsequent-allowed="true" date-revised="2013-01-01" status="published"><classification-symbol>A42B3/16</classification-symbol><class-title date-revised="2013-01-01"><title-part><text>Ear protection devices</text></title-part></class-title>
<classification-item breakdown-code="false" not-allocatable="false" level="10" additional-only="false" sort-key="A42B3/163" definition-exists="false" ipc-concordant="A42B3/16" c-set-base-allowed="false" c-set-subsequent-allowed="true" date-revised="2013-01-01" status="published"><classification-symbol>A42B3/163</classification-symbol><class-title date-revised="2013-01-01"><title-part><CPC-specific-text><text>Wind or noise deflectors</text></CPC-specific-text></title-part></class-title></classification-item>
<classification-item breakdown-code="false" not-allocatable="false" level="10" additional-only="false" sort-key="A42B3/166" definition-exists="false" ipc-concordant="A42B3/16" c-set-base-allowed="false" c-set-subsequent-allowed="true" date-revised="2013-01-01" status="published"><classification-symbol>A42B3/166</classification-symbol><class-title date-revised="2013-01-01"><title-part><CPC-specific-text><text>Integral hearing protection</text></CPC-specific-text></title-part></class-title></classification-item></classification-item>
<classification-item breakdown-code="false" not-allocatable="false" level="9" additional-only="false" sort-key="A42B3/18" definition-exists="true" ipc-concordant="A42B3/18" c-set-base-allowed="false" c-set-subsequent-allowed="true" date-revised="2013-01-01" status="published"><classification-symbol>A42B3/18</classification-symbol><class-title date-revised="2013-01-01"><title-part><text>Face protection devices</text></title-part></class-title>
<classification-item breakdown-code="false" not-allocatable="false" level="10" additional-only="false" sort-key="A42B3/185" definition-exists="true" ipc-concordant="A42B3/18" c-set-base-allowed="false" c-set-subsequent-allowed="true" date-revised="2013-01-01" status="published"><classification-symbol>A42B3/185</classification-symbol><class-title date-revised="2013-01-01"><title-part><CPC-specific-text><text>Securing goggles or spectacles on helmet shells</text></CPC-specific-text></title-part></class-title></classification-item>
<classification-item breakdown-code="false" not-allocatable="false" level="10" additional-only="false" sort-key="A42B3/20" definition-exists="false" ipc-concordant="A42B3/20" c-set-base-allowed="false" c-set-subsequent-allowed="true" date-revised="2013-01-01" status="published"><classification-symbol>A42B3/20</classification-symbol><class-title date-revised="2013-01-01"><title-part><text>Face guards, e.g. for ice hockey </text><reference><text><class-ref scheme="cpc">A42B3/22</class-ref> takes precedence</text></reference></title-part></class-title>
<classification-item breakdown-code="false" not-allocatable="false" level="11" additional-only="false" sort-key="A42B3/205" definition-exists="false" ipc-concordant="A42B3/20" c-set-base-allowed="false" c-set-subsequent-allowed="true" date-revised="2013-01-01" status="published"><classification-symbol>A42B3/205</classification-symbol><class-title date-revised="2013-01-01"><title-part><CPC-specific-text><text>Chin protectors</text></CPC-specific-text></title-part></class-title></classification-item></classification-item>
<classification-item breakdown-code="false" not-allocatable="false" level="10" additional-only="false" sort-key="A42B3/22" definition-exists="false" ipc-concordant="A42B3/22" c-set-base-allowed="false" c-set-subsequent-allowed="true" date-revised="2013-01-01" status="published"><classification-symbol>A42B3/22</classification-symbol><class-title date-revised="2013-01-01"><title-part><text>Visors</text></title-part></class-title>
<classification-item breakdown-code="false" not-allocatable="false" level="11" additional-only="false" sort-key="A42B3/221" definition-exists="false" ipc-concordant="A42B3/22" c-set-base-allowed="false" c-set-subsequent-allowed="true" date-revised="2013-01-01" status="published"><classification-symbol>A42B3/221</classification-symbol><class-title date-revised="2013-01-01"><title-part><CPC-specific-text><text>Attaching visors to helmet shells, e.g. on motorcycle helmets</text></CPC-specific-text></title-part></class-title>
<classification-item breakdown-code="false" not-allocatable="false" level="12" additional-only="false" sort-key="A42B3/222" definition-exists="false" ipc-concordant="A42B3/22" c-set-base-allowed="false" c-set-subsequent-allowed="true" date-revised="2013-01-01" status="published"><classification-symbol>A42B3/222</classification-symbol><class-title date-revised="2013-01-01"><title-part><CPC-specific-text><text>in an articulated manner, e.g. hinge devices</text></CPC-specific-text></title-part></class-title>
<classification-item breakdown-code="false" not-allocatable="false" level="13" additional-only="false" sort-key="A42B3/223" definition-exists="false" ipc-concordant="A42B3/22" c-set-base-allowed="false" c-set-subsequent-allowed="true" date-revised="2013-01-01" status="published"><classification-symbol>A42B3/223</classification-symbol><class-title date-revised="2013-01-01"><title-part><CPC-specific-text><text>with means for locking the visor in a fully open, intermediate or closed position</text></CPC-specific-text></title-part></class-title></classification-item></classification-item>
<classification-item breakdown-code="false" not-allocatable="false" level="12" additional-only="false" sort-key="A42B3/224" definition-exists="false" ipc-concordant="A42B3/22" c-set-base-allowed="false" c-set-subsequent-allowed="true" date-revised="2013-01-01" status="published"><classification-symbol>A42B3/224</classification-symbol><class-title date-revised="2013-01-01"><title-part><CPC-specific-text><text>with electrical actuation means</text></CPC-specific-text></title-part></class-title></classification-item></classification-item>
<classification-item breakdown-code="false" not-allocatable="false" level="11" additional-only="false" sort-key="A42B3/225" definition-exists="false" ipc-concordant="A42B3/22" c-set-base-allowed="false" c-set-subsequent-allowed="true" date-revised="2013-01-01" status="published"><classification-symbol>A42B3/225</classification-symbol><class-title date-revised="2013-01-01"><title-part><CPC-specific-text><text>with full face protection, e.g. for industrial safety applications</text></CPC-specific-text></title-part></class-title></classification-item>
<classification-item breakdown-code="false" not-allocatable="false" level="11" additional-only="false" sort-key="A42B3/226" definition-exists="false" ipc-concordant="A42B3/22" c-set-base-allowed="false" c-set-subsequent-allowed="true" date-revised="2013-01-01" status="published"><classification-symbol>A42B3/226</classification-symbol><class-title date-revised="2013-01-01"><title-part><CPC-specific-text><text>with sunscreens, e.g. tinted or dual visor</text></CPC-specific-text></title-part></class-title></classification-item>
<classification-item breakdown-code="false" not-allocatable="false" level="11" additional-only="false" sort-key="A42B3/227" definition-exists="false" ipc-concordant="A42B3/22" c-set-base-allowed="false" c-set-subsequent-allowed="true" date-revised="2013-01-01" status="published"><classification-symbol>A42B3/227</classification-symbol><class-title date-revised="2013-01-01"><title-part><CPC-specific-text><text>with sun visors, e.g. peaks above face opening</text></CPC-specific-text></title-part></class-title></classification-item>
<classification-item breakdown-code="false" not-allocatable="false" level="11" additional-only="false" sort-key="A42B3/228" definition-exists="false" ipc-concordant="A42B3/22" c-set-base-allowed="false" c-set-subsequent-allowed="true" date-revised="2013-01-01" status="published"><classification-symbol>A42B3/228</classification-symbol><class-title date-revised="2013-01-01"><title-part><CPC-specific-text><text>for military or aviation applications </text><reference><text>protection helmets <class-ref scheme="cpc">F41H1/04</class-ref>; breathing masks or helmets <class-ref scheme="cpc">A62B18/00</class-ref></text></reference></CPC-specific-text></title-part></class-title></classification-item>
<classification-item breakdown-code="false" not-allocatable="false" level="11" additional-only="false" sort-key="A42B3/24" definition-exists="false" ipc-concordant="A42B3/24" c-set-base-allowed="false" c-set-subsequent-allowed="true" date-revised="2013-01-01" status="published"><classification-symbol>A42B3/24</classification-symbol><class-title date-revised="2013-01-01"><title-part><text>with means for avoiding fogging or misting</text></title-part></class-title>
<classification-item breakdown-code="false" not-allocatable="false" level="12" additional-only="false" sort-key="A42B3/245" definition-exists="false" ipc-concordant="A42B3/24" c-set-base-allowed="false" c-set-subsequent-allowed="true" date-revised="2013-01-01" status="published"><classification-symbol>A42B3/245</classification-symbol><class-title date-revised="2013-01-01"><title-part><CPC-specific-text><text>using means for heating, e.g. electric heating of the visor</text></CPC-specific-text></title-part></class-title></classification-item></classification-item>
<classification-item breakdown-code="false" not-allocatable="false" level="11" additional-only="false" sort-key="A42B3/26" definition-exists="false" ipc-concordant="A42B3/26" c-set-base-allowed="false" c-set-subsequent-allowed="true" date-revised="2017-08-01" status="published"><classification-symbol>A42B3/26</classification-symbol><class-title date-revised="2017-08-01"><title-part><text>with cleaning means, e.g. wipers </text><CPC-specific-text><text>; Movable or interchangeable vision films or sheets</text></CPC-specific-text></title-part></class-title></classification-item></classification-item></classification-item>
<classification-item breakdown-code="false" not-allocatable="false" level="9" additional-only="false" sort-key="A42B3/28" definition-exists="false" ipc-concordant="A42B3/28" c-set-base-allowed="false" c-set-subsequent-allowed="true" date-revised="2013-01-01" status="published"><classification-symbol>A42B3/28</classification-symbol><class-title date-revised="2013-01-01"><title-part><text>Ventilating arrangements </text><reference><text><class-ref scheme="cpc">A42B3/24</class-ref> takes precedence</text></reference></title-part></class-title>
<classification-item breakdown-code="false" not-allocatable="false" level="10" additional-only="false" sort-key="A42B3/281" definition-exists="false" ipc-concordant="A42B3/28" c-set-base-allowed="false" c-set-subsequent-allowed="true" date-revised="2013-01-01" status="published"><classification-symbol>A42B3/281</classification-symbol><class-title date-revised="2013-01-01"><title-part><CPC-specific-text><text>Air ducting systems</text></CPC-specific-text></title-part></class-title>
<classification-item breakdown-code="false" not-allocatable="false" level="11" additional-only="false" sort-key="A42B3/283" definition-exists="false" ipc-concordant="A42B3/28" c-set-base-allowed="false" c-set-subsequent-allowed="true" date-revised="2013-01-01" status="published"><classification-symbol>A42B3/283</classification-symbol><class-title date-revised="2013-01-01"><title-part><CPC-specific-text><text>Air inlets or outlets, with or without closure shutters</text></CPC-specific-text></title-part></class-title></classification-item></classification-item>
<classification-item breakdown-code="false" not-allocatable="false" level="10" additional-only="false" sort-key="A42B3/285" definition-exists="false" ipc-concordant="A42B3/28" c-set-base-allowed="false" c-set-subsequent-allowed="true" date-revised="2013-01-01" status="published"><classification-symbol>A42B3/285</classification-symbol><class-title date-revised="2013-01-01"><title-part><CPC-specific-text><text>with additional heating or cooling means</text></CPC-specific-text></title-part></class-title></classification-item>
<classification-item breakdown-code="false" not-allocatable="false" level="10" additional-only="false" sort-key="A42B3/286" definition-exists="false" ipc-concordant="A42B3/28" c-set-base-allowed="false" c-set-subsequent-allowed="true" date-revised="2013-01-01" status="published"><classification-symbol>A42B3/286</classification-symbol><class-title date-revised="2013-01-01"><title-part><CPC-specific-text><text>with forced flow, e.g. by a fan</text></CPC-specific-text></title-part></class-title></classification-item>
<classification-item breakdown-code="false" not-allocatable="false" level="10" additional-only="false" sort-key="A42B3/288" definition-exists="false" ipc-concordant="A42B3/28" c-set-base-allowed="false" c-set-subsequent-allowed="true" date-revised="2013-01-01" status="published"><classification-symbol>A42B3/288</classification-symbol><class-title date-revised="2013-01-01"><title-part><CPC-specific-text><text>with means for attaching respirators or breathing masks</text></CPC-specific-text></title-part></class-title></classification-item></classification-item>
<classification-item breakdown-code="false" not-allocatable="false" level="9" additional-only="false" sort-key="A42B3/30" definition-exists="true" ipc-concordant="A42B3/30" c-set-base-allowed="false" c-set-subsequent-allowed="true" date-revised="2021-01-01" status="published"><classification-symbol>A42B3/30</classification-symbol><class-title date-revised="2021-01-01"><title-part><text>Mounting radio sets or communication systems</text></title-part></class-title>
<classification-item breakdown-code="false" not-allocatable="false" level="10" additional-only="false" sort-key="A42B3/303" definition-exists="false" ipc-concordant="A42B3/30" c-set-base-allowed="false" c-set-subsequent-allowed="true" date-revised="2013-01-01" status="published"><classification-symbol>A42B3/303</classification-symbol><class-title date-revised="2013-01-01"><title-part><CPC-specific-text><text>Communication between riders or passengers</text></CPC-specific-text></title-part></class-title></classification-item>
<classification-item breakdown-code="false" not-allocatable="false" level="10" additional-only="false" sort-key="A42B3/306" definition-exists="false" ipc-concordant="A42B3/30" c-set-base-allowed="false" c-set-subsequent-allowed="true" date-revised="2013-01-01" status="published"><classification-symbol>A42B3/306</classification-symbol><class-title date-revised="2013-01-01"><title-part><CPC-specific-text><text>Audio entertainment systems</text></CPC-specific-text></title-part></class-title></classification-item></classification-item></classification-item>
<classification-item breakdown-code="false" not-allocatable="false" level="8" additional-only="false" sort-key="A42B3/32" definition-exists="false" ipc-concordant="A42B3/32" c-set-base-allowed="false" c-set-subsequent-allowed="true" date-revised="2021-01-01" status="published"><classification-symbol>A42B3/32</classification-symbol><class-title date-revised="2021-01-01"><title-part><text>Collapsible helmets</text></title-part><title-part><text>Helmets made of separable parts </text><CPC-specific-text><text>; Helmets with movable parts, e.g. adjustable</text></CPC-specific-text></title-part></class-title>
<classification-item breakdown-code="false" not-allocatable="false" level="9" additional-only="false" sort-key="A42B3/322" definition-exists="false" ipc-concordant="A42B3/32" c-set-base-allowed="false" c-set-subsequent-allowed="true" date-revised="2013-01-01" status="published"><classification-symbol>A42B3/322</classification-symbol><class-title date-revised="2013-01-01"><title-part><CPC-specific-text><text>Collapsible helmets</text></CPC-specific-text></title-part></class-title></classification-item>
<classification-item breakdown-code="false" not-allocatable="false" level="9" additional-only="false" sort-key="A42B3/324" definition-exists="false" ipc-concordant="A42B3/32" c-set-base-allowed="false" c-set-subsequent-allowed="true" date-revised="2013-01-01" status="published"><classification-symbol>A42B3/324</classification-symbol><class-title date-revised="2013-01-01"><title-part><CPC-specific-text><text>Adjustable helmets</text></CPC-specific-text></title-part></class-title></classification-item>
<classification-item breakdown-code="false" not-allocatable="false" level="9" additional-only="false" sort-key="A42B3/326" definition-exists="false" ipc-concordant="A42B3/32" c-set-base-allowed="false" c-set-subsequent-allowed="true" date-revised="2013-01-01" status="published"><classification-symbol>A42B3/326</classification-symbol><class-title date-revised="2013-01-01"><title-part><CPC-specific-text><text>Helmets with movable or separable chin or jaw guard</text></CPC-specific-text></title-part></class-title></classification-item>
<classification-item breakdown-code="false" not-allocatable="false" level="9" additional-only="false" sort-key="A42B3/328" definition-exists="false" ipc-concordant="A42B3/32" c-set-base-allowed="false" c-set-subsequent-allowed="true" date-revised="2013-01-01" status="published"><classification-symbol>A42B3/328</classification-symbol><class-title date-revised="2013-01-01"><title-part><CPC-specific-text><text>with means to facilitate removal, e.g. after an accident</text></CPC-specific-text></title-part></class-title></classification-item></classification-item></classification-item>
<classification-item breakdown-code="false" not-allocatable="false" level="7" additional-only="false" sort-key="A42B5/00" definition-exists="false" ipc-concordant="A42B5/00" c-set-base-allowed="false" c-set-subsequent-allowed="true" date-revised="2013-01-01" status="published"><classification-symbol>A42B5/00</classification-symbol><class-title date-revised="2013-01-01"><title-part><text>Veils</text></title-part><title-part><text>Holders for veils</text></title-part></class-title></classification-item>
<classification-item breakdown-code="false" not-allocatable="false" level="7" additional-only="false" sort-key="A42B7/00" definition-exists="true" ipc-concordant="A42B7/00" c-set-base-allowed="false" c-set-subsequent-allowed="true" date-revised="2013-01-01" status="published"><classification-symbol>A42B7/00</classification-symbol><class-title date-revised="2013-01-01"><title-part><text>Fastening means for head coverings</text></title-part><title-part><text>Elastic cords</text></title-part><title-part><text>Ladies&apos; hat fasteners </text><reference><text>hat-pins <class-ref scheme="cpc">A44B9/06</class-ref></text></reference></title-part></class-title></classification-item></classification-item></classification-item></class-scheme>