<?xml version="1.0" encoding="UTF-8"?>
<class-scheme publication-date="2021-05-01" scheme-type="cpc" publication-type="official">
<classification-item breakdown-code="false" not-allocatable="true" level="5" additional-only="false" sort-key="G03D" definition-exists="true" date-revised="2018-08-01" status="published"><classification-symbol>G03D</classification-symbol><class-title date-revised="2013-01-01"><title-part><text>APPARATUS FOR PROCESSING EXPOSED PHOTOGRAPHIC MATERIALS </text><reference><text>apparatus specially adapted for photomechanical production of textured or patterned surfaces <class-ref scheme="cpc">G03F</class-ref></text></reference></title-part><title-part><text>ACCESSORIES THEREFOR </text><reference><text>photosensitive materials or processes for photographic purposes <class-ref scheme="cpc">G03C</class-ref>; electrographic, electrophotographic, or magnetographic methods or apparatus <class-ref scheme="cpc">G03G</class-ref></text></reference></title-part></class-title><notes-and-warnings><note type="warning"><note-paragraph>In this subclass non-limiting references (in the sense of paragraph 39 of the Guide to the IPC) may still be displayed in the scheme.</note-paragraph></note></notes-and-warnings>
<classification-item breakdown-code="false" not-allocatable="true" level="6" additional-only="false" sort-key="G03D3/00" date-revised="2013-01-01" status="published"><classification-symbol>G03D3/00</classification-symbol>
<classification-item breakdown-code="false" not-allocatable="false" level="7" additional-only="false" sort-key="G03D3/00" definition-exists="true" ipc-concordant="G03D3/00" c-set-base-allowed="false" c-set-subsequent-allowed="true" date-revised="2017-08-01" status="published"><classification-symbol>G03D3/00</classification-symbol><class-title date-revised="2017-08-01"><title-part><text>Liquid processing apparatus involving immersion</text></title-part><title-part><text>Washing apparatus involving immersion </text><reference><text><class-ref scheme="cpc">G03D9/00</class-ref>, <class-ref scheme="cpc">G03D11/00</class-ref> take precedence</text></reference></title-part></class-title>
<classification-item breakdown-code="false" not-allocatable="false" level="8" additional-only="false" sort-key="G03D3/02" definition-exists="false" ipc-concordant="G03D3/02" c-set-base-allowed="false" c-set-subsequent-allowed="true" date-revised="2013-01-01" status="published"><classification-symbol>G03D3/02</classification-symbol><class-title date-revised="2013-01-01"><title-part><text>Details of liquid circulation</text></title-part></class-title>
<classification-item breakdown-code="false" not-allocatable="false" level="9" additional-only="false" sort-key="G03D3/04" definition-exists="true" ipc-concordant="G03D3/04" c-set-base-allowed="false" c-set-subsequent-allowed="true" date-revised="2013-01-01" status="published"><classification-symbol>G03D3/04</classification-symbol><class-title date-revised="2013-01-01"><title-part><text>Liquid agitators </text><reference><text>in general <class-ref scheme="cpc">B01F</class-ref></text></reference></title-part></class-title></classification-item>
<classification-item breakdown-code="false" not-allocatable="false" level="9" additional-only="false" sort-key="G03D3/06" definition-exists="false" ipc-concordant="G03D3/06" c-set-base-allowed="false" c-set-subsequent-allowed="true" date-revised="2013-01-01" status="published"><classification-symbol>G03D3/06</classification-symbol><class-title date-revised="2013-01-01"><title-part><text>Liquid supply</text></title-part><title-part><text>Liquid circulation outside tanks</text></title-part></class-title>
<classification-item breakdown-code="false" not-allocatable="false" level="10" additional-only="false" sort-key="G03D3/065" definition-exists="true" ipc-concordant="G03D3/06" c-set-base-allowed="false" c-set-subsequent-allowed="true" date-revised="2013-01-01" status="published"><classification-symbol>G03D3/065</classification-symbol><class-title date-revised="2013-01-01"><title-part><CPC-specific-text><text>replenishment or recovery apparatus</text></CPC-specific-text></title-part></class-title></classification-item></classification-item></classification-item>
<classification-item breakdown-code="false" not-allocatable="false" level="8" additional-only="false" sort-key="G03D3/08" definition-exists="false" ipc-concordant="G03D3/08" c-set-base-allowed="false" c-set-subsequent-allowed="true" date-revised="2013-01-01" status="published"><classification-symbol>G03D3/08</classification-symbol><class-title date-revised="2013-01-01"><title-part><text>having progressive mechanical movement of exposed material</text></title-part></class-title>
<classification-item breakdown-code="false" not-allocatable="false" level="9" additional-only="false" sort-key="G03D3/10" definition-exists="false" ipc-concordant="G03D3/10" c-set-base-allowed="false" c-set-subsequent-allowed="true" date-revised="2013-01-01" status="published"><classification-symbol>G03D3/10</classification-symbol><class-title date-revised="2013-01-01"><title-part><text>for plates, films, or prints held individually</text></title-part></class-title></classification-item>
<classification-item breakdown-code="false" not-allocatable="false" level="9" additional-only="false" sort-key="G03D3/12" definition-exists="false" ipc-concordant="G03D3/12" c-set-base-allowed="false" c-set-subsequent-allowed="true" date-revised="2016-05-01" status="published"><classification-symbol>G03D3/12</classification-symbol><class-title date-revised="2016-05-01"><title-part><text>for plates, films or prints spread onto belt conveyors</text></title-part></class-title></classification-item>
<classification-item breakdown-code="false" not-allocatable="false" level="9" additional-only="false" sort-key="G03D3/13" definition-exists="true" ipc-concordant="G03D3/13" c-set-base-allowed="false" c-set-subsequent-allowed="true" date-revised="2013-01-01" status="published"><classification-symbol>G03D3/13</classification-symbol><class-title date-revised="2013-01-01"><title-part><text>for long films or prints in the shape of strips, e.g. fed by roller assembly</text></title-part></class-title>
<classification-item breakdown-code="false" not-allocatable="false" level="10" additional-only="false" sort-key="G03D3/132" definition-exists="true" ipc-concordant="G03D3/13" c-set-base-allowed="false" c-set-subsequent-allowed="true" date-revised="2013-01-01" status="published"><classification-symbol>G03D3/132</classification-symbol><class-title date-revised="2013-01-01"><title-part><CPC-specific-text><text>fed by roller assembly</text></CPC-specific-text></title-part></class-title></classification-item>
<classification-item breakdown-code="false" not-allocatable="false" level="10" additional-only="false" sort-key="G03D3/135" definition-exists="false" ipc-concordant="G03D3/13" c-set-base-allowed="false" c-set-subsequent-allowed="true" date-revised="2013-01-01" status="published"><classification-symbol>G03D3/135</classification-symbol><class-title date-revised="2013-01-01"><title-part><CPC-specific-text><text>fed between chains or belts, or with a leading strip</text></CPC-specific-text></title-part></class-title>
<classification-item breakdown-code="false" not-allocatable="false" level="11" additional-only="false" sort-key="G03D3/137" definition-exists="false" ipc-concordant="G03D3/13" c-set-base-allowed="false" c-set-subsequent-allowed="true" date-revised="2013-01-01" status="published"><classification-symbol>G03D3/137</classification-symbol><class-title date-revised="2013-01-01"><title-part><CPC-specific-text><text>provided with transport speed regulation</text></CPC-specific-text></title-part></class-title></classification-item></classification-item>
<classification-item breakdown-code="false" not-allocatable="false" level="10" additional-only="false" sort-key="G03D3/14" definition-exists="false" ipc-concordant="G03D3/14" c-set-base-allowed="false" c-set-subsequent-allowed="true" date-revised="2013-01-01" status="published"><classification-symbol>G03D3/14</classification-symbol><class-title date-revised="2013-01-01"><title-part><text>with means for taking into account of elongation or contraction of films</text></title-part></class-title></classification-item></classification-item></classification-item>
<classification-item breakdown-code="false" not-allocatable="false" level="8" additional-only="false" sort-key="G03D3/16" definition-exists="false" ipc-concordant="G03D3/16" c-set-base-allowed="false" c-set-subsequent-allowed="true" date-revised="2013-01-01" status="published"><classification-symbol>G03D3/16</classification-symbol><class-title date-revised="2013-01-01"><title-part><text>Treating exposed material in original holder</text></title-part></class-title></classification-item></classification-item>
<classification-item breakdown-code="false" not-allocatable="false" level="7" additional-only="false" sort-key="G03D5/00" definition-exists="true" ipc-concordant="G03D5/00" c-set-base-allowed="false" c-set-subsequent-allowed="true" date-revised="2013-01-01" status="published"><classification-symbol>G03D5/00</classification-symbol><class-title date-revised="2013-01-01"><title-part><text>Liquid processing apparatus in which no immersion is effected</text></title-part><title-part><text>Washing apparatus in which no immersion is effected </text><reference><text><class-ref scheme="cpc">G11B9/00</class-ref>, <class-ref scheme="cpc">G11B11/00</class-ref> take precedence; application of liquids in general <class-ref scheme="cpc">B05</class-ref></text></reference></title-part></class-title>
<classification-item breakdown-code="false" not-allocatable="false" level="8" additional-only="false" sort-key="G03D5/003" definition-exists="false" ipc-concordant="G03D5/00" c-set-base-allowed="false" c-set-subsequent-allowed="true" date-revised="2013-01-01" status="published"><classification-symbol>G03D5/003</classification-symbol><class-title date-revised="2013-01-01"><title-part><CPC-specific-text><text>film surface only souching the liquid</text></CPC-specific-text></title-part></class-title></classification-item>
<classification-item breakdown-code="false" not-allocatable="false" level="8" additional-only="false" sort-key="G03D5/006" definition-exists="false" ipc-concordant="G03D5/00" c-set-base-allowed="false" c-set-subsequent-allowed="true" date-revised="2013-01-01" status="published"><classification-symbol>G03D5/006</classification-symbol><class-title date-revised="2013-01-01"><title-part><CPC-specific-text><text>Liquid supply by means of a split or a capillarity </text><reference><text><class-ref scheme="cpc">G03D5/04</class-ref> takes precedence</text></reference></CPC-specific-text></title-part></class-title></classification-item>
<classification-item breakdown-code="false" not-allocatable="false" level="8" additional-only="false" sort-key="G03D5/02" definition-exists="false" ipc-concordant="G03D5/02" c-set-base-allowed="false" c-set-subsequent-allowed="true" date-revised="2013-01-01" status="published"><classification-symbol>G03D5/02</classification-symbol><class-title date-revised="2013-01-01"><title-part><text>using rupturable ampoules of liquid</text></title-part></class-title></classification-item>
<classification-item breakdown-code="false" not-allocatable="false" level="8" additional-only="false" sort-key="G03D5/04" definition-exists="true" ipc-concordant="G03D5/04" c-set-base-allowed="false" c-set-subsequent-allowed="true" date-revised="2013-01-01" status="published"><classification-symbol>G03D5/04</classification-symbol><class-title date-revised="2013-01-01"><title-part><text>using liquid sprays </text><reference><text>liquid sprayers <u>per se</u> <class-ref scheme="cpc">B05B</class-ref></text></reference></title-part></class-title></classification-item>
<classification-item breakdown-code="false" not-allocatable="false" level="8" additional-only="false" sort-key="G03D5/06" definition-exists="false" ipc-concordant="G03D5/06" c-set-base-allowed="false" c-set-subsequent-allowed="true" date-revised="2013-01-01" status="published"><classification-symbol>G03D5/06</classification-symbol><class-title date-revised="2013-01-01"><title-part><text>Applicator pads, rollers or strips</text></title-part></class-title>
<classification-item breakdown-code="false" not-allocatable="false" level="9" additional-only="false" sort-key="G03D5/062" definition-exists="false" ipc-concordant="G03D5/06" c-set-base-allowed="false" c-set-subsequent-allowed="true" date-revised="2013-01-01" status="published"><classification-symbol>G03D5/062</classification-symbol><class-title date-revised="2013-01-01"><title-part><CPC-specific-text><text>Strips</text></CPC-specific-text></title-part></class-title></classification-item>
<classification-item breakdown-code="false" not-allocatable="false" level="9" additional-only="false" sort-key="G03D5/065" definition-exists="false" ipc-concordant="G03D5/06" c-set-base-allowed="false" c-set-subsequent-allowed="true" date-revised="2013-01-01" status="published"><classification-symbol>G03D5/065</classification-symbol><class-title date-revised="2013-01-01"><title-part><CPC-specific-text><text>Pads</text></CPC-specific-text></title-part></class-title></classification-item>
<classification-item breakdown-code="false" not-allocatable="false" level="9" additional-only="false" sort-key="G03D5/067" definition-exists="false" ipc-concordant="G03D5/06" c-set-base-allowed="false" c-set-subsequent-allowed="true" date-revised="2013-01-01" status="published"><classification-symbol>G03D5/067</classification-symbol><class-title date-revised="2013-01-01"><title-part><CPC-specific-text><text>Rollers</text></CPC-specific-text></title-part></class-title></classification-item></classification-item></classification-item>
<classification-item breakdown-code="false" not-allocatable="false" level="7" additional-only="false" sort-key="G03D7/00" definition-exists="true" ipc-concordant="G03D7/00" c-set-base-allowed="false" c-set-subsequent-allowed="true" date-revised="2013-01-01" status="published"><classification-symbol>G03D7/00</classification-symbol><class-title date-revised="2013-01-01"><title-part><text>Gas processing apparatus</text></title-part></class-title></classification-item>
<classification-item breakdown-code="false" not-allocatable="false" level="7" additional-only="false" sort-key="G03D9/00" definition-exists="true" ipc-concordant="G03D9/00" c-set-base-allowed="false" c-set-subsequent-allowed="true" date-revised="2013-01-01" status="published"><classification-symbol>G03D9/00</classification-symbol><class-title date-revised="2013-01-01"><title-part><text>Diffusion development apparatus</text></title-part></class-title>
<classification-item breakdown-code="false" not-allocatable="false" level="8" additional-only="false" sort-key="G03D9/003" definition-exists="false" ipc-concordant="G03D9/00" c-set-base-allowed="false" c-set-subsequent-allowed="true" date-revised="2013-01-01" status="published"><classification-symbol>G03D9/003</classification-symbol><class-title date-revised="2013-01-01"><title-part><CPC-specific-text><text>for colour films </text><reference><text><class-ref scheme="cpc">G03D9/02</class-ref> takes precedence</text></reference></CPC-specific-text></title-part></class-title></classification-item>
<classification-item breakdown-code="false" not-allocatable="false" level="8" additional-only="false" sort-key="G03D9/006" definition-exists="false" ipc-concordant="G03D9/00" c-set-base-allowed="false" c-set-subsequent-allowed="true" date-revised="2016-08-01" status="published"><classification-symbol>G03D9/006</classification-symbol><class-title date-revised="2016-08-01"><title-part><CPC-specific-text><text>using heat </text><reference><text><class-ref scheme="cpc">G11B9/02</class-ref> takes precedence</text></reference></CPC-specific-text></title-part></class-title></classification-item>
<classification-item breakdown-code="false" not-allocatable="false" level="8" additional-only="false" sort-key="G03D9/02" definition-exists="false" ipc-concordant="G03D9/02" c-set-base-allowed="false" c-set-subsequent-allowed="true" date-revised="2013-01-01" status="published"><classification-symbol>G03D9/02</classification-symbol><class-title date-revised="2013-01-01"><title-part><text>using rupturable ampoules of liquid</text></title-part></class-title>
<classification-item breakdown-code="false" not-allocatable="false" level="9" additional-only="false" sort-key="G03D9/025" definition-exists="false" ipc-concordant="G03D9/02" c-set-base-allowed="false" c-set-subsequent-allowed="true" date-revised="2013-01-01" status="published"><classification-symbol>G03D9/025</classification-symbol><class-title date-revised="2013-01-01"><title-part><CPC-specific-text><text>for colour films</text></CPC-specific-text></title-part></class-title></classification-item></classification-item></classification-item>
<classification-item breakdown-code="false" not-allocatable="false" level="7" additional-only="false" sort-key="G03D11/00" definition-exists="true" ipc-concordant="G03D11/00" c-set-base-allowed="false" c-set-subsequent-allowed="true" date-revised="2013-01-01" status="published"><classification-symbol>G03D11/00</classification-symbol><class-title date-revised="2013-01-01"><title-part><text>Reversal processing apparatus</text></title-part></class-title></classification-item>
<classification-item breakdown-code="false" not-allocatable="false" level="7" additional-only="false" sort-key="G03D13/00" definition-exists="true" ipc-concordant="G03D13/00" c-set-base-allowed="false" c-set-subsequent-allowed="true" date-revised="2016-05-01" status="published"><classification-symbol>G03D13/00</classification-symbol><class-title date-revised="2016-05-01"><title-part><text>Processing apparatus or accessories therefor, not covered by groups <class-ref scheme="cpc">G11B3/00</class-ref>&#160;-&#160;<class-ref scheme="cpc">G11B11/00</class-ref></text></title-part></class-title>
<classification-item breakdown-code="false" not-allocatable="false" level="8" additional-only="false" sort-key="G03D13/001" definition-exists="false" ipc-concordant="G03D13/00" c-set-base-allowed="false" c-set-subsequent-allowed="true" date-revised="2013-01-01" status="published"><classification-symbol>G03D13/001</classification-symbol><class-title date-revised="2013-01-01"><title-part><CPC-specific-text><text>Cassette breaking apparatus</text></CPC-specific-text></title-part></class-title></classification-item>
<classification-item breakdown-code="false" not-allocatable="false" level="8" additional-only="false" sort-key="G03D13/002" definition-exists="false" ipc-concordant="G03D13/00" c-set-base-allowed="false" c-set-subsequent-allowed="true" date-revised="2013-01-01" status="published"><classification-symbol>G03D13/002</classification-symbol><class-title date-revised="2013-01-01"><title-part><CPC-specific-text><text>Heat development apparatus, e.g. Kalvar</text></CPC-specific-text></title-part></class-title></classification-item>
<classification-item breakdown-code="false" not-allocatable="false" level="8" additional-only="false" sort-key="G03D13/003" definition-exists="false" ipc-concordant="G03D13/00" c-set-base-allowed="false" c-set-subsequent-allowed="true" date-revised="2013-01-01" status="published"><classification-symbol>G03D13/003</classification-symbol><class-title date-revised="2013-01-01"><title-part><CPC-specific-text><text>Film feed or extraction in development apparatus</text></CPC-specific-text></title-part></class-title>
<classification-item breakdown-code="false" not-allocatable="false" level="9" additional-only="false" sort-key="G03D13/005" definition-exists="false" ipc-concordant="G03D13/00" c-set-base-allowed="false" c-set-subsequent-allowed="true" date-revised="2013-01-01" status="published"><classification-symbol>G03D13/005</classification-symbol><class-title date-revised="2013-01-01"><title-part><CPC-specific-text><text>Extraction out of a cassette and splicing of the film before feeding in a development apparatus</text></CPC-specific-text></title-part></class-title></classification-item></classification-item>
<classification-item breakdown-code="false" not-allocatable="false" level="8" additional-only="false" sort-key="G03D13/006" definition-exists="false" ipc-concordant="G03D13/00" c-set-base-allowed="false" c-set-subsequent-allowed="true" date-revised="2013-01-01" status="published"><classification-symbol>G03D13/006</classification-symbol><class-title date-revised="2013-01-01"><title-part><CPC-specific-text><text>Temperature control of the developer</text></CPC-specific-text></title-part></class-title></classification-item>
<classification-item breakdown-code="false" not-allocatable="false" level="8" additional-only="false" sort-key="G03D13/007" definition-exists="false" ipc-concordant="G03D13/00" c-set-base-allowed="false" c-set-subsequent-allowed="true" date-revised="2013-01-01" status="published"><classification-symbol>G03D13/007</classification-symbol><class-title date-revised="2013-01-01"><title-part><CPC-specific-text><text>Processing control, e.g. test strip, timing devices</text></CPC-specific-text></title-part></class-title></classification-item>
<classification-item breakdown-code="false" not-allocatable="false" level="8" additional-only="false" sort-key="G03D13/008" definition-exists="false" ipc-concordant="G03D13/00" c-set-base-allowed="false" c-set-subsequent-allowed="true" date-revised="2013-01-01" status="published"><classification-symbol>G03D13/008</classification-symbol><class-title date-revised="2013-01-01"><title-part><CPC-specific-text><text>Safety systems</text></CPC-specific-text></title-part></class-title></classification-item>
<classification-item breakdown-code="false" not-allocatable="false" level="8" additional-only="false" sort-key="G03D13/02" definition-exists="true" ipc-concordant="G03D13/02" c-set-base-allowed="false" c-set-subsequent-allowed="true" date-revised="2013-01-01" status="published"><classification-symbol>G03D13/02</classification-symbol><class-title date-revised="2013-01-01"><title-part><text>Containers</text></title-part><title-part><text>Holding-devices</text></title-part></class-title>
<classification-item breakdown-code="false" not-allocatable="false" level="9" additional-only="false" sort-key="G03D13/04" definition-exists="false" ipc-concordant="G03D13/04" c-set-base-allowed="false" c-set-subsequent-allowed="true" date-revised="2013-01-01" status="published"><classification-symbol>G03D13/04</classification-symbol><class-title date-revised="2013-01-01"><title-part><text>Trays</text></title-part><title-part><text>Dishes</text></title-part><title-part><text>Tanks </text><CPC-specific-text><text>Drums</text></CPC-specific-text></title-part></class-title>
<classification-item breakdown-code="false" not-allocatable="false" level="10" additional-only="false" sort-key="G03D13/043" definition-exists="false" ipc-concordant="G03D13/04" c-set-base-allowed="false" c-set-subsequent-allowed="true" date-revised="2013-01-01" status="published"><classification-symbol>G03D13/043</classification-symbol><class-title date-revised="2013-01-01"><title-part><CPC-specific-text><text>Tanks </text><reference><text><class-ref scheme="cpc">G11B13/06</class-ref> takes precedence</text></reference></CPC-specific-text></title-part></class-title></classification-item>
<classification-item breakdown-code="false" not-allocatable="false" level="10" additional-only="false" sort-key="G03D13/046" definition-exists="false" ipc-concordant="G03D13/04" c-set-base-allowed="false" c-set-subsequent-allowed="true" date-revised="2013-01-01" status="published"><classification-symbol>G03D13/046</classification-symbol><class-title date-revised="2013-01-01"><title-part><CPC-specific-text><text>Drums; Films convolutely fixed on the side of the drum</text></CPC-specific-text></title-part></class-title></classification-item>
<classification-item breakdown-code="false" not-allocatable="false" level="10" additional-only="false" sort-key="G03D13/06" definition-exists="false" ipc-concordant="G03D13/06" c-set-base-allowed="false" c-set-subsequent-allowed="true" date-revised="2013-01-01" status="published"><classification-symbol>G03D13/06</classification-symbol><class-title date-revised="2013-01-01"><title-part><text>Light-tight tanks with provision for loading in daylight</text></title-part></class-title>
<classification-item breakdown-code="false" not-allocatable="false" level="11" additional-only="false" sort-key="G03D13/065" definition-exists="false" ipc-concordant="G03D13/06" c-set-base-allowed="false" c-set-subsequent-allowed="true" date-revised="2013-01-01" status="published"><classification-symbol>G03D13/065</classification-symbol><class-title date-revised="2013-01-01"><title-part><CPC-specific-text><text>Loading of filmpacks or chips</text></CPC-specific-text></title-part></class-title></classification-item></classification-item></classification-item>
<classification-item breakdown-code="false" not-allocatable="false" level="9" additional-only="false" sort-key="G03D13/08" definition-exists="false" ipc-concordant="G03D13/08" c-set-base-allowed="false" c-set-subsequent-allowed="true" date-revised="2013-01-01" status="published"><classification-symbol>G03D13/08</classification-symbol><class-title date-revised="2013-01-01"><title-part><text>Devices for holding exposed material</text></title-part><title-part><text>Devices for supporting exposed material</text></title-part></class-title>
<classification-item breakdown-code="false" not-allocatable="false" level="10" additional-only="false" sort-key="G03D13/10" definition-exists="false" ipc-concordant="G03D13/10" c-set-base-allowed="false" c-set-subsequent-allowed="true" date-revised="2013-01-01" status="published"><classification-symbol>G03D13/10</classification-symbol><class-title date-revised="2013-01-01"><title-part><text>Clips </text><reference><text><class-ref scheme="cpc">G03D13/14</class-ref> takes precedence</text></reference></title-part></class-title></classification-item>
<classification-item breakdown-code="false" not-allocatable="false" level="10" additional-only="false" sort-key="G03D13/12" definition-exists="false" ipc-concordant="G03D13/12" c-set-base-allowed="false" c-set-subsequent-allowed="true" date-revised="2013-01-01" status="published"><classification-symbol>G03D13/12</classification-symbol><class-title date-revised="2013-01-01"><title-part><text>Frames </text><reference><text><class-ref scheme="cpc">G03D13/14</class-ref> takes precedence</text></reference></title-part></class-title>
<classification-item breakdown-code="false" not-allocatable="false" level="11" additional-only="false" sort-key="G03D13/125" definition-exists="false" ipc-concordant="G03D13/12" c-set-base-allowed="false" c-set-subsequent-allowed="true" date-revised="2013-01-01" status="published"><classification-symbol>G03D13/125</classification-symbol><class-title date-revised="2013-01-01"><title-part><CPC-specific-text><text>for several filmstrips or plates</text></CPC-specific-text></title-part></class-title></classification-item></classification-item>
<classification-item breakdown-code="false" not-allocatable="false" level="10" additional-only="false" sort-key="G03D13/14" definition-exists="false" ipc-concordant="G03D13/14" c-set-base-allowed="false" c-set-subsequent-allowed="true" date-revised="2013-01-01" status="published"><classification-symbol>G03D13/14</classification-symbol><class-title date-revised="2013-01-01"><title-part><text>for holding films in spaced convolutions</text></title-part></class-title>
<classification-item breakdown-code="false" not-allocatable="false" level="11" additional-only="false" sort-key="G03D13/142" definition-exists="false" ipc-concordant="G03D13/14" c-set-base-allowed="false" c-set-subsequent-allowed="true" date-revised="2013-01-01" status="published"><classification-symbol>G03D13/142</classification-symbol><class-title date-revised="2013-01-01"><title-part><CPC-specific-text><text>with a spacing strip</text></CPC-specific-text></title-part></class-title></classification-item>
<classification-item breakdown-code="false" not-allocatable="false" level="11" additional-only="false" sort-key="G03D13/145" definition-exists="false" ipc-concordant="G03D13/14" c-set-base-allowed="false" c-set-subsequent-allowed="true" date-revised="2013-01-01" status="published"><classification-symbol>G03D13/145</classification-symbol><class-title date-revised="2013-01-01"><title-part><CPC-specific-text><text>with a film loading guide</text></CPC-specific-text></title-part></class-title></classification-item>
<classification-item breakdown-code="false" not-allocatable="false" level="11" additional-only="false" sort-key="G03D13/147" definition-exists="false" ipc-concordant="G03D13/14" c-set-base-allowed="false" c-set-subsequent-allowed="true" date-revised="2013-01-01" status="published"><classification-symbol>G03D13/147</classification-symbol><class-title date-revised="2013-01-01"><title-part><CPC-specific-text><text>for several widths of film or several films</text></CPC-specific-text></title-part></class-title></classification-item></classification-item></classification-item></classification-item></classification-item>
<classification-item breakdown-code="false" not-allocatable="false" level="7" additional-only="false" sort-key="G03D15/00" definition-exists="true" ipc-concordant="G03D15/00" c-set-base-allowed="false" c-set-subsequent-allowed="true" date-revised="2013-01-01" status="published"><classification-symbol>G03D15/00</classification-symbol><class-title date-revised="2013-01-01"><title-part><text>Apparatus for treating processed material</text></title-part></class-title>
<classification-item breakdown-code="false" not-allocatable="false" level="8" additional-only="false" sort-key="G03D15/001" definition-exists="true" ipc-concordant="G03D15/00" c-set-base-allowed="false" c-set-subsequent-allowed="true" date-revised="2013-01-01" status="published"><classification-symbol>G03D15/001</classification-symbol><class-title date-revised="2013-01-01"><title-part><CPC-specific-text><text>Counting; Classifying; Marking</text></CPC-specific-text></title-part></class-title>
<classification-item breakdown-code="false" not-allocatable="false" level="9" additional-only="false" sort-key="G03D15/003" definition-exists="false" ipc-concordant="G03D15/00" c-set-base-allowed="false" c-set-subsequent-allowed="true" date-revised="2013-01-01" status="published"><classification-symbol>G03D15/003</classification-symbol><class-title date-revised="2013-01-01"><title-part><CPC-specific-text><text>Marking, e.g. for re-printing</text></CPC-specific-text></title-part></class-title></classification-item>
<classification-item breakdown-code="false" not-allocatable="false" level="9" additional-only="false" sort-key="G03D15/005" definition-exists="false" ipc-concordant="G03D15/00" c-set-base-allowed="false" c-set-subsequent-allowed="true" date-revised="2013-01-01" status="published"><classification-symbol>G03D15/005</classification-symbol><class-title date-revised="2013-01-01"><title-part><CPC-specific-text><text>Order systems, e.g. printsorter</text></CPC-specific-text></title-part></class-title></classification-item></classification-item>
<classification-item breakdown-code="false" not-allocatable="false" level="8" additional-only="false" sort-key="G03D15/006" definition-exists="false" ipc-concordant="G03D15/00" c-set-base-allowed="false" c-set-subsequent-allowed="true" date-revised="2013-01-01" status="published"><classification-symbol>G03D15/006</classification-symbol><class-title date-revised="2013-01-01"><title-part><CPC-specific-text><text>Retouching apparatus</text></CPC-specific-text></title-part></class-title></classification-item>
<classification-item breakdown-code="false" not-allocatable="false" level="8" additional-only="false" sort-key="G03D15/008" definition-exists="false" ipc-concordant="G03D15/00" c-set-base-allowed="false" c-set-subsequent-allowed="true" date-revised="2013-01-01" status="published"><classification-symbol>G03D15/008</classification-symbol><class-title date-revised="2013-01-01"><title-part><CPC-specific-text><text>Application of a magnetisable sound recording stripe on a film</text></CPC-specific-text></title-part></class-title></classification-item>
<classification-item breakdown-code="false" not-allocatable="false" level="8" additional-only="false" sort-key="G03D15/02" definition-exists="true" ipc-concordant="G03D15/02" c-set-base-allowed="false" c-set-subsequent-allowed="true" date-revised="2016-05-01" status="published"><classification-symbol>G03D15/02</classification-symbol><class-title date-revised="2016-05-01"><title-part><text>Drying</text></title-part><title-part><text>Glazing </text><reference><text>combined with processing apparatus <class-ref scheme="cpc">G11B3/00</class-ref>&#160;-&#160;<class-ref scheme="cpc">G11B13/00</class-ref>; drying in general <class-ref scheme="cpc">F26B</class-ref></text></reference></title-part></class-title>
<classification-item breakdown-code="false" not-allocatable="false" level="9" additional-only="false" sort-key="G03D15/022" definition-exists="true" ipc-concordant="G03D15/02" c-set-base-allowed="false" c-set-subsequent-allowed="true" date-revised="2013-01-01" status="published"><classification-symbol>G03D15/022</classification-symbol><class-title date-revised="2013-01-01"><title-part><CPC-specific-text><text>Drying of filmstrips</text></CPC-specific-text></title-part></class-title></classification-item>
<classification-item breakdown-code="false" not-allocatable="false" level="9" additional-only="false" sort-key="G03D15/025" definition-exists="false" ipc-concordant="G03D15/02" c-set-base-allowed="false" c-set-subsequent-allowed="true" date-revised="2013-01-01" status="published"><classification-symbol>G03D15/025</classification-symbol><class-title date-revised="2013-01-01"><title-part><CPC-specific-text><text>Glazing</text></CPC-specific-text></title-part></class-title></classification-item>
<classification-item breakdown-code="false" not-allocatable="false" level="9" additional-only="false" sort-key="G03D15/027" definition-exists="true" ipc-concordant="G03D15/02" c-set-base-allowed="false" c-set-subsequent-allowed="true" date-revised="2013-01-01" status="published"><classification-symbol>G03D15/027</classification-symbol><class-title date-revised="2013-01-01"><title-part><CPC-specific-text><text>Drying of plates or prints</text></CPC-specific-text></title-part></class-title></classification-item></classification-item>
<classification-item breakdown-code="false" not-allocatable="false" level="8" additional-only="false" sort-key="G03D15/04" definition-exists="true" ipc-concordant="G03D15/04" c-set-base-allowed="false" c-set-subsequent-allowed="true" date-revised="2013-01-01" status="published"><classification-symbol>G03D15/04</classification-symbol><class-title date-revised="2013-01-01"><title-part><text>Cutting</text></title-part><title-part><text>Splicing</text></title-part></class-title>
<classification-item breakdown-code="false" not-allocatable="false" level="9" additional-only="false" sort-key="G03D15/043" definition-exists="false" ipc-concordant="G03D15/04" c-set-base-allowed="false" c-set-subsequent-allowed="true" date-revised="2013-01-01" status="published"><classification-symbol>G03D15/043</classification-symbol><class-title date-revised="2013-01-01"><title-part><CPC-specific-text><text>Cutting or splicing of filmstrips</text></CPC-specific-text></title-part></class-title>
<classification-item breakdown-code="false" not-allocatable="false" level="10" additional-only="false" sort-key="G03D15/046" definition-exists="false" ipc-concordant="G03D15/04" c-set-base-allowed="false" c-set-subsequent-allowed="true" date-revised="2013-01-01" status="published"><classification-symbol>G03D15/046</classification-symbol><class-title date-revised="2013-01-01"><title-part><CPC-specific-text><text>Automatic cutting</text></CPC-specific-text></title-part></class-title></classification-item></classification-item></classification-item>
<classification-item breakdown-code="false" not-allocatable="false" level="8" additional-only="false" sort-key="G03D15/06" definition-exists="false" ipc-concordant="G03D15/06" c-set-base-allowed="false" c-set-subsequent-allowed="true" date-revised="2013-01-01" status="published"><classification-symbol>G03D15/06</classification-symbol><class-title date-revised="2013-01-01"><title-part><text>Applying varnish or other coating</text></title-part></class-title></classification-item>
<classification-item breakdown-code="false" not-allocatable="false" level="8" additional-only="false" sort-key="G03D15/08" definition-exists="false" ipc-concordant="G03D15/08" c-set-base-allowed="false" c-set-subsequent-allowed="true" date-revised="2013-01-01" status="published"><classification-symbol>G03D15/08</classification-symbol><class-title date-revised="2013-01-01"><title-part><text>Flattening prints</text></title-part></class-title></classification-item>
<classification-item breakdown-code="false" not-allocatable="false" level="8" additional-only="false" sort-key="G03D15/10" definition-exists="true" ipc-concordant="G03D15/10" c-set-base-allowed="false" c-set-subsequent-allowed="true" date-revised="2013-01-01" status="published"><classification-symbol>G03D15/10</classification-symbol><class-title date-revised="2013-01-01"><title-part><text>Mounting, e.g. of processed material in a frame </text><reference><text>frames specially adapted for projection <class-ref scheme="cpc">G03B21/64</class-ref></text></reference></title-part></class-title></classification-item></classification-item>
<classification-item breakdown-code="false" not-allocatable="false" level="7" additional-only="false" sort-key="G03D17/00" definition-exists="false" ipc-concordant="G03D17/00" c-set-base-allowed="false" c-set-subsequent-allowed="true" date-revised="2017-08-01" status="published"><classification-symbol>G03D17/00</classification-symbol><class-title date-revised="2017-08-01"><title-part><text>Dark-room arrangements not provided for in the preceding groups</text></title-part><title-part><text>Portable dark-rooms</text></title-part></class-title></classification-item></classification-item>
<classification-item breakdown-code="false" not-allocatable="true" level="6" additional-only="true" sort-key="G03D203/00" date-revised="2013-01-01" status="published"><classification-symbol>G03D2203/00</classification-symbol>
<classification-item breakdown-code="true" not-allocatable="false" level="7" additional-only="true" sort-key="G03D203/00" definition-exists="false" ipc-concordant="CPCONLY" c-set-base-allowed="false" c-set-subsequent-allowed="true" date-revised="2013-01-01" status="published"><classification-symbol>G03D2203/00</classification-symbol><class-title date-revised="2013-01-01"><title-part><text>Liquid processing apparatus involving immersion</text></title-part><title-part><text>washing apparatus involving immersion</text></title-part></class-title>
<classification-item breakdown-code="true" not-allocatable="false" level="8" additional-only="true" sort-key="G03D203/02" definition-exists="false" ipc-concordant="CPCONLY" c-set-base-allowed="false" c-set-subsequent-allowed="true" date-revised="2013-01-01" status="published"><classification-symbol>G03D2203/02</classification-symbol><class-title date-revised="2013-01-01"><title-part><text>Details of liquid circulation</text></title-part></class-title>
<classification-item breakdown-code="true" not-allocatable="false" level="9" additional-only="true" sort-key="G03D203/06" definition-exists="false" ipc-concordant="CPCONLY" c-set-base-allowed="false" c-set-subsequent-allowed="true" date-revised="2013-01-01" status="published"><classification-symbol>G03D2203/06</classification-symbol><class-title date-revised="2013-01-01"><title-part><text>Liquid supply</text></title-part></class-title>
<classification-item breakdown-code="true" not-allocatable="false" level="10" additional-only="true" sort-key="G03D203/0608" definition-exists="false" ipc-concordant="CPCONLY" c-set-base-allowed="false" c-set-subsequent-allowed="true" date-revised="2013-01-01" status="published"><classification-symbol>G03D2203/0608</classification-symbol><class-title date-revised="2013-01-01"><title-part><text>Replenishment or recovery apparatus</text></title-part></class-title>
<classification-item breakdown-code="true" not-allocatable="false" level="11" additional-only="true" sort-key="G03D203/0616" definition-exists="false" ipc-concordant="CPCONLY" c-set-base-allowed="false" c-set-subsequent-allowed="true" date-revised="2013-01-01" status="published"><classification-symbol>G03D2203/0616</classification-symbol><class-title date-revised="2013-01-01"><title-part><text>Determining the need of replenishment</text></title-part></class-title>
<classification-item breakdown-code="true" not-allocatable="false" level="12" additional-only="true" sort-key="G03D203/0625" definition-exists="false" ipc-concordant="CPCONLY" c-set-base-allowed="false" c-set-subsequent-allowed="true" date-revised="2013-01-01" status="published"><classification-symbol>G03D2203/0625</classification-symbol><class-title date-revised="2013-01-01"><title-part><text>by measuring the optical density of the film</text></title-part></class-title>
<classification-item breakdown-code="true" not-allocatable="false" level="13" additional-only="true" sort-key="G03D203/0633" definition-exists="false" ipc-concordant="CPCONLY" c-set-base-allowed="false" c-set-subsequent-allowed="true" date-revised="2013-01-01" status="published"><classification-symbol>G03D2203/0633</classification-symbol><class-title date-revised="2013-01-01"><title-part><text>Test film density</text></title-part></class-title></classification-item></classification-item>
<classification-item breakdown-code="true" not-allocatable="false" level="12" additional-only="true" sort-key="G03D203/0641" definition-exists="false" ipc-concordant="CPCONLY" c-set-base-allowed="false" c-set-subsequent-allowed="true" date-revised="2013-01-01" status="published"><classification-symbol>G03D2203/0641</classification-symbol><class-title date-revised="2013-01-01"><title-part><text>by measuring the electrical conductivity of the processing solution</text></title-part></class-title></classification-item>
<classification-item breakdown-code="true" not-allocatable="false" level="12" additional-only="true" sort-key="G03D203/065" definition-exists="false" ipc-concordant="CPCONLY" c-set-base-allowed="false" c-set-subsequent-allowed="true" date-revised="2013-01-01" status="published"><classification-symbol>G03D2203/065</classification-symbol><class-title date-revised="2013-01-01"><title-part><text>by measuring the electrical resistance of the film</text></title-part></class-title></classification-item>
<classification-item breakdown-code="true" not-allocatable="false" level="12" additional-only="true" sort-key="G03D203/0658" definition-exists="false" ipc-concordant="CPCONLY" c-set-base-allowed="false" c-set-subsequent-allowed="true" date-revised="2013-01-01" status="published"><classification-symbol>G03D2203/0658</classification-symbol><class-title date-revised="2013-01-01"><title-part><text>by sensing the level of the processing liquid</text></title-part></class-title></classification-item>
<classification-item breakdown-code="true" not-allocatable="false" level="12" additional-only="true" sort-key="G03D203/0666" definition-exists="false" ipc-concordant="CPCONLY" c-set-base-allowed="false" c-set-subsequent-allowed="true" date-revised="2013-01-01" status="published"><classification-symbol>G03D2203/0666</classification-symbol><class-title date-revised="2013-01-01"><title-part><text>by measuring the oxidation/reduction potential of the processing liquid, i.e. degree of aging</text></title-part></class-title></classification-item></classification-item>
<classification-item breakdown-code="true" not-allocatable="false" level="11" additional-only="true" sort-key="G03D203/0675" definition-exists="false" ipc-concordant="CPCONLY" c-set-base-allowed="false" c-set-subsequent-allowed="true" date-revised="2013-01-01" status="published"><classification-symbol>G03D2203/0675</classification-symbol><class-title date-revised="2013-01-01"><title-part><text>Methods for supplying replenisher</text></title-part></class-title></classification-item>
<classification-item breakdown-code="true" not-allocatable="false" level="11" additional-only="true" sort-key="G03D203/0683" definition-exists="false" ipc-concordant="CPCONLY" c-set-base-allowed="false" c-set-subsequent-allowed="true" date-revised="2013-01-01" status="published"><classification-symbol>G03D2203/0683</classification-symbol><class-title date-revised="2013-01-01"><title-part><text>Recovery or re-use of the processing liquid</text></title-part></class-title></classification-item>
<classification-item breakdown-code="true" not-allocatable="false" level="11" additional-only="true" sort-key="G03D203/0691" definition-exists="false" ipc-concordant="CPCONLY" c-set-base-allowed="false" c-set-subsequent-allowed="true" date-revised="2013-01-01" status="published"><classification-symbol>G03D2203/0691</classification-symbol><class-title date-revised="2013-01-01"><title-part><text>Waste solution treatment</text></title-part></class-title></classification-item></classification-item></classification-item></classification-item></classification-item></classification-item></classification-item></class-scheme>