<?xml version="1.0" encoding="UTF-8"?>
<class-scheme publication-date="2021-05-01" scheme-type="cpc" publication-type="official">
<classification-item breakdown-code="false" not-allocatable="true" level="5" additional-only="false" sort-key="H02S" definition-exists="true" date-revised="2019-01-01" status="published"><classification-symbol>H02S</classification-symbol><class-title date-revised="2019-01-01"><title-part><text>GENERATION OF ELECTRIC POWER BY CONVERSION OF INFRA-RED RADIATION, VISIBLE LIGHT OR ULTRAVIOLET LIGHT, e.g. USING PHOTOVOLTAIC [PV] MODULES </text><reference><text>obtaining electrical energy from radioactive sources <class-ref scheme="cpc">G21H1/12</class-ref>; light sensitive inorganic semiconductor devices <class-ref scheme="cpc">H01L31/00</class-ref>; thermoelectric devices <class-ref scheme="cpc">H01L35/00</class-ref>; pyroelectric devices <class-ref scheme="cpc">H01L37/00</class-ref>; light sensitive organic semiconductor devices <class-ref scheme="cpc">H01L51/42</class-ref></text></reference></title-part></class-title>
<classification-item breakdown-code="false" not-allocatable="true" level="6" additional-only="false" sort-key="H02S10/00" date-revised="2013-01-01" status="published"><classification-symbol>H02S10/00</classification-symbol>
<classification-item breakdown-code="false" not-allocatable="false" level="7" additional-only="false" sort-key="H02S10/00" definition-exists="true" ipc-concordant="H02S10/00" c-set-base-allowed="false" c-set-subsequent-allowed="true" date-revised="2020-01-01" status="published"><classification-symbol>H02S10/00</classification-symbol><class-title date-revised="2013-01-01"><title-part><text>PV power plants</text></title-part><title-part><text>Combinations of PV energy systems with other systems for the generation of electric power</text></title-part></class-title>
<classification-item breakdown-code="false" not-allocatable="false" level="8" additional-only="false" sort-key="H02S10/10" definition-exists="true" ipc-concordant="H02S10/10" c-set-base-allowed="false" c-set-subsequent-allowed="true" date-revised="2014-12-01" status="published"><classification-symbol>H02S10/10</classification-symbol><class-title><title-part><text>including a supplementary source of electric power, e.g. hybrid diesel-PV energy systems </text><reference><text>combinations with gas-turbine plants <class-ref scheme="cpc">F02C6/00</class-ref></text></reference></title-part></class-title>
<classification-item breakdown-code="false" not-allocatable="false" level="9" additional-only="false" sort-key="H02S10/12" definition-exists="true" ipc-concordant="H02S10/12" c-set-base-allowed="false" c-set-subsequent-allowed="true" date-revised="2019-05-01" status="published"><classification-symbol>H02S10/12</classification-symbol><class-title><title-part><text>Hybrid wind-PV energy systems</text></title-part></class-title></classification-item></classification-item>
<classification-item breakdown-code="false" not-allocatable="false" level="8" additional-only="false" sort-key="H02S10/20" definition-exists="true" ipc-concordant="H02S10/20" c-set-base-allowed="false" c-set-subsequent-allowed="true" date-revised="2014-12-01" status="published"><classification-symbol>H02S10/20</classification-symbol><class-title><title-part><text>Systems characterised by their energy storage means </text><reference><text><class-ref scheme="cpc">H02S40/38</class-ref> takes precedence</text></reference></title-part></class-title></classification-item>
<classification-item breakdown-code="false" not-allocatable="false" level="8" additional-only="false" sort-key="H02S10/30" definition-exists="true" ipc-concordant="H02S10/30" c-set-base-allowed="false" c-set-subsequent-allowed="true" date-revised="2014-12-01" status="published"><classification-symbol>H02S10/30</classification-symbol><class-title><title-part><text>Thermophotovoltaic systems </text><reference><text>photovoltaic cells specially adapted for conversion or sensing of infra-red [IR] radiation <class-ref scheme="cpc">H01L31/00</class-ref>; thermoelectric devices <class-ref scheme="cpc">H01L35/00</class-ref></text></reference></title-part></class-title></classification-item>
<classification-item breakdown-code="false" not-allocatable="false" level="8" additional-only="false" sort-key="H02S10/40" definition-exists="true" ipc-concordant="H02S10/40" c-set-base-allowed="false" c-set-subsequent-allowed="true" date-revised="2014-12-01" status="published"><classification-symbol>H02S10/40</classification-symbol><class-title><title-part><text>Mobile PV generator systems</text></title-part></class-title></classification-item></classification-item>
<classification-item breakdown-code="false" not-allocatable="false" level="7" additional-only="false" sort-key="H02S20/00" definition-exists="true" ipc-concordant="H02S20/00" c-set-base-allowed="false" c-set-subsequent-allowed="true" date-revised="2020-01-01" status="published"><classification-symbol>H02S20/00</classification-symbol><class-title date-revised="2013-01-01"><title-part><text>Supporting structures for PV modules</text></title-part></class-title><notes-and-warnings><note type="note"><note-paragraph>Supporting structures also intended for use with solar heat collectors should also be classified in groups  <class-ref scheme="cpc">F24S25/00</class-ref>-<class-ref scheme="cpc">F24S30/00</class-ref>  or  <class-ref scheme="cpc">F24S50/20</class-ref> </note-paragraph></note></notes-and-warnings>
<classification-item breakdown-code="false" not-allocatable="false" level="8" additional-only="false" sort-key="H02S20/10" definition-exists="true" ipc-concordant="H02S20/10" c-set-base-allowed="false" c-set-subsequent-allowed="true" date-revised="2014-12-01" status="published"><classification-symbol>H02S20/10</classification-symbol><class-title><title-part><text>Supporting structures directly fixed to the ground </text><reference><text><class-ref scheme="cpc">H02S20/30</class-ref> takes precedence</text></reference></title-part></class-title></classification-item>
<classification-item breakdown-code="false" not-allocatable="false" level="8" additional-only="false" sort-key="H02S20/20" definition-exists="true" ipc-concordant="H02S20/20" c-set-base-allowed="false" c-set-subsequent-allowed="true" date-revised="2014-12-01" status="published"><classification-symbol>H02S20/20</classification-symbol><class-title><title-part><text>Supporting structures directly fixed to an immovable object </text><reference><text><class-ref scheme="cpc">H02S20/30</class-ref> takes precedence</text></reference></title-part></class-title>
<classification-item breakdown-code="false" not-allocatable="false" level="9" additional-only="false" sort-key="H02S20/21" definition-exists="true" ipc-concordant="H02S20/21" c-set-base-allowed="false" c-set-subsequent-allowed="true" date-revised="2014-12-01" status="published"><classification-symbol>H02S20/21</classification-symbol><class-title><title-part><text>specially adapted for motorways, e.g. integrated with sound barriers</text></title-part></class-title></classification-item>
<classification-item breakdown-code="false" not-allocatable="false" level="9" additional-only="false" sort-key="H02S20/22" definition-exists="true" ipc-concordant="H02S20/22" c-set-base-allowed="false" c-set-subsequent-allowed="true" date-revised="2014-12-01" status="published"><classification-symbol>H02S20/22</classification-symbol><class-title><title-part><text>specially adapted for buildings</text></title-part></class-title>
<classification-item breakdown-code="false" not-allocatable="false" level="10" additional-only="false" sort-key="H02S20/23" definition-exists="true" ipc-concordant="H02S20/23" c-set-base-allowed="false" c-set-subsequent-allowed="true" date-revised="2014-12-01" status="published"><classification-symbol>H02S20/23</classification-symbol><class-title><title-part><text>specially adapted for roof structures</text></title-part></class-title>
<classification-item breakdown-code="false" not-allocatable="false" level="11" additional-only="false" sort-key="H02S20/24" definition-exists="false" ipc-concordant="H02S20/24" c-set-base-allowed="false" c-set-subsequent-allowed="true" date-revised="2014-12-01" status="published"><classification-symbol>H02S20/24</classification-symbol><class-title><title-part><text>specially adapted for flat roofs</text></title-part></class-title></classification-item>
<classification-item breakdown-code="false" not-allocatable="false" level="11" additional-only="false" sort-key="H02S20/25" definition-exists="true" ipc-concordant="H02S20/25" c-set-base-allowed="false" c-set-subsequent-allowed="true" date-revised="2014-12-01" status="published"><classification-symbol>H02S20/25</classification-symbol><class-title><title-part><text>Roof tile elements</text></title-part></class-title></classification-item></classification-item>
<classification-item breakdown-code="false" not-allocatable="false" level="10" additional-only="false" sort-key="H02S20/26" definition-exists="true" ipc-concordant="H02S20/26" c-set-base-allowed="false" c-set-subsequent-allowed="true" date-revised="2014-12-01" status="published"><classification-symbol>H02S20/26</classification-symbol><class-title><title-part><text>Building materials integrated with PV modules, e.g. fa&#231;ade elements </text><reference><text><class-ref scheme="cpc">H02S20/25</class-ref> takes precedence</text></reference></title-part></class-title></classification-item></classification-item></classification-item>
<classification-item breakdown-code="false" not-allocatable="false" level="8" additional-only="false" sort-key="H02S20/30" definition-exists="false" ipc-concordant="H02S20/30" c-set-base-allowed="false" c-set-subsequent-allowed="true" date-revised="2014-12-01" status="published"><classification-symbol>H02S20/30</classification-symbol><class-title><title-part><text>Supporting structures being movable or adjustable, e.g. for angle adjustment</text></title-part></class-title>
<classification-item breakdown-code="false" not-allocatable="false" level="9" additional-only="false" sort-key="H02S20/32" definition-exists="true" ipc-concordant="H02S20/32" c-set-base-allowed="false" c-set-subsequent-allowed="true" date-revised="2014-12-01" status="published"><classification-symbol>H02S20/32</classification-symbol><class-title><title-part><text>specially adapted for solar tracking</text></title-part></class-title></classification-item></classification-item></classification-item>
<classification-item breakdown-code="false" not-allocatable="false" level="7" additional-only="false" sort-key="H02S30/00" definition-exists="true" ipc-concordant="H02S30/00" c-set-base-allowed="false" c-set-subsequent-allowed="true" date-revised="2020-01-01" status="published"><classification-symbol>H02S30/00</classification-symbol><class-title date-revised="2013-01-01"><title-part><text>Structural details of PV modules other than those related to light conversion </text><reference><text>semiconductor device aspects of modules of electrolytic light sensitive devices <class-ref scheme="cpc">H01G9/20</class-ref>, of inorganic PV modules <class-ref scheme="cpc">H01L31/00</class-ref>, of organic PV modules <class-ref scheme="cpc">H01L51/42</class-ref></text></reference></title-part></class-title>
<classification-item breakdown-code="false" not-allocatable="false" level="8" additional-only="false" sort-key="H02S30/10" definition-exists="true" ipc-concordant="H02S30/10" c-set-base-allowed="false" c-set-subsequent-allowed="true" date-revised="2014-12-01" status="published"><classification-symbol>H02S30/10</classification-symbol><class-title><title-part><text>Frame structures</text></title-part></class-title></classification-item>
<classification-item breakdown-code="false" not-allocatable="false" level="8" additional-only="false" sort-key="H02S30/20" definition-exists="true" ipc-concordant="H02S30/20" c-set-base-allowed="false" c-set-subsequent-allowed="true" date-revised="2014-12-01" status="published"><classification-symbol>H02S30/20</classification-symbol><class-title><title-part><text>Collapsible or foldable PV modules</text></title-part></class-title></classification-item></classification-item>
<classification-item breakdown-code="false" not-allocatable="false" level="7" additional-only="false" sort-key="H02S40/00" definition-exists="true" ipc-concordant="H02S40/00" c-set-base-allowed="false" c-set-subsequent-allowed="true" date-revised="2020-01-01" status="published"><classification-symbol>H02S40/00</classification-symbol><class-title date-revised="2013-01-01"><title-part><text>Components or accessories in combination with PV modules, not provided for in groups <class-ref scheme="cpc">H02S10/00</class-ref> - <class-ref scheme="cpc">H02S30/00</class-ref></text></title-part></class-title>
<classification-item breakdown-code="false" not-allocatable="false" level="8" additional-only="false" sort-key="H02S40/10" definition-exists="true" ipc-concordant="H02S40/10" c-set-base-allowed="false" c-set-subsequent-allowed="true" date-revised="2014-12-01" status="published"><classification-symbol>H02S40/10</classification-symbol><class-title><title-part><text>Cleaning arrangements</text></title-part></class-title>
<classification-item breakdown-code="false" not-allocatable="false" level="9" additional-only="false" sort-key="H02S40/12" definition-exists="true" ipc-concordant="H02S40/12" c-set-base-allowed="false" c-set-subsequent-allowed="true" date-revised="2014-12-01" status="published"><classification-symbol>H02S40/12</classification-symbol><class-title><title-part><text>Means for removing snow</text></title-part></class-title></classification-item></classification-item>
<classification-item breakdown-code="false" not-allocatable="false" level="8" additional-only="false" sort-key="H02S40/20" definition-exists="true" ipc-concordant="H02S40/20" c-set-base-allowed="false" c-set-subsequent-allowed="true" date-revised="2014-12-01" status="published"><classification-symbol>H02S40/20</classification-symbol><class-title><title-part><text>Optical components</text></title-part></class-title>
<classification-item breakdown-code="false" not-allocatable="false" level="9" additional-only="false" sort-key="H02S40/22" definition-exists="true" ipc-concordant="H02S40/22" c-set-base-allowed="false" c-set-subsequent-allowed="true" date-revised="2014-12-01" status="published"><classification-symbol>H02S40/22</classification-symbol><class-title><title-part><text>Light-reflecting or light-concentrating means </text><reference><text>directly associated with the PV cell or integrated with the PV cell <class-ref scheme="cpc">H01L31/054</class-ref></text></reference></title-part></class-title></classification-item></classification-item>
<classification-item breakdown-code="false" not-allocatable="false" level="8" additional-only="false" sort-key="H02S40/30" definition-exists="true" ipc-concordant="H02S40/30" c-set-base-allowed="false" c-set-subsequent-allowed="true" date-revised="2014-12-01" status="published"><classification-symbol>H02S40/30</classification-symbol><class-title><title-part><text>Electrical components</text></title-part></class-title>
<classification-item breakdown-code="false" not-allocatable="false" level="9" additional-only="false" sort-key="H02S40/32" definition-exists="true" ipc-concordant="H02S40/32" c-set-base-allowed="false" c-set-subsequent-allowed="true" date-revised="2014-12-01" status="published"><classification-symbol>H02S40/32</classification-symbol><class-title><title-part><text>comprising DC/AC inverter means associated with the PV module itself, e.g. AC modules</text></title-part></class-title></classification-item>
<classification-item breakdown-code="false" not-allocatable="false" level="9" additional-only="false" sort-key="H02S40/34" definition-exists="true" ipc-concordant="H02S40/34" c-set-base-allowed="false" c-set-subsequent-allowed="true" date-revised="2014-12-01" status="published"><classification-symbol>H02S40/34</classification-symbol><class-title><title-part><text>comprising specially adapted electrical connection means to be structurally associated with the PV module, e.g. junction boxes</text></title-part></class-title>
<classification-item breakdown-code="false" not-allocatable="false" level="10" additional-only="false" sort-key="H02S40/345" definition-exists="false" ipc-concordant="H02S40/34" c-set-base-allowed="false" c-set-subsequent-allowed="true" date-revised="2016-05-01" status="published"><classification-symbol>H02S40/345</classification-symbol><class-title><title-part><CPC-specific-text><text>with cooling means associated with the electrical connection means, e.g. cooling means associated with or applied to the junction box </text><reference><text>cooling means for PV cells <class-ref scheme="cpc">H01L31/052</class-ref>, for PV modules <class-ref scheme="cpc">H02S40/42</class-ref></text></reference></CPC-specific-text></title-part></class-title></classification-item></classification-item>
<classification-item breakdown-code="false" not-allocatable="false" level="9" additional-only="false" sort-key="H02S40/36" definition-exists="true" ipc-concordant="H02S40/36" c-set-base-allowed="false" c-set-subsequent-allowed="true" date-revised="2014-12-01" status="published"><classification-symbol>H02S40/36</classification-symbol><class-title><title-part><text>characterised by special electrical interconnection means between two or more PV modules, e.g. electrical module-to-module connection</text></title-part></class-title></classification-item>
<classification-item breakdown-code="false" not-allocatable="false" level="9" additional-only="false" sort-key="H02S40/38" definition-exists="false" ipc-concordant="H02S40/38" c-set-base-allowed="false" c-set-subsequent-allowed="true" date-revised="2014-12-01" status="published"><classification-symbol>H02S40/38</classification-symbol><class-title><title-part><text>Energy storage means, e.g. batteries, structurally associated with PV modules</text></title-part></class-title></classification-item></classification-item>
<classification-item breakdown-code="false" not-allocatable="false" level="8" additional-only="false" sort-key="H02S40/40" definition-exists="true" ipc-concordant="H02S40/40" c-set-base-allowed="false" c-set-subsequent-allowed="true" date-revised="2014-12-01" status="published"><classification-symbol>H02S40/40</classification-symbol><class-title><title-part><text>Thermal components </text><reference><text><class-ref scheme="cpc">H02S10/30</class-ref> takes precedence</text></reference></title-part></class-title>
<classification-item breakdown-code="false" not-allocatable="false" level="9" additional-only="false" sort-key="H02S40/42" definition-exists="true" ipc-concordant="H02S40/42" c-set-base-allowed="false" c-set-subsequent-allowed="true" date-revised="2014-12-01" status="published"><classification-symbol>H02S40/42</classification-symbol><class-title><title-part><text>Cooling means </text><reference><text>cooling means directly associated or integrated with the PV cell <class-ref scheme="cpc">H01L31/052</class-ref></text></reference></title-part></class-title>
<classification-item breakdown-code="false" not-allocatable="false" level="10" additional-only="false" sort-key="H02S40/425" definition-exists="false" ipc-concordant="H02S40/42" c-set-base-allowed="false" c-set-subsequent-allowed="true" date-revised="2014-12-01" status="published"><classification-symbol>H02S40/425</classification-symbol><class-title><title-part><CPC-specific-text><text>using a gaseous or a liquid coolant, e.g. air flow ventilation, water circulation</text></CPC-specific-text></title-part></class-title></classification-item></classification-item>
<classification-item breakdown-code="false" not-allocatable="false" level="9" additional-only="false" sort-key="H02S40/44" definition-exists="true" ipc-concordant="H02S40/44" c-set-base-allowed="false" c-set-subsequent-allowed="true" date-revised="2014-12-01" status="published"><classification-symbol>H02S40/44</classification-symbol><class-title><title-part><text>Means to utilise heat energy, e.g. hybrid systems producing warm water and electricity at the same time </text><reference><text>directly associated with the PV cell or integrated with the PV cell <class-ref scheme="cpc">H01L31/0525</class-ref></text></reference></title-part></class-title></classification-item></classification-item></classification-item>
<classification-item breakdown-code="false" not-allocatable="false" level="7" additional-only="false" sort-key="H02S50/00" definition-exists="true" ipc-concordant="H02S50/00" c-set-base-allowed="false" c-set-subsequent-allowed="true" date-revised="2020-01-01" status="published"><classification-symbol>H02S50/00</classification-symbol><class-title date-revised="2013-01-01"><title-part><text>Monitoring or testing of PV systems, e.g. load balancing or fault identification</text></title-part></class-title>
<classification-item breakdown-code="false" not-allocatable="false" level="8" additional-only="false" sort-key="H02S50/10" definition-exists="true" ipc-concordant="H02S50/10" c-set-base-allowed="false" c-set-subsequent-allowed="true" date-revised="2014-12-01" status="published"><classification-symbol>H02S50/10</classification-symbol><class-title><title-part><text>Testing of PV devices, e.g. of PV modules or single PV cells </text><reference><text>testing of semiconductor devices during manufacturing </text><CPC-specific-text><text><class-ref scheme="cpc">H01L22/00</class-ref></text></CPC-specific-text></reference></title-part></class-title>
<classification-item breakdown-code="false" not-allocatable="false" level="9" additional-only="false" sort-key="H02S50/15" definition-exists="true" ipc-concordant="H02S50/15" c-set-base-allowed="false" c-set-subsequent-allowed="true" date-revised="2014-12-01" status="published"><classification-symbol>H02S50/15</classification-symbol><class-title><title-part><text>using optical means, e.g. using electroluminescence</text></title-part></class-title></classification-item></classification-item></classification-item>
<classification-item breakdown-code="false" not-allocatable="false" level="7" additional-only="false" sort-key="H02S99/00" definition-exists="false" ipc-concordant="H02S99/00" c-set-base-allowed="false" c-set-subsequent-allowed="true" date-revised="2013-01-01" status="published"><classification-symbol>H02S99/00</classification-symbol><class-title date-revised="2013-01-01"><title-part><text>Subject matter not provided for in other groups of this subclass</text></title-part></class-title></classification-item></classification-item></classification-item></class-scheme>