<?xml version="1.0" encoding="UTF-8"?>
<class-scheme publication-date="2021-05-01" scheme-type="cpc" publication-type="official">
<classification-item breakdown-code="false" not-allocatable="true" level="5" additional-only="false" sort-key="F16S" definition-exists="true" date-revised="2018-08-01" status="published"><classification-symbol>F16S</classification-symbol><class-title date-revised="2013-01-01"><title-part><text>CONSTRUCTIONAL ELEMENTS IN GENERAL</text></title-part><title-part><text>STRUCTURES BUILT-UP FROM SUCH ELEMENTS, IN GENERAL</text></title-part></class-title><notes-and-warnings date-revised="2013-01-01"><note type="note"><note-paragraph>This subclass <u>does not cover</u> similar elements and structures, restricted to use in the building art, which are covered by subclass <class-ref scheme="cpc">E04C</class-ref>.</note-paragraph></note><note type="warning"><note-paragraph>In this subclass non-limiting references (in the sense of paragraph 39 of the Guide to the IPC) may still be displayed in the scheme.</note-paragraph></note></notes-and-warnings>
<classification-item breakdown-code="false" not-allocatable="true" level="6" additional-only="false" sort-key="F16S1/00" date-revised="2013-01-01" status="published"><classification-symbol>F16S1/00</classification-symbol>
<classification-item breakdown-code="false" not-allocatable="false" level="7" additional-only="false" sort-key="F16S1/00" definition-exists="true" ipc-concordant="F16S1/00" c-set-base-allowed="false" c-set-subsequent-allowed="true" date-revised="2013-01-01" status="published"><classification-symbol>F16S1/00</classification-symbol><class-title date-revised="2013-01-01"><title-part><text>Sheets, panels, or other members of similar proportions</text></title-part><title-part><text>Constructions comprising assemblies of such members </text><reference><text>built-up gratings <class-ref scheme="cpc">F16S3/00</class-ref>; layered products <class-ref scheme="cpc">B32B</class-ref></text></reference></title-part></class-title><notes-and-warnings date-revised="2013-01-01"><note type="note"><note-paragraph>In general shape the members may be flat or curved, but they may depart from such shape in detail over part or all of their area, e.g. they may be corrugated, ribbed, flanged; ribs, flanges or the like may be separately formed.</note-paragraph></note></notes-and-warnings>
<classification-item breakdown-code="false" not-allocatable="false" level="8" additional-only="false" sort-key="F16S1/02" definition-exists="false" ipc-concordant="F16S1/02" c-set-base-allowed="false" c-set-subsequent-allowed="true" date-revised="2013-01-01" status="published"><classification-symbol>F16S1/02</classification-symbol><class-title date-revised="2013-01-01"><title-part><text>designated for being secured together edge to edge, e.g. at an angle</text></title-part><title-part><text>Assemblies thereof</text></title-part></class-title></classification-item>
<classification-item breakdown-code="false" not-allocatable="false" level="8" additional-only="false" sort-key="F16S1/04" definition-exists="false" ipc-concordant="F16S1/04" c-set-base-allowed="false" c-set-subsequent-allowed="true" date-revised="2015-07-01" status="published"><classification-symbol>F16S1/04</classification-symbol><class-title date-revised="2013-01-01"><title-part><text>produced by deforming or otherwise working a flat sheet </text><reference><text>honeycomb or other core members for layered products <class-ref scheme="cpc">B32B3/00</class-ref>, e.g. <class-ref scheme="cpc">B32B3/12</class-ref>, <class-ref scheme="cpc">B32B3/266</class-ref>, <class-ref scheme="cpc">B32B3/26</class-ref></text></reference></title-part></class-title>
<classification-item breakdown-code="false" not-allocatable="false" level="9" additional-only="false" sort-key="F16S1/06" definition-exists="false" ipc-concordant="F16S1/06" c-set-base-allowed="false" c-set-subsequent-allowed="true" date-revised="2013-01-01" status="published"><classification-symbol>F16S1/06</classification-symbol><class-title date-revised="2013-01-01"><title-part><text>by deforming only</text></title-part></class-title></classification-item>
<classification-item breakdown-code="false" not-allocatable="false" level="9" additional-only="false" sort-key="F16S1/08" definition-exists="false" ipc-concordant="F16S1/08" c-set-base-allowed="false" c-set-subsequent-allowed="true" date-revised="2013-01-01" status="published"><classification-symbol>F16S1/08</classification-symbol><class-title date-revised="2013-01-01"><title-part><text>by cutting or perforating, with or without deformation</text></title-part></class-title></classification-item></classification-item>
<classification-item breakdown-code="false" not-allocatable="false" level="8" additional-only="false" sort-key="F16S1/10" definition-exists="false" ipc-concordant="F16S1/10" c-set-base-allowed="false" c-set-subsequent-allowed="true" date-revised="2013-01-01" status="published"><classification-symbol>F16S1/10</classification-symbol><class-title date-revised="2013-01-01"><title-part><text>Composite members, e.g. with ribs or flanges attached </text><reference><text><class-ref scheme="cpc">F16S1/02</class-ref> takes precedence</text></reference></title-part></class-title></classification-item>
<classification-item breakdown-code="false" not-allocatable="false" level="8" additional-only="false" sort-key="F16S1/12" definition-exists="false" ipc-concordant="F16S1/12" c-set-base-allowed="false" c-set-subsequent-allowed="true" date-revised="2013-01-01" status="published"><classification-symbol>F16S1/12</classification-symbol><class-title date-revised="2013-01-01"><title-part><text>of substantial thickness, e.g. with varying thickness, with channels</text></title-part></class-title></classification-item>
<classification-item breakdown-code="false" not-allocatable="false" level="8" additional-only="false" sort-key="F16S1/14" definition-exists="false" ipc-concordant="F16S1/14" c-set-base-allowed="false" c-set-subsequent-allowed="true" date-revised="2013-01-01" status="published"><classification-symbol>F16S1/14</classification-symbol><class-title date-revised="2013-01-01"><title-part><text>Assemblies of such members with members of forms covered by group <class-ref scheme="cpc">F16S3/00</class-ref> or <class-ref scheme="cpc">F16S5/00</class-ref> </text><reference><text>such other members being for jointing only <class-ref scheme="cpc">F16S1/02</class-ref></text></reference></title-part></class-title></classification-item></classification-item>
<classification-item breakdown-code="false" not-allocatable="false" level="7" additional-only="false" sort-key="F16S3/00" definition-exists="true" ipc-concordant="F16S3/00" c-set-base-allowed="false" c-set-subsequent-allowed="true" date-revised="2013-01-01" status="published"><classification-symbol>F16S3/00</classification-symbol><class-title date-revised="2013-01-01"><title-part><text>Elongated members, e.g. profiled members</text></title-part><title-part><text>Assemblies thereof</text></title-part><title-part><text>Gratings or grilles </text><reference><text>gratings or grilles formed from a sheet or the like <class-ref scheme="cpc">F16S1/00</class-ref>, <class-ref scheme="cpc">F16S1/08</class-ref>; frames for doors, windows or the like <class-ref scheme="cpc">E06B1/00</class-ref>, <class-ref scheme="cpc">E06B3/00</class-ref></text></reference></title-part></class-title>
<classification-item breakdown-code="false" not-allocatable="false" level="8" additional-only="false" sort-key="F16S3/02" definition-exists="false" ipc-concordant="F16S3/02" c-set-base-allowed="false" c-set-subsequent-allowed="true" date-revised="2013-01-01" status="published"><classification-symbol>F16S3/02</classification-symbol><class-title date-revised="2013-01-01"><title-part><text>composed of two or more elongated members secured together side by side</text></title-part></class-title></classification-item>
<classification-item breakdown-code="false" not-allocatable="false" level="8" additional-only="false" sort-key="F16S3/04" definition-exists="false" ipc-concordant="F16S3/04" c-set-base-allowed="false" c-set-subsequent-allowed="true" date-revised="2013-01-01" status="published"><classification-symbol>F16S3/04</classification-symbol><class-title date-revised="2013-01-01"><title-part><text>designed for being joined to similar members in various relative positions</text></title-part></class-title></classification-item>
<classification-item breakdown-code="false" not-allocatable="false" level="8" additional-only="false" sort-key="F16S3/06" definition-exists="false" ipc-concordant="F16S3/06" c-set-base-allowed="false" c-set-subsequent-allowed="true" date-revised="2013-01-01" status="published"><classification-symbol>F16S3/06</classification-symbol><class-title date-revised="2013-01-01"><title-part><text>Assemblies of elongated members </text><reference><text><class-ref scheme="cpc">F16S3/02</class-ref>, <class-ref scheme="cpc">F16S3/04</class-ref> take precedence</text></reference></title-part></class-title>
<classification-item breakdown-code="false" not-allocatable="false" level="9" additional-only="false" sort-key="F16S3/08" definition-exists="false" ipc-concordant="F16S3/08" c-set-base-allowed="false" c-set-subsequent-allowed="true" date-revised="2013-01-01" status="published"><classification-symbol>F16S3/08</classification-symbol><class-title date-revised="2013-01-01"><title-part><text>forming frameworks, e.g. gratings</text></title-part></class-title></classification-item></classification-item></classification-item>
<classification-item breakdown-code="false" not-allocatable="false" level="7" additional-only="false" sort-key="F16S5/00" definition-exists="true" ipc-concordant="F16S5/00" c-set-base-allowed="false" c-set-subsequent-allowed="true" date-revised="2017-08-01" status="published"><classification-symbol>F16S5/00</classification-symbol><class-title date-revised="2017-08-01"><title-part><text>Other constructional members not restricted to an application fully provided for in a single class</text></title-part></class-title></classification-item></classification-item></classification-item></class-scheme>