<?xml version="1.0" encoding="UTF-8"?>
<class-scheme publication-date="2021-05-01" scheme-type="cpc" publication-type="official">
<classification-item breakdown-code="false" not-allocatable="true" level="5" additional-only="false" sort-key="C09F" definition-exists="true" date-revised="2018-08-01" status="published"><classification-symbol>C09F</classification-symbol><class-title date-revised="2013-01-01"><title-part><text>NATURAL RESINS</text></title-part><title-part><text>FRENCH POLISH</text></title-part><title-part><text>DRYING-OILS</text></title-part><title-part><text>DRIERS (SICCATIVES)</text></title-part><title-part><text>TURPENTINE</text></title-part></class-title><notes-and-warnings><note type="warning"><note-paragraph>In this subclass non-limiting references (in the sense of paragraph 39 of the Guide to the IPC) may still be displayed in the scheme.</note-paragraph></note></notes-and-warnings>
<classification-item breakdown-code="false" not-allocatable="true" level="6" additional-only="false" sort-key="C09F1/00" date-revised="2013-01-01" status="published"><classification-symbol>C09F1/00</classification-symbol>
<classification-item breakdown-code="false" not-allocatable="false" level="7" additional-only="false" sort-key="C09F1/00" definition-exists="true" ipc-concordant="C09F1/00" c-set-base-allowed="false" c-set-subsequent-allowed="true" date-revised="2013-01-01" status="published"><classification-symbol>C09F1/00</classification-symbol><class-title date-revised="2013-01-01"><title-part><text>Obtaining purification, or chemical modification of natural resins, e.g. oleo-resins</text></title-part></class-title>
<classification-item breakdown-code="false" not-allocatable="false" level="8" additional-only="false" sort-key="C09F1/02" definition-exists="false" ipc-concordant="C09F1/02" c-set-base-allowed="false" c-set-subsequent-allowed="true" date-revised="2013-01-01" status="published"><classification-symbol>C09F1/02</classification-symbol><class-title date-revised="2013-01-01"><title-part><text>Purification</text></title-part></class-title></classification-item>
<classification-item breakdown-code="false" not-allocatable="false" level="8" additional-only="false" sort-key="C09F1/04" definition-exists="false" ipc-concordant="C09F1/04" c-set-base-allowed="false" c-set-subsequent-allowed="true" date-revised="2013-01-01" status="published"><classification-symbol>C09F1/04</classification-symbol><class-title date-revised="2013-01-01"><title-part><text>Chemical modification, e.g. esterification </text><reference><text>resin soaps <class-ref scheme="cpc">C11D</class-ref></text></reference></title-part></class-title></classification-item></classification-item>
<classification-item breakdown-code="false" not-allocatable="false" level="7" additional-only="false" sort-key="C09F3/00" definition-exists="true" ipc-concordant="C09F3/00" c-set-base-allowed="false" c-set-subsequent-allowed="true" date-revised="2013-01-01" status="published"><classification-symbol>C09F3/00</classification-symbol><class-title date-revised="2013-01-01"><title-part><text>Obtaining spirits of turpentine</text></title-part></class-title>
<classification-item breakdown-code="false" not-allocatable="false" level="8" additional-only="false" sort-key="C09F3/02" definition-exists="false" ipc-concordant="C09F3/02" c-set-base-allowed="false" c-set-subsequent-allowed="true" date-revised="2013-01-01" status="published"><classification-symbol>C09F3/02</classification-symbol><class-title date-revised="2013-01-01"><title-part><text>as a by-product in the paper-pulping process</text></title-part></class-title></classification-item></classification-item>
<classification-item breakdown-code="false" not-allocatable="false" level="7" additional-only="false" sort-key="C09F5/00" definition-exists="true" ipc-concordant="C09F5/00" c-set-base-allowed="false" c-set-subsequent-allowed="true" date-revised="2013-01-01" status="published"><classification-symbol>C09F5/00</classification-symbol><class-title date-revised="2013-01-01"><title-part><text>Obtaining drying-oils </text><reference><text>preparation of synthetic oil by polymerisation <class-ref scheme="cpc">C08F</class-ref>, <class-ref scheme="cpc">C08G</class-ref></text></reference></title-part></class-title>
<classification-item breakdown-code="false" not-allocatable="false" level="8" additional-only="false" sort-key="C09F5/02" definition-exists="false" ipc-concordant="C09F5/02" c-set-base-allowed="false" c-set-subsequent-allowed="true" date-revised="2013-01-01" status="published"><classification-symbol>C09F5/02</classification-symbol><class-title date-revised="2013-01-01"><title-part><text>from natural sources</text></title-part></class-title>
<classification-item breakdown-code="false" not-allocatable="false" level="9" additional-only="false" sort-key="C09F5/04" definition-exists="false" ipc-concordant="C09F5/04" c-set-base-allowed="false" c-set-subsequent-allowed="true" date-revised="2013-01-01" status="published"><classification-symbol>C09F5/04</classification-symbol><class-title date-revised="2013-01-01"><title-part><text>from cashew nuts</text></title-part></class-title></classification-item></classification-item>
<classification-item breakdown-code="false" not-allocatable="false" level="8" additional-only="false" sort-key="C09F5/06" definition-exists="false" ipc-concordant="C09F5/06" c-set-base-allowed="false" c-set-subsequent-allowed="true" date-revised="2013-01-01" status="published"><classification-symbol>C09F5/06</classification-symbol><class-title date-revised="2013-01-01"><title-part><text>by dehydration of hydroxylated fatty acids or oils</text></title-part></class-title></classification-item>
<classification-item breakdown-code="false" not-allocatable="false" level="8" additional-only="false" sort-key="C09F5/08" definition-exists="false" ipc-concordant="C09F5/08" c-set-base-allowed="false" c-set-subsequent-allowed="true" date-revised="2013-01-01" status="published"><classification-symbol>C09F5/08</classification-symbol><class-title date-revised="2013-01-01"><title-part><text>by esterification of fatty acids</text></title-part></class-title></classification-item>
<classification-item breakdown-code="false" not-allocatable="false" level="8" additional-only="false" sort-key="C09F5/10" definition-exists="false" ipc-concordant="C09F5/10" c-set-base-allowed="false" c-set-subsequent-allowed="true" date-revised="2013-01-01" status="published"><classification-symbol>C09F5/10</classification-symbol><class-title date-revised="2013-01-01"><title-part><text>Refining</text></title-part></class-title>
<classification-item breakdown-code="false" not-allocatable="false" level="9" additional-only="false" sort-key="C09F5/12" definition-exists="false" ipc-concordant="C09F5/12" c-set-base-allowed="false" c-set-subsequent-allowed="true" date-revised="2013-01-01" status="published"><classification-symbol>C09F5/12</classification-symbol><class-title date-revised="2013-01-01"><title-part><text>by distillation</text></title-part></class-title></classification-item></classification-item></classification-item>
<classification-item breakdown-code="false" not-allocatable="false" level="7" additional-only="false" sort-key="C09F7/00" definition-exists="true" ipc-concordant="C09F7/00" c-set-base-allowed="false" c-set-subsequent-allowed="true" date-revised="2013-01-01" status="published"><classification-symbol>C09F7/00</classification-symbol><class-title date-revised="2013-01-01"><title-part><text>Chemical modification of drying oils </text><reference><text>modifying by copolymerisation <class-ref scheme="cpc">C08F</class-ref>; polycondensation <class-ref scheme="cpc">C08G</class-ref>; factice <class-ref scheme="cpc">C08H</class-ref></text></reference></title-part></class-title>
<classification-item breakdown-code="false" not-allocatable="false" level="8" additional-only="false" sort-key="C09F7/02" definition-exists="false" ipc-concordant="C09F7/02" c-set-base-allowed="false" c-set-subsequent-allowed="true" date-revised="2013-01-01" status="published"><classification-symbol>C09F7/02</classification-symbol><class-title date-revised="2013-01-01"><title-part><text>by oxidising</text></title-part></class-title></classification-item>
<classification-item breakdown-code="false" not-allocatable="false" level="8" additional-only="false" sort-key="C09F7/04" definition-exists="false" ipc-concordant="C09F7/04" c-set-base-allowed="false" c-set-subsequent-allowed="true" date-revised="2013-01-01" status="published"><classification-symbol>C09F7/04</classification-symbol><class-title date-revised="2013-01-01"><title-part><text>by voltolising</text></title-part></class-title></classification-item>
<classification-item breakdown-code="false" not-allocatable="false" level="8" additional-only="false" sort-key="C09F7/06" definition-exists="false" ipc-concordant="C09F7/06" c-set-base-allowed="false" c-set-subsequent-allowed="true" date-revised="2013-01-01" status="published"><classification-symbol>C09F7/06</classification-symbol><class-title date-revised="2013-01-01"><title-part><text>by polymerisation</text></title-part></class-title></classification-item>
<classification-item breakdown-code="false" not-allocatable="false" level="8" additional-only="false" sort-key="C09F7/08" definition-exists="false" ipc-concordant="C09F7/08" c-set-base-allowed="false" c-set-subsequent-allowed="true" date-revised="2013-01-01" status="published"><classification-symbol>C09F7/08</classification-symbol><class-title date-revised="2013-01-01"><title-part><text>by isomerisation</text></title-part></class-title></classification-item>
<classification-item breakdown-code="false" not-allocatable="false" level="8" additional-only="false" sort-key="C09F7/10" definition-exists="false" ipc-concordant="C09F7/10" c-set-base-allowed="false" c-set-subsequent-allowed="true" date-revised="2013-01-01" status="published"><classification-symbol>C09F7/10</classification-symbol><class-title date-revised="2013-01-01"><title-part><text>by re-esterification</text></title-part></class-title></classification-item>
<classification-item breakdown-code="false" not-allocatable="false" level="8" additional-only="false" sort-key="C09F7/12" definition-exists="false" ipc-concordant="C09F7/12" c-set-base-allowed="false" c-set-subsequent-allowed="true" date-revised="2013-01-01" status="published"><classification-symbol>C09F7/12</classification-symbol><class-title date-revised="2013-01-01"><title-part><text>Apparatus therefor</text></title-part></class-title></classification-item></classification-item>
<classification-item breakdown-code="false" not-allocatable="false" level="7" additional-only="false" sort-key="C09F9/00" definition-exists="true" ipc-concordant="C09F9/00" c-set-base-allowed="false" c-set-subsequent-allowed="true" date-revised="2013-01-01" status="published"><classification-symbol>C09F9/00</classification-symbol><class-title date-revised="2013-01-01"><title-part><text>Compounds to be used as driers (siccatives)</text></title-part></class-title></classification-item>
<classification-item breakdown-code="false" not-allocatable="false" level="7" additional-only="false" sort-key="C09F11/00" definition-exists="true" ipc-concordant="C09F11/00" c-set-base-allowed="false" c-set-subsequent-allowed="true" date-revised="2013-01-01" status="published"><classification-symbol>C09F11/00</classification-symbol><class-title date-revised="2013-01-01"><title-part><text>Preparation of French polish</text></title-part></class-title></classification-item></classification-item></classification-item></class-scheme>