<?xml version="1.0" encoding="UTF-8"?>
<class-scheme publication-date="2021-05-01" scheme-type="cpc" publication-type="official">
<classification-item breakdown-code="false" not-allocatable="true" level="5" additional-only="false" sort-key="F41G" definition-exists="true" date-revised="2018-08-01" status="published"><classification-symbol>F41G</classification-symbol><class-title date-revised="2013-01-01"><title-part><text>WEAPON SIGHTS</text></title-part><title-part><text>AIMING </text><reference><text>optical aspects thereof <class-ref scheme="cpc">G02B</class-ref></text></reference></title-part></class-title><notes-and-warnings><note type="warning"><note-paragraph>In this subclass non-limiting references (in the sense of paragraph 39 of the Guide to the IPC) may still be displayed in the scheme.</note-paragraph></note></notes-and-warnings>
<classification-item breakdown-code="false" not-allocatable="true" level="6" additional-only="false" sort-key="F41G1/00" date-revised="2013-01-01" status="published"><classification-symbol>F41G1/00</classification-symbol>
<classification-item breakdown-code="false" not-allocatable="false" level="7" additional-only="false" sort-key="F41G1/00" definition-exists="true" ipc-concordant="F41G1/00" c-set-base-allowed="false" c-set-subsequent-allowed="true" date-revised="2017-08-01" status="published"><classification-symbol>F41G1/00</classification-symbol><class-title date-revised="2017-08-01"><title-part><text>Sighting devices </text><reference><text>for indirect laying of fire <class-ref scheme="cpc">F41G3/16</class-ref>; bombsights <class-ref scheme="cpc">F41G3/24</class-ref>  </text><CPC-specific-text><text>; structurally associated with laser telemeters <class-ref scheme="cpc">F41G3/065</class-ref>; mounting tubular or beam shaped aiming devices on firearms <class-ref scheme="cpc">F41G11/001</class-ref></text></CPC-specific-text></reference></title-part></class-title>
<classification-item breakdown-code="false" not-allocatable="false" level="8" additional-only="false" sort-key="F41G1/01" definition-exists="true" ipc-concordant="F41G1/01" c-set-base-allowed="false" c-set-subsequent-allowed="true" date-revised="2013-01-01" status="published"><classification-symbol>F41G1/01</classification-symbol><class-title date-revised="2013-01-01"><title-part><text>characterised by the visual combination effect of the respective geometrical forms of fore and rear sight </text><reference><text><class-ref scheme="cpc">F41G1/42</class-ref> takes precedence</text></reference></title-part></class-title></classification-item>
<classification-item breakdown-code="false" not-allocatable="false" level="8" additional-only="false" sort-key="F41G1/02" definition-exists="true" ipc-concordant="F41G1/02" c-set-base-allowed="false" c-set-subsequent-allowed="true" date-revised="2013-01-01" status="published"><classification-symbol>F41G1/02</classification-symbol><class-title date-revised="2013-01-01"><title-part><text>Foresights</text></title-part></class-title>
<classification-item breakdown-code="false" not-allocatable="false" level="9" additional-only="false" sort-key="F41G1/027" definition-exists="false" ipc-concordant="F41G1/027" c-set-base-allowed="false" c-set-subsequent-allowed="true" date-revised="2013-01-01" status="published"><classification-symbol>F41G1/027</classification-symbol><class-title date-revised="2013-01-01"><title-part><text>with lens</text></title-part></class-title></classification-item>
<classification-item breakdown-code="false" not-allocatable="false" level="9" additional-only="false" sort-key="F41G1/033" definition-exists="true" ipc-concordant="F41G1/033" c-set-base-allowed="false" c-set-subsequent-allowed="true" date-revised="2013-01-01" status="published"><classification-symbol>F41G1/033</classification-symbol><class-title date-revised="2013-01-01"><title-part><text>adjustable</text></title-part></class-title></classification-item>
<classification-item breakdown-code="false" not-allocatable="false" level="9" additional-only="false" sort-key="F41G1/04" definition-exists="false" ipc-concordant="F41G1/04" c-set-base-allowed="false" c-set-subsequent-allowed="true" date-revised="2013-01-01" status="published"><classification-symbol>F41G1/04</classification-symbol><class-title date-revised="2013-01-01"><title-part><text>Protection means therefor</text></title-part></class-title></classification-item></classification-item>
<classification-item breakdown-code="false" not-allocatable="false" level="8" additional-only="false" sort-key="F41G1/06" definition-exists="true" ipc-concordant="F41G1/06" c-set-base-allowed="false" c-set-subsequent-allowed="true" date-revised="2013-01-01" status="published"><classification-symbol>F41G1/06</classification-symbol><class-title date-revised="2013-01-01"><title-part><text>Rearsights</text></title-part></class-title>
<classification-item breakdown-code="false" not-allocatable="false" level="9" additional-only="false" sort-key="F41G1/065" definition-exists="false" ipc-concordant="F41G1/06" c-set-base-allowed="false" c-set-subsequent-allowed="true" date-revised="2013-01-01" status="published"><classification-symbol>F41G1/065</classification-symbol><class-title date-revised="2013-01-01"><title-part><CPC-specific-text><text>Protection means therefor </text><reference><text><class-ref scheme="cpc">F41G1/04</class-ref> takes precedence</text></reference></CPC-specific-text></title-part></class-title></classification-item>
<classification-item breakdown-code="false" not-allocatable="false" level="9" additional-only="false" sort-key="F41G1/08" definition-exists="true" ipc-concordant="F41G1/08" c-set-base-allowed="false" c-set-subsequent-allowed="true" date-revised="2017-08-01" status="published"><classification-symbol>F41G1/08</classification-symbol><class-title date-revised="2017-08-01"><title-part><text>with aperture </text><CPC-specific-text><text>; tubular or of ring form; Peep sights </text><reference><text><class-ref scheme="cpc">F41G1/42</class-ref> takes precedence</text></reference></CPC-specific-text></title-part></class-title></classification-item>
<classification-item breakdown-code="false" not-allocatable="false" level="9" additional-only="false" sort-key="F41G1/10" definition-exists="false" ipc-concordant="F41G1/10" c-set-base-allowed="false" c-set-subsequent-allowed="true" date-revised="2013-01-01" status="published"><classification-symbol>F41G1/10</classification-symbol><class-title date-revised="2013-01-01"><title-part><text>with notch</text></title-part></class-title></classification-item>
<classification-item breakdown-code="false" not-allocatable="false" level="9" additional-only="false" sort-key="F41G1/12" definition-exists="false" ipc-concordant="F41G1/12" c-set-base-allowed="false" c-set-subsequent-allowed="true" date-revised="2013-01-01" status="published"><classification-symbol>F41G1/12</classification-symbol><class-title date-revised="2013-01-01"><title-part><text>with line or mark other than notch</text></title-part></class-title></classification-item>
<classification-item breakdown-code="false" not-allocatable="false" level="9" additional-only="false" sort-key="F41G1/14" definition-exists="false" ipc-concordant="F41G1/14" c-set-base-allowed="false" c-set-subsequent-allowed="true" date-revised="2013-01-01" status="published"><classification-symbol>F41G1/14</classification-symbol><class-title date-revised="2013-01-01"><title-part><text>with lens</text></title-part></class-title></classification-item>
<classification-item breakdown-code="false" not-allocatable="false" level="9" additional-only="false" sort-key="F41G1/16" definition-exists="true" ipc-concordant="F41G1/16" c-set-base-allowed="false" c-set-subsequent-allowed="true" date-revised="2013-01-01" status="published"><classification-symbol>F41G1/16</classification-symbol><class-title date-revised="2013-01-01"><title-part><text>Adjusting mechanisms therefor</text></title-part><title-part><text>Mountings therefor</text></title-part></class-title>
<classification-item breakdown-code="false" not-allocatable="false" level="10" additional-only="false" sort-key="F41G1/17" definition-exists="false" ipc-concordant="F41G1/17" c-set-base-allowed="false" c-set-subsequent-allowed="true" date-revised="2013-01-01" status="published"><classification-symbol>F41G1/17</classification-symbol><class-title date-revised="2013-01-01"><title-part><text>Convertible sights, i.e. sets of two or more sights brought into the sight line optionally</text></title-part></class-title></classification-item>
<classification-item breakdown-code="false" not-allocatable="false" level="10" additional-only="false" sort-key="F41G1/18" definition-exists="false" ipc-concordant="F41G1/18" c-set-base-allowed="false" c-set-subsequent-allowed="true" date-revised="2013-01-01" status="published"><classification-symbol>F41G1/18</classification-symbol><class-title date-revised="2013-01-01"><title-part><text>Clicking-indicators with spring detents</text></title-part></class-title></classification-item>
<classification-item breakdown-code="false" not-allocatable="false" level="10" additional-only="false" sort-key="F41G1/20" definition-exists="false" ipc-concordant="F41G1/20" c-set-base-allowed="false" c-set-subsequent-allowed="true" date-revised="2013-01-01" status="published"><classification-symbol>F41G1/20</classification-symbol><class-title date-revised="2013-01-01"><title-part><text>coarse and fine</text></title-part></class-title></classification-item>
<classification-item breakdown-code="false" not-allocatable="false" level="10" additional-only="false" sort-key="F41G1/22" definition-exists="false" ipc-concordant="F41G1/22" c-set-base-allowed="false" c-set-subsequent-allowed="true" date-revised="2013-01-01" status="published"><classification-symbol>F41G1/22</classification-symbol><class-title date-revised="2013-01-01"><title-part><text>Friction clamps</text></title-part></class-title></classification-item>
<classification-item breakdown-code="false" not-allocatable="false" level="10" additional-only="false" sort-key="F41G1/24" definition-exists="false" ipc-concordant="F41G1/24" c-set-base-allowed="false" c-set-subsequent-allowed="true" date-revised="2013-01-01" status="published"><classification-symbol>F41G1/24</classification-symbol><class-title date-revised="2013-01-01"><title-part><text>rack-and-pinion</text></title-part><title-part><text>lever</text></title-part><title-part><text>linkwork</text></title-part></class-title></classification-item>
<classification-item breakdown-code="false" not-allocatable="false" level="10" additional-only="false" sort-key="F41G1/26" definition-exists="false" ipc-concordant="F41G1/26" c-set-base-allowed="false" c-set-subsequent-allowed="true" date-revised="2013-01-01" status="published"><classification-symbol>F41G1/26</classification-symbol><class-title date-revised="2013-01-01"><title-part><text>screw</text></title-part></class-title></classification-item>
<classification-item breakdown-code="false" not-allocatable="false" level="10" additional-only="false" sort-key="F41G1/28" definition-exists="false" ipc-concordant="F41G1/28" c-set-base-allowed="false" c-set-subsequent-allowed="true" date-revised="2013-01-01" status="published"><classification-symbol>F41G1/28</classification-symbol><class-title date-revised="2013-01-01"><title-part><text>wedge</text></title-part><title-part><text>cam</text></title-part><title-part><text>eccentric</text></title-part></class-title></classification-item></classification-item></classification-item>
<classification-item breakdown-code="false" not-allocatable="false" level="8" additional-only="false" sort-key="F41G1/30" definition-exists="true" ipc-concordant="F41G1/30" c-set-base-allowed="false" c-set-subsequent-allowed="true" date-revised="2013-01-01" status="published"><classification-symbol>F41G1/30</classification-symbol><class-title date-revised="2013-01-01"><title-part><text>Reflecting-sights specially adapted for smallarms or ordnance </text><reference><text>reflecting-sights in general <class-ref scheme="cpc">G02B</class-ref></text></reference></title-part></class-title></classification-item>
<classification-item breakdown-code="false" not-allocatable="false" level="8" additional-only="false" sort-key="F41G1/32" definition-exists="true" ipc-concordant="F41G1/32" c-set-base-allowed="false" c-set-subsequent-allowed="true" date-revised="2013-01-01" status="published"><classification-symbol>F41G1/32</classification-symbol><class-title date-revised="2013-01-01"><title-part><text>Night sights, e.g. luminescent </text><CPC-specific-text><reference><text>optical aspects of sighting devices <class-ref scheme="cpc">G02B23/00</class-ref>, <class-ref scheme="cpc">G02B27/00</class-ref></text></reference></CPC-specific-text></title-part></class-title>
<classification-item breakdown-code="false" not-allocatable="false" level="9" additional-only="false" sort-key="F41G1/34" definition-exists="false" ipc-concordant="F41G1/34" c-set-base-allowed="false" c-set-subsequent-allowed="true" date-revised="2019-01-01" status="published"><classification-symbol>F41G1/34</classification-symbol><class-title date-revised="2019-01-01"><title-part><text>combined with light source, e.g. spot light</text></title-part></class-title>
<classification-item breakdown-code="false" not-allocatable="false" level="10" additional-only="false" sort-key="F41G1/345" definition-exists="true" ipc-concordant="F41G1/34" c-set-base-allowed="false" c-set-subsequent-allowed="true" date-revised="2013-01-01" status="published"><classification-symbol>F41G1/345</classification-symbol><class-title date-revised="2013-01-01"><title-part><CPC-specific-text><text>for illuminating the sights</text></CPC-specific-text></title-part></class-title></classification-item>
<classification-item breakdown-code="false" not-allocatable="false" level="10" additional-only="false" sort-key="F41G1/35" definition-exists="true" ipc-concordant="F41G1/35" c-set-base-allowed="false" c-set-subsequent-allowed="true" date-revised="2017-08-01" status="published"><classification-symbol>F41G1/35</classification-symbol><class-title date-revised="2017-08-01"><title-part><text>for illuminating the target </text><CPC-specific-text><text>, e.g. flash lights</text></CPC-specific-text></title-part></class-title></classification-item>
<classification-item breakdown-code="false" not-allocatable="false" level="10" additional-only="false" sort-key="F41G1/36" definition-exists="false" ipc-concordant="F41G1/36" c-set-base-allowed="false" c-set-subsequent-allowed="true" date-revised="2013-01-01" status="published"><classification-symbol>F41G1/36</classification-symbol><class-title date-revised="2013-01-01"><title-part><text>with infra-red light source</text></title-part></class-title></classification-item></classification-item></classification-item>
<classification-item breakdown-code="false" not-allocatable="false" level="8" additional-only="false" sort-key="F41G1/38" definition-exists="true" ipc-concordant="F41G1/38" c-set-base-allowed="false" c-set-subsequent-allowed="true" date-revised="2013-01-01" status="published"><classification-symbol>F41G1/38</classification-symbol><class-title date-revised="2013-01-01"><title-part><text>Telescopic sights specially adapted for smallarms or ordnance </text><reference><text>telescopic sights in general <class-ref scheme="cpc">G02B</class-ref></text></reference></title-part><title-part><text>Supports or mountings therefor</text></title-part></class-title>
<classification-item breakdown-code="false" not-allocatable="false" level="9" additional-only="false" sort-key="F41G1/383" definition-exists="false" ipc-concordant="F41G1/38" c-set-base-allowed="false" c-set-subsequent-allowed="true" date-revised="2013-01-01" status="published"><classification-symbol>F41G1/383</classification-symbol><class-title date-revised="2013-01-01"><title-part><CPC-specific-text><text>Protection means therefor</text></CPC-specific-text></title-part></class-title></classification-item>
<classification-item breakdown-code="false" not-allocatable="false" level="9" additional-only="false" sort-key="F41G1/387" definition-exists="true" ipc-concordant="F41G1/387" c-set-base-allowed="false" c-set-subsequent-allowed="true" date-revised="2013-01-01" status="published"><classification-symbol>F41G1/387</classification-symbol><class-title date-revised="2013-01-01"><title-part><text>Mounting telescopic sights on smallarms</text></title-part></class-title></classification-item>
<classification-item breakdown-code="false" not-allocatable="false" level="9" additional-only="false" sort-key="F41G1/393" definition-exists="false" ipc-concordant="F41G1/393" c-set-base-allowed="false" c-set-subsequent-allowed="true" date-revised="2013-01-01" status="published"><classification-symbol>F41G1/393</classification-symbol><class-title date-revised="2013-01-01"><title-part><text>Mounting telescopic sights on ordnance</text></title-part><title-part><text>Transmission of sight movements to the associated gun</text></title-part></class-title>
<classification-item breakdown-code="false" not-allocatable="false" level="10" additional-only="false" sort-key="F41G1/3935" definition-exists="false" ipc-concordant="F41G1/393" c-set-base-allowed="false" c-set-subsequent-allowed="true" date-revised="2015-10-01" status="published"><classification-symbol>F41G1/3935</classification-symbol><class-title date-revised="2015-10-01"><title-part><CPC-specific-text><text>Transmission of sight movements to the associated gun</text></CPC-specific-text></title-part></class-title></classification-item></classification-item></classification-item>
<classification-item breakdown-code="false" not-allocatable="false" level="8" additional-only="false" sort-key="F41G1/40" definition-exists="true" ipc-concordant="F41G1/40" c-set-base-allowed="false" c-set-subsequent-allowed="true" date-revised="2013-01-01" status="published"><classification-symbol>F41G1/40</classification-symbol><class-title date-revised="2013-01-01"><title-part><text>Periscopic sights specially adapted for smallarms or ordnance </text><reference><text>periscopic sights in general <class-ref scheme="cpc">G02B</class-ref></text></reference></title-part><title-part><text>Supports or mountings therefor</text></title-part></class-title>
<classification-item breakdown-code="false" not-allocatable="false" level="9" additional-only="false" sort-key="F41G1/41" definition-exists="true" ipc-concordant="F41G1/41" c-set-base-allowed="false" c-set-subsequent-allowed="true" date-revised="2013-01-01" status="published"><classification-symbol>F41G1/41</classification-symbol><class-title date-revised="2013-01-01"><title-part><text>Mounting periscopic sights on smallarms</text></title-part></class-title></classification-item></classification-item>
<classification-item breakdown-code="false" not-allocatable="false" level="8" additional-only="false" sort-key="F41G1/42" definition-exists="true" ipc-concordant="F41G1/42" c-set-base-allowed="false" c-set-subsequent-allowed="true" date-revised="2017-08-01" status="published"><classification-symbol>F41G1/42</classification-symbol><class-title date-revised="2017-08-01"><title-part><text>Tube sights</text></title-part><title-part><text>Bar sights </text><CPC-specific-text><text>; Combinations of tubular fore and rearsights</text></CPC-specific-text></title-part></class-title>
<classification-item breakdown-code="false" not-allocatable="false" level="9" additional-only="false" sort-key="F41G1/425" definition-exists="true" ipc-concordant="F41G1/42" c-set-base-allowed="false" c-set-subsequent-allowed="true" date-revised="2013-01-01" status="published"><classification-symbol>F41G1/425</classification-symbol><class-title date-revised="2013-01-01"><title-part><CPC-specific-text><text>Bar sights</text></CPC-specific-text></title-part></class-title></classification-item></classification-item>
<classification-item breakdown-code="false" not-allocatable="false" level="8" additional-only="false" sort-key="F41G1/44" definition-exists="true" ipc-concordant="F41G1/44" c-set-base-allowed="false" c-set-subsequent-allowed="true" date-revised="2013-01-01" status="published"><classification-symbol>F41G1/44</classification-symbol><class-title date-revised="2013-01-01"><title-part><text>Spirit-level adjusting means, e.g. for correcting tilt; </text><CPC-specific-text><text>Means for indicating or correcting tilt or cant</text></CPC-specific-text></title-part></class-title></classification-item>
<classification-item breakdown-code="false" not-allocatable="false" level="8" additional-only="false" sort-key="F41G1/46" definition-exists="true" ipc-concordant="F41G1/46" c-set-base-allowed="false" c-set-subsequent-allowed="true" date-revised="2013-01-01" status="published"><classification-symbol>F41G1/46</classification-symbol><class-title date-revised="2013-01-01"><title-part><text>for particular applications</text></title-part></class-title>
<classification-item breakdown-code="false" not-allocatable="false" level="9" additional-only="false" sort-key="F41G1/467" definition-exists="true" ipc-concordant="F41G1/467" c-set-base-allowed="false" c-set-subsequent-allowed="true" date-revised="2013-01-01" status="published"><classification-symbol>F41G1/467</classification-symbol><class-title date-revised="2013-01-01"><title-part><text>for bows</text></title-part></class-title></classification-item>
<classification-item breakdown-code="false" not-allocatable="false" level="9" additional-only="false" sort-key="F41G1/473" definition-exists="true" ipc-concordant="F41G1/473" c-set-base-allowed="false" c-set-subsequent-allowed="true" date-revised="2013-01-01" status="published"><classification-symbol>F41G1/473</classification-symbol><class-title date-revised="2013-01-01"><title-part><text>for lead-indicating or range-finding, e.g. for use with rifles or shotguns</text></title-part></class-title></classification-item>
<classification-item breakdown-code="false" not-allocatable="false" level="9" additional-only="false" sort-key="F41G1/48" definition-exists="false" ipc-concordant="F41G1/48" c-set-base-allowed="false" c-set-subsequent-allowed="true" date-revised="2013-01-01" status="published"><classification-symbol>F41G1/48</classification-symbol><class-title date-revised="2013-01-01"><title-part><text>for firing grenades from rifles</text></title-part></class-title></classification-item>
<classification-item breakdown-code="false" not-allocatable="false" level="9" additional-only="false" sort-key="F41G1/50" definition-exists="false" ipc-concordant="F41G1/50" c-set-base-allowed="false" c-set-subsequent-allowed="true" date-revised="2013-01-01" status="published"><classification-symbol>F41G1/50</classification-symbol><class-title date-revised="2013-01-01"><title-part><text>for trench mortars </text><CPC-specific-text><text>or for other mortars</text></CPC-specific-text></title-part></class-title></classification-item>
<classification-item breakdown-code="false" not-allocatable="false" level="9" additional-only="false" sort-key="F41G1/52" definition-exists="false" ipc-concordant="F41G1/52" c-set-base-allowed="false" c-set-subsequent-allowed="true" date-revised="2013-01-01" status="published"><classification-symbol>F41G1/52</classification-symbol><class-title date-revised="2013-01-01"><title-part><text>for rifles or shotguns having two or more barrels, or adapted to fire different kinds of ammunition, e.g. ball or shot</text></title-part></class-title></classification-item></classification-item>
<classification-item breakdown-code="false" not-allocatable="false" level="8" additional-only="false" sort-key="F41G1/54" definition-exists="true" ipc-concordant="F41G1/54" c-set-base-allowed="false" c-set-subsequent-allowed="true" date-revised="2017-08-01" status="published"><classification-symbol>F41G1/54</classification-symbol><class-title date-revised="2017-08-01"><title-part><text>Devices for testing or checking </text><CPC-specific-text><text>; Tools for adjustment of sights</text></CPC-specific-text></title-part></class-title>
<classification-item breakdown-code="false" not-allocatable="false" level="9" additional-only="false" sort-key="F41G1/545" definition-exists="false" ipc-concordant="F41G1/54" c-set-base-allowed="false" c-set-subsequent-allowed="true" date-revised="2013-01-01" status="published"><classification-symbol>F41G1/545</classification-symbol><class-title date-revised="2013-01-01"><title-part><CPC-specific-text><text>Tools for adjustment of sights</text></CPC-specific-text></title-part></class-title></classification-item></classification-item></classification-item>
<classification-item breakdown-code="false" not-allocatable="false" level="7" additional-only="false" sort-key="F41G3/00" definition-exists="true" ipc-concordant="F41G3/00" c-set-base-allowed="false" c-set-subsequent-allowed="true" date-revised="2018-01-01" status="published"><classification-symbol>F41G3/00</classification-symbol><class-title date-revised="2018-01-01"><title-part><text>Aiming or laying means </text><reference><text>sighting devices <class-ref scheme="cpc">F41G1/00</class-ref>; determining direction, distance or velocity by use of radio or other waves <class-ref scheme="cpc">G01S</class-ref>; computers <class-ref scheme="cpc">G06</class-ref>; antennas <class-ref scheme="cpc">H01Q</class-ref></text></reference></title-part></class-title>
<classification-item breakdown-code="false" not-allocatable="false" level="8" additional-only="false" sort-key="F41G3/005" definition-exists="false" ipc-concordant="F41G3/00" c-set-base-allowed="false" c-set-subsequent-allowed="true" date-revised="2013-01-01" status="published"><classification-symbol>F41G3/005</classification-symbol><class-title date-revised="2013-01-01"><title-part><CPC-specific-text><text>with means for correcting the parallax between the sighting means and the muzzle axis</text></CPC-specific-text></title-part></class-title></classification-item>
<classification-item breakdown-code="false" not-allocatable="false" level="8" additional-only="false" sort-key="F41G3/02" definition-exists="false" ipc-concordant="F41G3/02" c-set-base-allowed="false" c-set-subsequent-allowed="true" date-revised="2013-01-01" status="published"><classification-symbol>F41G3/02</classification-symbol><class-title date-revised="2013-01-01"><title-part><text>using an independent line of sight</text></title-part></class-title></classification-item>
<classification-item breakdown-code="false" not-allocatable="false" level="8" additional-only="false" sort-key="F41G3/04" definition-exists="false" ipc-concordant="F41G3/04" c-set-base-allowed="false" c-set-subsequent-allowed="true" date-revised="2017-08-01" status="published"><classification-symbol>F41G3/04</classification-symbol><class-title date-revised="2017-08-01"><title-part><text>for dispersing fire from a battery </text><CPC-specific-text><text>; for controlling spread of shots; for coordinating fire from spaced weapons</text></CPC-specific-text></title-part></class-title></classification-item>
<classification-item breakdown-code="false" not-allocatable="false" level="8" additional-only="false" sort-key="F41G3/06" definition-exists="false" ipc-concordant="F41G3/06" c-set-base-allowed="false" c-set-subsequent-allowed="true" date-revised="2013-01-01" status="published"><classification-symbol>F41G3/06</classification-symbol><class-title date-revised="2013-01-01"><title-part><text>with rangefinder </text><reference><text>rangefinders <u>per se</u> <class-ref scheme="cpc">G01C</class-ref></text></reference></title-part></class-title>
<classification-item breakdown-code="false" not-allocatable="false" level="9" additional-only="false" sort-key="F41G3/065" definition-exists="false" ipc-concordant="F41G3/06" c-set-base-allowed="false" c-set-subsequent-allowed="true" date-revised="2013-01-01" status="published"><classification-symbol>F41G3/065</classification-symbol><class-title date-revised="2013-01-01"><title-part><CPC-specific-text><text>Structural association of sighting-devices with laser telemeters</text></CPC-specific-text></title-part></class-title></classification-item></classification-item>
<classification-item breakdown-code="false" not-allocatable="false" level="8" additional-only="false" sort-key="F41G3/08" definition-exists="false" ipc-concordant="F41G3/08" c-set-base-allowed="false" c-set-subsequent-allowed="true" date-revised="2013-01-01" status="published"><classification-symbol>F41G3/08</classification-symbol><class-title date-revised="2013-01-01"><title-part><text>with means for compensating for speed, direction, temperature, pressure, or humidity of the atmosphere </text><reference><text>measuring <class-ref scheme="cpc">G01</class-ref></text></reference></title-part></class-title></classification-item>
<classification-item breakdown-code="false" not-allocatable="false" level="8" additional-only="false" sort-key="F41G3/10" definition-exists="false" ipc-concordant="F41G3/10" c-set-base-allowed="false" c-set-subsequent-allowed="true" date-revised="2013-01-01" status="published"><classification-symbol>F41G3/10</classification-symbol><class-title date-revised="2013-01-01"><title-part><text>with means for compensating for canting of the trunnions</text></title-part></class-title></classification-item>
<classification-item breakdown-code="false" not-allocatable="false" level="8" additional-only="false" sort-key="F41G3/12" definition-exists="false" ipc-concordant="F41G3/12" c-set-base-allowed="false" c-set-subsequent-allowed="true" date-revised="2013-01-01" status="published"><classification-symbol>F41G3/12</classification-symbol><class-title date-revised="2013-01-01"><title-part><text>with means for compensating for muzzle velocity or powder temperature </text><CPC-specific-text><text>with means for compensating for gun vibrations</text></CPC-specific-text></title-part></class-title></classification-item>
<classification-item breakdown-code="false" not-allocatable="false" level="8" additional-only="false" sort-key="F41G3/14" definition-exists="false" ipc-concordant="F41G3/14" c-set-base-allowed="false" c-set-subsequent-allowed="true" date-revised="2013-01-01" status="published"><classification-symbol>F41G3/14</classification-symbol><class-title date-revised="2013-01-01"><title-part><text>Indirect aiming means</text></title-part></class-title>
<classification-item breakdown-code="false" not-allocatable="false" level="9" additional-only="false" sort-key="F41G3/142" definition-exists="false" ipc-concordant="F41G3/14" c-set-base-allowed="false" c-set-subsequent-allowed="true" date-revised="2013-01-01" status="published"><classification-symbol>F41G3/142</classification-symbol><class-title date-revised="2013-01-01"><title-part><CPC-specific-text><text>based on observation of a first shoot; using a simulated shoot </text><reference><text>training <class-ref scheme="cpc">F41G3/26</class-ref></text></reference></CPC-specific-text></title-part></class-title></classification-item>
<classification-item breakdown-code="false" not-allocatable="false" level="9" additional-only="false" sort-key="F41G3/145" definition-exists="false" ipc-concordant="F41G3/14" c-set-base-allowed="false" c-set-subsequent-allowed="true" date-revised="2013-01-01" status="published"><classification-symbol>F41G3/145</classification-symbol><class-title date-revised="2013-01-01"><title-part><CPC-specific-text><text>using a target illuminator</text></CPC-specific-text></title-part></class-title></classification-item>
<classification-item breakdown-code="false" not-allocatable="false" level="9" additional-only="false" sort-key="F41G3/147" definition-exists="false" ipc-concordant="F41G3/14" c-set-base-allowed="false" c-set-subsequent-allowed="true" date-revised="2013-01-01" status="published"><classification-symbol>F41G3/147</classification-symbol><class-title date-revised="2013-01-01"><title-part><CPC-specific-text><text>based on detection of a firing weapon</text></CPC-specific-text></title-part></class-title></classification-item>
<classification-item breakdown-code="false" not-allocatable="false" level="9" additional-only="false" sort-key="F41G3/16" definition-exists="false" ipc-concordant="F41G3/16" c-set-base-allowed="false" c-set-subsequent-allowed="true" date-revised="2013-01-01" status="published"><classification-symbol>F41G3/16</classification-symbol><class-title date-revised="2013-01-01"><title-part><text>Sighting devices adapted for indirect laying of fire</text></title-part></class-title>
<classification-item breakdown-code="false" not-allocatable="false" level="10" additional-only="false" sort-key="F41G3/165" definition-exists="false" ipc-concordant="F41G3/16" c-set-base-allowed="false" c-set-subsequent-allowed="true" date-revised="2013-01-01" status="published"><classification-symbol>F41G3/165</classification-symbol><class-title date-revised="2013-01-01"><title-part><CPC-specific-text><text>using a TV-monitor</text></CPC-specific-text></title-part></class-title></classification-item></classification-item>
<classification-item breakdown-code="false" not-allocatable="false" level="9" additional-only="false" sort-key="F41G3/18" definition-exists="false" ipc-concordant="F41G3/18" c-set-base-allowed="false" c-set-subsequent-allowed="true" date-revised="2013-01-01" status="published"><classification-symbol>F41G3/18</classification-symbol><class-title date-revised="2013-01-01"><title-part><text>Auxiliary target devices adapted for indirect laying of fire</text></title-part></class-title></classification-item>
<classification-item breakdown-code="false" not-allocatable="false" level="9" additional-only="false" sort-key="F41G3/20" definition-exists="false" ipc-concordant="F41G3/20" c-set-base-allowed="false" c-set-subsequent-allowed="true" date-revised="2013-01-01" status="published"><classification-symbol>F41G3/20</classification-symbol><class-title date-revised="2013-01-01"><title-part><text>specially adapted for mountain artillery</text></title-part></class-title></classification-item></classification-item>
<classification-item breakdown-code="false" not-allocatable="false" level="8" additional-only="false" sort-key="F41G3/22" definition-exists="false" ipc-concordant="F41G3/22" c-set-base-allowed="false" c-set-subsequent-allowed="true" date-revised="2013-01-01" status="published"><classification-symbol>F41G3/22</classification-symbol><class-title date-revised="2013-01-01"><title-part><text>for vehicle-borne armament, e.g. on aircraft</text></title-part></class-title>
<classification-item breakdown-code="false" not-allocatable="false" level="9" additional-only="false" sort-key="F41G3/225" definition-exists="false" ipc-concordant="F41G3/22" c-set-base-allowed="false" c-set-subsequent-allowed="true" date-revised="2013-01-01" status="published"><classification-symbol>F41G3/225</classification-symbol><class-title date-revised="2013-01-01"><title-part><CPC-specific-text><text>Helmet sighting systems</text></CPC-specific-text></title-part></class-title></classification-item>
<classification-item breakdown-code="false" not-allocatable="false" level="9" additional-only="false" sort-key="F41G3/24" definition-exists="false" ipc-concordant="F41G3/24" c-set-base-allowed="false" c-set-subsequent-allowed="true" date-revised="2013-01-01" status="published"><classification-symbol>F41G3/24</classification-symbol><class-title date-revised="2013-01-01"><title-part><text>Bombsights</text></title-part></class-title></classification-item></classification-item>
<classification-item breakdown-code="false" not-allocatable="false" level="8" additional-only="false" sort-key="F41G3/26" definition-exists="false" ipc-concordant="F41G3/26" c-set-base-allowed="false" c-set-subsequent-allowed="true" date-revised="2013-01-01" status="published"><classification-symbol>F41G3/26</classification-symbol><class-title date-revised="2013-01-01"><title-part><text>Teaching or practice apparatus for gun-aiming or gun-laying </text><CPC-specific-text><reference><text>shooting games <class-ref scheme="cpc">A63F9/02</class-ref>; light- or radiation-emitting guns <class-ref scheme="cpc">F41A33/02</class-ref>; targets therefor <class-ref scheme="cpc">F41J</class-ref>; responders, transponders for radar, sonar, lidar <class-ref scheme="cpc">G01S13/767</class-ref>, <class-ref scheme="cpc">G01S15/74</class-ref>, <class-ref scheme="cpc">G01S17/74</class-ref></text></reference></CPC-specific-text></title-part></class-title>
<classification-item breakdown-code="false" not-allocatable="false" level="9" additional-only="false" sort-key="F41G3/2605" definition-exists="false" ipc-concordant="F41G3/26" c-set-base-allowed="false" c-set-subsequent-allowed="true" date-revised="2013-01-01" status="published"><classification-symbol>F41G3/2605</classification-symbol><class-title date-revised="2013-01-01"><title-part><CPC-specific-text><text>using a view recording device cosighted with the gun </text><reference><text><class-ref scheme="cpc">F41G3/2616</class-ref> takes precedence</text></reference></CPC-specific-text></title-part></class-title>
<classification-item breakdown-code="false" not-allocatable="false" level="10" additional-only="false" sort-key="F41G3/2611" definition-exists="false" ipc-concordant="F41G3/26" c-set-base-allowed="false" c-set-subsequent-allowed="true" date-revised="2013-01-01" status="published"><classification-symbol>F41G3/2611</classification-symbol><class-title date-revised="2013-01-01"><title-part><CPC-specific-text><text>coacting with a TV-monitor</text></CPC-specific-text></title-part></class-title></classification-item></classification-item>
<classification-item breakdown-code="false" not-allocatable="false" level="9" additional-only="false" sort-key="F41G3/2616" definition-exists="false" ipc-concordant="F41G3/26" c-set-base-allowed="false" c-set-subsequent-allowed="true" date-revised="2013-01-01" status="published"><classification-symbol>F41G3/2616</classification-symbol><class-title date-revised="2013-01-01"><title-part><CPC-specific-text><text>using a light emitting device</text></CPC-specific-text></title-part></class-title>
<classification-item breakdown-code="false" not-allocatable="false" level="10" additional-only="false" sort-key="F41G3/2622" definition-exists="false" ipc-concordant="F41G3/26" c-set-base-allowed="false" c-set-subsequent-allowed="true" date-revised="2013-01-01" status="published"><classification-symbol>F41G3/2622</classification-symbol><class-title date-revised="2013-01-01"><title-part><CPC-specific-text><text>for simulating the firing of a gun or the trajectory of a projectile</text></CPC-specific-text></title-part></class-title>
<classification-item breakdown-code="false" not-allocatable="false" level="11" additional-only="false" sort-key="F41G3/2627" definition-exists="false" ipc-concordant="F41G3/26" c-set-base-allowed="false" c-set-subsequent-allowed="true" date-revised="2013-01-01" status="published"><classification-symbol>F41G3/2627</classification-symbol><class-title date-revised="2013-01-01"><title-part><CPC-specific-text><text>Cooperating with a motion picture projector</text></CPC-specific-text></title-part></class-title>
<classification-item breakdown-code="false" not-allocatable="false" level="12" additional-only="false" sort-key="F41G3/2633" definition-exists="false" ipc-concordant="F41G3/26" c-set-base-allowed="false" c-set-subsequent-allowed="true" date-revised="2013-01-01" status="published"><classification-symbol>F41G3/2633</classification-symbol><class-title date-revised="2013-01-01"><title-part><CPC-specific-text><text>using a TV type screen, e.g. a CRT, displaying a simulated target</text></CPC-specific-text></title-part></class-title>
<classification-item breakdown-code="false" not-allocatable="false" level="13" additional-only="false" sort-key="F41G3/2638" definition-exists="false" ipc-concordant="F41G3/26" c-set-base-allowed="false" c-set-subsequent-allowed="true" date-revised="2013-01-01" status="published"><classification-symbol>F41G3/2638</classification-symbol><class-title date-revised="2013-01-01"><title-part><CPC-specific-text><text>giving hit coordinates by means of raster control signals, e.g. standard light pen</text></CPC-specific-text></title-part></class-title></classification-item></classification-item></classification-item>
<classification-item breakdown-code="false" not-allocatable="false" level="11" additional-only="false" sort-key="F41G3/2644" definition-exists="false" ipc-concordant="F41G3/26" c-set-base-allowed="false" c-set-subsequent-allowed="true" date-revised="2013-01-01" status="published"><classification-symbol>F41G3/2644</classification-symbol><class-title date-revised="2013-01-01"><title-part><CPC-specific-text><text>Displaying the trajectory or the impact point of a simulated projectile in the gunner&apos;s sight</text></CPC-specific-text></title-part></class-title></classification-item>
<classification-item breakdown-code="false" not-allocatable="false" level="11" additional-only="false" sort-key="F41G3/265" definition-exists="false" ipc-concordant="F41G3/26" c-set-base-allowed="false" c-set-subsequent-allowed="true" date-revised="2013-01-01" status="published"><classification-symbol>F41G3/265</classification-symbol><class-title date-revised="2013-01-01"><title-part><CPC-specific-text><text>with means for selecting or varying the shape or the direction of the emitted beam</text></CPC-specific-text></title-part></class-title></classification-item>
<classification-item breakdown-code="false" not-allocatable="false" level="11" additional-only="false" sort-key="F41G3/2655" definition-exists="false" ipc-concordant="F41G3/26" c-set-base-allowed="false" c-set-subsequent-allowed="true" date-revised="2013-01-01" status="published"><classification-symbol>F41G3/2655</classification-symbol><class-title date-revised="2013-01-01"><title-part><CPC-specific-text><text>in which the light beam is sent from the weapon to the target</text></CPC-specific-text></title-part></class-title></classification-item>
<classification-item breakdown-code="false" not-allocatable="false" level="11" additional-only="false" sort-key="F41G3/2661" definition-exists="false" ipc-concordant="F41G3/26" c-set-base-allowed="false" c-set-subsequent-allowed="true" date-revised="2013-01-01" status="published"><classification-symbol>F41G3/2661</classification-symbol><class-title date-revised="2013-01-01"><title-part><CPC-specific-text><text>in which the light beam is sent from the target to the weapon </text><reference><text><class-ref scheme="cpc">F41G3/2638</class-ref> takes precedence</text></reference></CPC-specific-text></title-part></class-title></classification-item>
<classification-item breakdown-code="false" not-allocatable="false" level="11" additional-only="false" sort-key="F41G3/2666" definition-exists="false" ipc-concordant="F41G3/26" c-set-base-allowed="false" c-set-subsequent-allowed="true" date-revised="2013-01-01" status="published"><classification-symbol>F41G3/2666</classification-symbol><class-title date-revised="2013-01-01"><title-part><CPC-specific-text><text>with means for selecting or varying PRF or time coding of the emitted beam</text></CPC-specific-text></title-part></class-title>
<classification-item breakdown-code="false" not-allocatable="false" level="12" additional-only="false" sort-key="F41G3/2672" definition-exists="false" ipc-concordant="F41G3/26" c-set-base-allowed="false" c-set-subsequent-allowed="true" date-revised="2013-01-01" status="published"><classification-symbol>F41G3/2672</classification-symbol><class-title date-revised="2013-01-01"><title-part><CPC-specific-text><text>using PRF adapted receiver</text></CPC-specific-text></title-part></class-title>
<classification-item breakdown-code="false" not-allocatable="false" level="13" additional-only="false" sort-key="F41G3/2677" definition-exists="false" ipc-concordant="F41G3/26" c-set-base-allowed="false" c-set-subsequent-allowed="true" date-revised="2013-01-01" status="published"><classification-symbol>F41G3/2677</classification-symbol><class-title date-revised="2013-01-01"><title-part><CPC-specific-text><text>with PRF determination</text></CPC-specific-text></title-part></class-title></classification-item></classification-item></classification-item>
<classification-item breakdown-code="false" not-allocatable="false" level="11" additional-only="false" sort-key="F41G3/2683" definition-exists="false" ipc-concordant="F41G3/26" c-set-base-allowed="false" c-set-subsequent-allowed="true" date-revised="2013-01-01" status="published"><classification-symbol>F41G3/2683</classification-symbol><class-title date-revised="2013-01-01"><title-part><CPC-specific-text><text>with reflection of the beam on the target back to the weapon</text></CPC-specific-text></title-part></class-title>
<classification-item breakdown-code="false" not-allocatable="false" level="12" additional-only="false" sort-key="F41G3/2688" definition-exists="false" ipc-concordant="F41G3/26" c-set-base-allowed="false" c-set-subsequent-allowed="true" date-revised="2013-01-01" status="published"><classification-symbol>F41G3/2688</classification-symbol><class-title date-revised="2013-01-01"><title-part><CPC-specific-text><text>using target range measurement, e.g. with a laser rangefinder</text></CPC-specific-text></title-part></class-title></classification-item></classification-item></classification-item>
<classification-item breakdown-code="false" not-allocatable="false" level="10" additional-only="false" sort-key="F41G3/2694" definition-exists="false" ipc-concordant="F41G3/26" c-set-base-allowed="false" c-set-subsequent-allowed="true" date-revised="2013-01-01" status="published"><classification-symbol>F41G3/2694</classification-symbol><class-title date-revised="2013-01-01"><title-part><CPC-specific-text><text>for simulating a target </text><reference><text><class-ref scheme="cpc">F41G3/2627</class-ref> takes precedence; moving targets <u>per se</u> <class-ref scheme="cpc">F41J9/00</class-ref></text></reference></CPC-specific-text></title-part></class-title></classification-item></classification-item>
<classification-item breakdown-code="false" not-allocatable="false" level="9" additional-only="false" sort-key="F41G3/28" definition-exists="false" ipc-concordant="F41G3/28" c-set-base-allowed="false" c-set-subsequent-allowed="true" date-revised="2013-01-01" status="published"><classification-symbol>F41G3/28</classification-symbol><class-title date-revised="2013-01-01"><title-part><text>Small-scale apparatus </text><reference><text>relief models or maps <class-ref scheme="cpc">G09B</class-ref></text></reference></title-part></class-title></classification-item>
<classification-item breakdown-code="false" not-allocatable="false" level="9" additional-only="false" sort-key="F41G3/30" definition-exists="false" ipc-concordant="F41G3/30" c-set-base-allowed="false" c-set-subsequent-allowed="true" date-revised="2013-01-01" status="published"><classification-symbol>F41G3/30</classification-symbol><class-title date-revised="2013-01-01"><title-part><text>Gun-laying apparatus</text></title-part></class-title></classification-item></classification-item>
<classification-item breakdown-code="false" not-allocatable="false" level="8" additional-only="false" sort-key="F41G3/32" definition-exists="false" ipc-concordant="F41G3/32" c-set-base-allowed="false" c-set-subsequent-allowed="true" date-revised="2013-01-01" status="published"><classification-symbol>F41G3/32</classification-symbol><class-title date-revised="2013-01-01"><title-part><text>Devices for testing or checking</text></title-part></class-title>
<classification-item breakdown-code="false" not-allocatable="false" level="9" additional-only="false" sort-key="F41G3/323" definition-exists="false" ipc-concordant="F41G3/32" c-set-base-allowed="false" c-set-subsequent-allowed="true" date-revised="2013-01-01" status="published"><classification-symbol>F41G3/323</classification-symbol><class-title date-revised="2013-01-01"><title-part><CPC-specific-text><text>for checking the angle between the muzzle axis of the gun and a reference axis, e.g. the axis of the associated sighting device </text><reference><text>testing alignment of axes in general <class-ref scheme="cpc">G01B11/27</class-ref></text></reference></CPC-specific-text></title-part></class-title></classification-item>
<classification-item breakdown-code="false" not-allocatable="false" level="9" additional-only="false" sort-key="F41G3/326" definition-exists="false" ipc-concordant="F41G3/32" c-set-base-allowed="false" c-set-subsequent-allowed="true" date-revised="2013-01-01" status="published"><classification-symbol>F41G3/326</classification-symbol><class-title date-revised="2013-01-01"><title-part><CPC-specific-text><text>for checking the angle between the axis of the gun sighting device and an auxiliary measuring device </text><reference><text><class-ref scheme="cpc">F41G3/323</class-ref> takes precedence</text></reference></CPC-specific-text></title-part></class-title></classification-item></classification-item></classification-item>
<classification-item breakdown-code="false" not-allocatable="false" level="7" additional-only="false" sort-key="F41G5/00" definition-exists="true" ipc-concordant="F41G5/00" c-set-base-allowed="false" c-set-subsequent-allowed="true" date-revised="2013-01-01" status="published"><classification-symbol>F41G5/00</classification-symbol><class-title date-revised="2013-01-01"><title-part><text>Elevating or traversing control systems for guns </text><reference><CPC-specific-text><text>means for inhibiting firing in a specified direction <class-ref scheme="cpc">F41A17/08</class-ref></text></CPC-specific-text><text>; gun mountings permitting traversing or elevating movement, e.g. gun carriages, <class-ref scheme="cpc">F41A27/00</class-ref>; computers <class-ref scheme="cpc">G06</class-ref></text></reference></title-part></class-title>
<classification-item breakdown-code="false" not-allocatable="false" level="8" additional-only="false" sort-key="F41G5/02" definition-exists="false" ipc-concordant="F41G5/02" c-set-base-allowed="false" c-set-subsequent-allowed="true" date-revised="2013-01-01" status="published"><classification-symbol>F41G5/02</classification-symbol><class-title date-revised="2013-01-01"><title-part><text>using only mechanical means for remote control</text></title-part></class-title></classification-item>
<classification-item breakdown-code="false" not-allocatable="false" level="8" additional-only="false" sort-key="F41G5/04" definition-exists="false" ipc-concordant="F41G5/04" c-set-base-allowed="false" c-set-subsequent-allowed="true" date-revised="2013-01-01" status="published"><classification-symbol>F41G5/04</classification-symbol><class-title date-revised="2013-01-01"><title-part><text>using hydraulic means for remote control</text></title-part></class-title></classification-item>
<classification-item breakdown-code="false" not-allocatable="false" level="8" additional-only="false" sort-key="F41G5/06" definition-exists="false" ipc-concordant="F41G5/06" c-set-base-allowed="false" c-set-subsequent-allowed="true" date-revised="2013-01-01" status="published"><classification-symbol>F41G5/06</classification-symbol><class-title date-revised="2013-01-01"><title-part><text>using electric means for remote control</text></title-part></class-title></classification-item>
<classification-item breakdown-code="false" not-allocatable="false" level="8" additional-only="false" sort-key="F41G5/08" definition-exists="false" ipc-concordant="F41G5/08" c-set-base-allowed="false" c-set-subsequent-allowed="true" date-revised="2013-01-01" status="published"><classification-symbol>F41G5/08</classification-symbol><class-title date-revised="2013-01-01"><title-part><text>Ground-based tracking-systems for aerial targets</text></title-part></class-title></classification-item>
<classification-item breakdown-code="false" not-allocatable="false" level="8" additional-only="false" sort-key="F41G5/12" definition-exists="false" ipc-concordant="F41G5/12" c-set-base-allowed="false" c-set-subsequent-allowed="true" date-revised="2013-01-01" status="published"><classification-symbol>F41G5/12</classification-symbol><class-title date-revised="2013-01-01"><title-part><text>acoustically influenced</text></title-part></class-title></classification-item>
<classification-item breakdown-code="false" not-allocatable="false" level="8" additional-only="false" sort-key="F41G5/14" definition-exists="false" ipc-concordant="F41G5/14" c-set-base-allowed="false" c-set-subsequent-allowed="true" date-revised="2013-01-01" status="published"><classification-symbol>F41G5/14</classification-symbol><class-title date-revised="2013-01-01"><title-part><text>for vehicle-borne guns</text></title-part></class-title>
<classification-item breakdown-code="false" not-allocatable="false" level="9" additional-only="false" sort-key="F41G5/16" definition-exists="false" ipc-concordant="F41G5/16" c-set-base-allowed="false" c-set-subsequent-allowed="true" date-revised="2013-01-01" status="published"><classification-symbol>F41G5/16</classification-symbol><class-title date-revised="2013-01-01"><title-part><text>gyroscopically influenced</text></title-part></class-title></classification-item>
<classification-item breakdown-code="false" not-allocatable="false" level="9" additional-only="false" sort-key="F41G5/18" definition-exists="false" ipc-concordant="F41G5/18" c-set-base-allowed="false" c-set-subsequent-allowed="true" date-revised="2013-01-01" status="published"><classification-symbol>F41G5/18</classification-symbol><class-title date-revised="2013-01-01"><title-part><text>Tracking systems for guns on aircraft</text></title-part></class-title></classification-item>
<classification-item breakdown-code="false" not-allocatable="false" level="9" additional-only="false" sort-key="F41G5/20" definition-exists="false" ipc-concordant="F41G5/20" c-set-base-allowed="false" c-set-subsequent-allowed="true" date-revised="2013-01-01" status="published"><classification-symbol>F41G5/20</classification-symbol><class-title date-revised="2013-01-01"><title-part><text>for guns on ships</text></title-part></class-title>
<classification-item breakdown-code="false" not-allocatable="false" level="10" additional-only="false" sort-key="F41G5/22" definition-exists="false" ipc-concordant="F41G5/22" c-set-base-allowed="false" c-set-subsequent-allowed="true" date-revised="2013-01-01" status="published"><classification-symbol>F41G5/22</classification-symbol><class-title date-revised="2013-01-01"><title-part><text>to compensate for rolling or pitching</text></title-part></class-title></classification-item></classification-item>
<classification-item breakdown-code="false" not-allocatable="false" level="9" additional-only="false" sort-key="F41G5/24" definition-exists="false" ipc-concordant="F41G5/24" c-set-base-allowed="false" c-set-subsequent-allowed="true" date-revised="2013-01-01" status="published"><classification-symbol>F41G5/24</classification-symbol><class-title date-revised="2013-01-01"><title-part><text>for guns on tanks</text></title-part></class-title></classification-item></classification-item>
<classification-item breakdown-code="false" not-allocatable="false" level="8" additional-only="false" sort-key="F41G5/26" definition-exists="false" ipc-concordant="F41G5/26" c-set-base-allowed="false" c-set-subsequent-allowed="true" date-revised="2013-01-01" status="published"><classification-symbol>F41G5/26</classification-symbol><class-title date-revised="2013-01-01"><title-part><text>Apparatus for testing or checking</text></title-part></class-title></classification-item></classification-item>
<classification-item breakdown-code="false" not-allocatable="false" level="7" additional-only="false" sort-key="F41G7/00" definition-exists="true" ipc-concordant="F41G7/00" c-set-base-allowed="false" c-set-subsequent-allowed="true" date-revised="2017-08-01" status="published"><classification-symbol>F41G7/00</classification-symbol><class-title date-revised="2017-08-01"><title-part><text>Direction control systems for self-propelled missiles </text><reference><text>flight control <class-ref scheme="cpc">B64C</class-ref>, <class-ref scheme="cpc">G05D1/00</class-ref>  </text><CPC-specific-text><text>; counter-measures against guided missiles <class-ref scheme="cpc">F41H11/02</class-ref>; spin-stabilised missiles <class-ref scheme="cpc">F42B10/26</class-ref></text></CPC-specific-text><text>; self-propelled or guided missiles having direction control systems only installed aboard <class-ref scheme="cpc">F42B15/01</class-ref>; rocket torpedoes <class-ref scheme="cpc">F42B17/00</class-ref>; marine torpedoes or sea-mines having self-propulsion means <class-ref scheme="cpc">F42B19/00</class-ref>; locating by use of radio or other waves <class-ref scheme="cpc">G01S</class-ref>; computing aspects <class-ref scheme="cpc">G06</class-ref></text></reference></title-part></class-title>
<classification-item breakdown-code="false" not-allocatable="false" level="8" additional-only="false" sort-key="F41G7/001" definition-exists="false" ipc-concordant="F41G7/00" c-set-base-allowed="false" c-set-subsequent-allowed="true" date-revised="2013-01-01" status="published"><classification-symbol>F41G7/001</classification-symbol><class-title date-revised="2013-01-01"><title-part><CPC-specific-text><text>Devices or systems for testing or checking</text></CPC-specific-text></title-part></class-title>
<classification-item breakdown-code="false" not-allocatable="false" level="9" additional-only="false" sort-key="F41G7/002" definition-exists="false" ipc-concordant="F41G7/00" c-set-base-allowed="false" c-set-subsequent-allowed="true" date-revised="2013-01-01" status="published"><classification-symbol>F41G7/002</classification-symbol><class-title date-revised="2013-01-01"><title-part><CPC-specific-text><text>target simulators</text></CPC-specific-text></title-part></class-title>
<classification-item breakdown-code="false" not-allocatable="false" level="10" additional-only="false" sort-key="F41G7/003" definition-exists="false" ipc-concordant="F41G7/00" c-set-base-allowed="false" c-set-subsequent-allowed="true" date-revised="2013-01-01" status="published"><classification-symbol>F41G7/003</classification-symbol><class-title date-revised="2013-01-01"><title-part><CPC-specific-text><text>for seekers using radio waves</text></CPC-specific-text></title-part></class-title></classification-item>
<classification-item breakdown-code="false" not-allocatable="false" level="10" additional-only="false" sort-key="F41G7/004" definition-exists="false" ipc-concordant="F41G7/00" c-set-base-allowed="false" c-set-subsequent-allowed="true" date-revised="2013-01-01" status="published"><classification-symbol>F41G7/004</classification-symbol><class-title date-revised="2013-01-01"><title-part><CPC-specific-text><text>for infra-red seekers</text></CPC-specific-text></title-part></class-title></classification-item></classification-item>
<classification-item breakdown-code="false" not-allocatable="false" level="9" additional-only="false" sort-key="F41G7/005" definition-exists="false" ipc-concordant="F41G7/00" c-set-base-allowed="false" c-set-subsequent-allowed="true" date-revised="2013-01-01" status="published"><classification-symbol>F41G7/005</classification-symbol><class-title date-revised="2013-01-01"><title-part><CPC-specific-text><text>for testing benches or sets</text></CPC-specific-text></title-part></class-title></classification-item></classification-item>
<classification-item breakdown-code="false" not-allocatable="false" level="8" additional-only="false" sort-key="F41G7/006" definition-exists="false" ipc-concordant="F41G7/00" c-set-base-allowed="false" c-set-subsequent-allowed="true" date-revised="2013-01-01" status="published"><classification-symbol>F41G7/006</classification-symbol><class-title date-revised="2013-01-01"><title-part><CPC-specific-text><text>Guided missiles training or simulation devices</text></CPC-specific-text></title-part></class-title></classification-item>
<classification-item breakdown-code="false" not-allocatable="false" level="8" additional-only="false" sort-key="F41G7/007" definition-exists="false" ipc-concordant="F41G7/00" c-set-base-allowed="false" c-set-subsequent-allowed="true" date-revised="2013-01-01" status="published"><classification-symbol>F41G7/007</classification-symbol><class-title date-revised="2013-01-01"><title-part><CPC-specific-text><text>Preparatory measures taken before the launching of the guided missiles</text></CPC-specific-text></title-part></class-title></classification-item>
<classification-item breakdown-code="false" not-allocatable="false" level="8" additional-only="false" sort-key="F41G7/008" definition-exists="false" ipc-concordant="F41G7/00" c-set-base-allowed="false" c-set-subsequent-allowed="true" date-revised="2013-01-01" status="published"><classification-symbol>F41G7/008</classification-symbol><class-title date-revised="2013-01-01"><title-part><CPC-specific-text><text>Combinations of different guidance systems</text></CPC-specific-text></title-part></class-title></classification-item>
<classification-item breakdown-code="false" not-allocatable="false" level="8" additional-only="false" sort-key="F41G7/20" definition-exists="false" ipc-concordant="F41G7/20" c-set-base-allowed="false" c-set-subsequent-allowed="true" date-revised="2013-01-01" status="published"><classification-symbol>F41G7/20</classification-symbol><class-title date-revised="2013-01-01"><title-part><text>based on continuous observation of target position</text></title-part></class-title>
<classification-item breakdown-code="false" not-allocatable="false" level="9" additional-only="false" sort-key="F41G7/22" definition-exists="false" ipc-concordant="F41G7/22" c-set-base-allowed="false" c-set-subsequent-allowed="true" date-revised="2013-01-01" status="published"><classification-symbol>F41G7/22</classification-symbol><class-title date-revised="2013-01-01"><title-part><text>Homing guidance systems</text></title-part></class-title>
<classification-item breakdown-code="false" not-allocatable="false" level="10" additional-only="false" sort-key="F41G7/2206" definition-exists="false" ipc-concordant="F41G7/22" c-set-base-allowed="false" c-set-subsequent-allowed="true" date-revised="2013-01-01" status="published"><classification-symbol>F41G7/2206</classification-symbol><class-title date-revised="2013-01-01"><title-part><CPC-specific-text><text>using a remote control station</text></CPC-specific-text></title-part></class-title></classification-item>
<classification-item breakdown-code="false" not-allocatable="false" level="10" additional-only="false" sort-key="F41G7/2213" definition-exists="false" ipc-concordant="F41G7/22" c-set-base-allowed="false" c-set-subsequent-allowed="true" date-revised="2013-01-01" status="published"><classification-symbol>F41G7/2213</classification-symbol><class-title date-revised="2013-01-01"><title-part><CPC-specific-text><text>maintaining the axis of an orientable seeking head pointed at the target, e.g. target seeking gyro</text></CPC-specific-text></title-part></class-title></classification-item>
<classification-item breakdown-code="false" not-allocatable="false" level="10" additional-only="false" sort-key="F41G7/222" definition-exists="false" ipc-concordant="F41G7/22" c-set-base-allowed="false" c-set-subsequent-allowed="true" date-revised="2013-01-01" status="published"><classification-symbol>F41G7/222</classification-symbol><class-title date-revised="2013-01-01"><title-part><CPC-specific-text><text>for spin-stabilized missiles</text></CPC-specific-text></title-part></class-title></classification-item>
<classification-item breakdown-code="false" not-allocatable="false" level="10" additional-only="false" sort-key="F41G7/2226" definition-exists="false" ipc-concordant="F41G7/22" c-set-base-allowed="false" c-set-subsequent-allowed="true" date-revised="2013-01-01" status="published"><classification-symbol>F41G7/2226</classification-symbol><class-title date-revised="2013-01-01"><title-part><CPC-specific-text><text>comparing the observed data with stored target data, e.g. target configuration data</text></CPC-specific-text></title-part></class-title></classification-item>
<classification-item breakdown-code="false" not-allocatable="false" level="10" additional-only="false" sort-key="F41G7/2233" definition-exists="false" ipc-concordant="F41G7/22" c-set-base-allowed="false" c-set-subsequent-allowed="true" date-revised="2013-01-01" status="published"><classification-symbol>F41G7/2233</classification-symbol><class-title date-revised="2013-01-01"><title-part><CPC-specific-text><text>Multimissile systems</text></CPC-specific-text></title-part></class-title></classification-item>
<classification-item breakdown-code="false" not-allocatable="false" level="10" additional-only="false" sort-key="F41G7/224" definition-exists="false" ipc-concordant="F41G7/22" c-set-base-allowed="false" c-set-subsequent-allowed="true" date-revised="2013-01-01" status="published"><classification-symbol>F41G7/224</classification-symbol><class-title date-revised="2013-01-01"><title-part><CPC-specific-text><text>Deceiving or protecting means </text><reference><text>jamming or anti-jamming of radio-wave systems in general <class-ref scheme="cpc">G01S7/36</class-ref>, <class-ref scheme="cpc">G01S7/38</class-ref>; defense installations in general <class-ref scheme="cpc">F41H11/02</class-ref>; chaff dispensers <class-ref scheme="cpc">F42B12/70</class-ref></text></reference></CPC-specific-text></title-part></class-title></classification-item>
<classification-item breakdown-code="false" not-allocatable="false" level="10" additional-only="false" sort-key="F41G7/2246" definition-exists="false" ipc-concordant="F41G7/22" c-set-base-allowed="false" c-set-subsequent-allowed="true" date-revised="2013-01-01" status="published"><classification-symbol>F41G7/2246</classification-symbol><class-title date-revised="2013-01-01"><title-part><CPC-specific-text><text>Active homing systems, i.e. comprising both a transmitter and a receiver</text></CPC-specific-text></title-part></class-title></classification-item>
<classification-item breakdown-code="false" not-allocatable="false" level="10" additional-only="false" sort-key="F41G7/2253" definition-exists="false" ipc-concordant="F41G7/22" c-set-base-allowed="false" c-set-subsequent-allowed="true" date-revised="2013-01-01" status="published"><classification-symbol>F41G7/2253</classification-symbol><class-title date-revised="2013-01-01"><title-part><CPC-specific-text><text>Passive homing systems, i.e. comprising a receiver and do not requiring an active illumination of the target</text></CPC-specific-text></title-part></class-title></classification-item>
<classification-item breakdown-code="false" not-allocatable="false" level="10" additional-only="false" sort-key="F41G7/226" definition-exists="false" ipc-concordant="F41G7/22" c-set-base-allowed="false" c-set-subsequent-allowed="true" date-revised="2013-01-01" status="published"><classification-symbol>F41G7/226</classification-symbol><class-title date-revised="2013-01-01"><title-part><CPC-specific-text><text>Semi-active homing systems, i.e. comprising a receiver and involving auxiliary illuminating means, e.g. using auxiliary guiding missiles</text></CPC-specific-text></title-part></class-title>
<classification-item breakdown-code="false" not-allocatable="false" level="11" additional-only="false" sort-key="F41G7/2266" definition-exists="false" ipc-concordant="F41G7/22" c-set-base-allowed="false" c-set-subsequent-allowed="true" date-revised="2013-01-01" status="published"><classification-symbol>F41G7/2266</classification-symbol><class-title date-revised="2013-01-01"><title-part><CPC-specific-text><text>Systems comparing signals received from a base station and reflected from the target</text></CPC-specific-text></title-part></class-title></classification-item></classification-item>
<classification-item breakdown-code="false" not-allocatable="false" level="10" additional-only="false" sort-key="F41G7/2273" definition-exists="false" ipc-concordant="F41G7/22" c-set-base-allowed="false" c-set-subsequent-allowed="true" date-revised="2013-01-01" status="published"><classification-symbol>F41G7/2273</classification-symbol><class-title date-revised="2013-01-01"><title-part><CPC-specific-text><text>characterised by the type of waves</text></CPC-specific-text></title-part></class-title>
<classification-item breakdown-code="false" not-allocatable="false" level="11" additional-only="false" sort-key="F41G7/228" definition-exists="false" ipc-concordant="F41G7/22" c-set-base-allowed="false" c-set-subsequent-allowed="true" date-revised="2013-01-01" status="published"><classification-symbol>F41G7/228</classification-symbol><class-title date-revised="2013-01-01"><title-part><CPC-specific-text><text>using acoustic waves, e.g. for torpedoes</text></CPC-specific-text></title-part></class-title></classification-item>
<classification-item breakdown-code="false" not-allocatable="false" level="11" additional-only="false" sort-key="F41G7/2286" definition-exists="false" ipc-concordant="F41G7/22" c-set-base-allowed="false" c-set-subsequent-allowed="true" date-revised="2013-01-01" status="published"><classification-symbol>F41G7/2286</classification-symbol><class-title date-revised="2013-01-01"><title-part><CPC-specific-text><text>using radio waves</text></CPC-specific-text></title-part></class-title></classification-item>
<classification-item breakdown-code="false" not-allocatable="false" level="11" additional-only="false" sort-key="F41G7/2293" definition-exists="false" ipc-concordant="F41G7/22" c-set-base-allowed="false" c-set-subsequent-allowed="true" date-revised="2013-01-01" status="published"><classification-symbol>F41G7/2293</classification-symbol><class-title date-revised="2013-01-01"><title-part><CPC-specific-text><text>using electromagnetic waves other than radio waves</text></CPC-specific-text></title-part></class-title></classification-item></classification-item></classification-item>
<classification-item breakdown-code="false" not-allocatable="false" level="9" additional-only="false" sort-key="F41G7/24" definition-exists="false" ipc-concordant="F41G7/24" c-set-base-allowed="false" c-set-subsequent-allowed="true" date-revised="2013-01-01" status="published"><classification-symbol>F41G7/24</classification-symbol><class-title date-revised="2013-01-01"><title-part><text>Beam riding guidance systems </text><reference><text>conical-scan beam beacons therefor <class-ref scheme="cpc">G01S1/42</class-ref></text></reference></title-part></class-title>
<classification-item breakdown-code="false" not-allocatable="false" level="10" additional-only="false" sort-key="F41G7/26" definition-exists="false" ipc-concordant="F41G7/26" c-set-base-allowed="false" c-set-subsequent-allowed="true" date-revised="2013-01-01" status="published"><classification-symbol>F41G7/26</classification-symbol><class-title date-revised="2013-01-01"><title-part><text>Optical guidance systems</text></title-part></class-title>
<classification-item breakdown-code="false" not-allocatable="false" level="11" additional-only="false" sort-key="F41G7/263" definition-exists="false" ipc-concordant="F41G7/26" c-set-base-allowed="false" c-set-subsequent-allowed="true" date-revised="2013-01-01" status="published"><classification-symbol>F41G7/263</classification-symbol><class-title date-revised="2013-01-01"><title-part><CPC-specific-text><text>Means for producing guidance beams</text></CPC-specific-text></title-part></class-title></classification-item>
<classification-item breakdown-code="false" not-allocatable="false" level="11" additional-only="false" sort-key="F41G7/266" definition-exists="false" ipc-concordant="F41G7/26" c-set-base-allowed="false" c-set-subsequent-allowed="true" date-revised="2013-01-01" status="published"><classification-symbol>F41G7/266</classification-symbol><class-title date-revised="2013-01-01"><title-part><CPC-specific-text><text>for spin-stabilized missiles</text></CPC-specific-text></title-part></class-title></classification-item></classification-item>
<classification-item breakdown-code="false" not-allocatable="false" level="10" additional-only="false" sort-key="F41G7/28" definition-exists="false" ipc-concordant="F41G7/28" c-set-base-allowed="false" c-set-subsequent-allowed="true" date-revised="2013-01-01" status="published"><classification-symbol>F41G7/28</classification-symbol><class-title date-revised="2013-01-01"><title-part><text>Radio guidance systems</text></title-part></class-title></classification-item></classification-item>
<classification-item breakdown-code="false" not-allocatable="false" level="9" additional-only="false" sort-key="F41G7/30" definition-exists="false" ipc-concordant="F41G7/30" c-set-base-allowed="false" c-set-subsequent-allowed="true" date-revised="2013-01-01" status="published"><classification-symbol>F41G7/30</classification-symbol><class-title date-revised="2013-01-01"><title-part><text>Command link guidance systems </text><CPC-specific-text><reference><text>homing <class-ref scheme="cpc">F41G7/2206</class-ref></text></reference></CPC-specific-text></title-part></class-title>
<classification-item breakdown-code="false" not-allocatable="false" level="10" additional-only="false" sort-key="F41G7/301" definition-exists="false" ipc-concordant="F41G7/30" c-set-base-allowed="false" c-set-subsequent-allowed="true" date-revised="2013-01-01" status="published"><classification-symbol>F41G7/301</classification-symbol><class-title date-revised="2013-01-01"><title-part><CPC-specific-text><text>Details</text></CPC-specific-text></title-part></class-title>
<classification-item breakdown-code="false" not-allocatable="false" level="11" additional-only="false" sort-key="F41G7/303" definition-exists="false" ipc-concordant="F41G7/30" c-set-base-allowed="false" c-set-subsequent-allowed="true" date-revised="2013-01-01" status="published"><classification-symbol>F41G7/303</classification-symbol><class-title date-revised="2013-01-01"><title-part><CPC-specific-text><text>Sighting or tracking devices especially provided for simultaneous observation of the target and of the missile</text></CPC-specific-text></title-part></class-title></classification-item>
<classification-item breakdown-code="false" not-allocatable="false" level="11" additional-only="false" sort-key="F41G7/305" definition-exists="false" ipc-concordant="F41G7/30" c-set-base-allowed="false" c-set-subsequent-allowed="true" date-revised="2013-01-01" status="published"><classification-symbol>F41G7/305</classification-symbol><class-title date-revised="2013-01-01"><title-part><CPC-specific-text><text>for spin-stabilized missiles</text></CPC-specific-text></title-part></class-title></classification-item>
<classification-item breakdown-code="false" not-allocatable="false" level="11" additional-only="false" sort-key="F41G7/306" definition-exists="false" ipc-concordant="F41G7/30" c-set-base-allowed="false" c-set-subsequent-allowed="true" date-revised="2013-01-01" status="published"><classification-symbol>F41G7/306</classification-symbol><class-title date-revised="2013-01-01"><title-part><CPC-specific-text><text>for transmitting guidance signals; </text><reference><text><class-ref scheme="cpc">F41G7/308</class-ref> takes precedence</text></reference></CPC-specific-text></title-part></class-title></classification-item>
<classification-item breakdown-code="false" not-allocatable="false" level="11" additional-only="false" sort-key="F41G7/308" definition-exists="false" ipc-concordant="F41G7/30" c-set-base-allowed="false" c-set-subsequent-allowed="true" date-revised="2013-01-01" status="published"><classification-symbol>F41G7/308</classification-symbol><class-title date-revised="2013-01-01"><title-part><CPC-specific-text><text>for guiding a plurality of missiles</text></CPC-specific-text></title-part></class-title></classification-item></classification-item>
<classification-item breakdown-code="false" not-allocatable="false" level="10" additional-only="false" sort-key="F41G7/32" definition-exists="false" ipc-concordant="F41G7/32" c-set-base-allowed="false" c-set-subsequent-allowed="true" date-revised="2020-08-01" status="published"><classification-symbol>F41G7/32</classification-symbol><class-title date-revised="2013-01-01"><title-part><text>for wire-guided missiles</text></title-part></class-title></classification-item></classification-item></classification-item>
<classification-item breakdown-code="false" not-allocatable="false" level="8" additional-only="false" sort-key="F41G7/34" definition-exists="false" ipc-concordant="F41G7/34" c-set-base-allowed="false" c-set-subsequent-allowed="true" date-revised="2013-01-01" status="published"><classification-symbol>F41G7/34</classification-symbol><class-title date-revised="2013-01-01"><title-part><text>based on predetermined target position data</text></title-part></class-title>
<classification-item breakdown-code="false" not-allocatable="false" level="9" additional-only="false" sort-key="F41G7/343" definition-exists="false" ipc-concordant="F41G7/34" c-set-base-allowed="false" c-set-subsequent-allowed="true" date-revised="2013-01-01" status="published"><classification-symbol>F41G7/343</classification-symbol><class-title date-revised="2013-01-01"><title-part><CPC-specific-text><text>comparing observed and stored data of target position or of distinctive marks along the path towards the target</text></CPC-specific-text></title-part></class-title></classification-item>
<classification-item breakdown-code="false" not-allocatable="false" level="9" additional-only="false" sort-key="F41G7/346" definition-exists="false" ipc-concordant="F41G7/34" c-set-base-allowed="false" c-set-subsequent-allowed="true" date-revised="2013-01-01" status="published"><classification-symbol>F41G7/346</classification-symbol><class-title date-revised="2013-01-01"><title-part><CPC-specific-text><text>using global navigation satellite systems, e.g. GPS, GALILEO, GLONASS</text></CPC-specific-text></title-part></class-title></classification-item>
<classification-item breakdown-code="false" not-allocatable="false" level="9" additional-only="false" sort-key="F41G7/36" definition-exists="false" ipc-concordant="F41G7/36" c-set-base-allowed="false" c-set-subsequent-allowed="true" date-revised="2013-01-01" status="published"><classification-symbol>F41G7/36</classification-symbol><class-title date-revised="2013-01-01"><title-part><text>using inertial references</text></title-part></class-title></classification-item></classification-item></classification-item>
<classification-item breakdown-code="false" not-allocatable="false" level="7" additional-only="false" sort-key="F41G9/00" definition-exists="true" ipc-concordant="F41G9/00" c-set-base-allowed="false" c-set-subsequent-allowed="true" date-revised="2013-01-01" status="published"><classification-symbol>F41G9/00</classification-symbol><class-title date-revised="2013-01-01"><title-part><text>Systems for controlling missiles or projectiles, not provided for elsewhere</text></title-part></class-title>
<classification-item breakdown-code="false" not-allocatable="false" level="8" additional-only="false" sort-key="F41G9/002" definition-exists="false" ipc-concordant="F41G9/00" c-set-base-allowed="false" c-set-subsequent-allowed="true" date-revised="2013-01-01" status="published"><classification-symbol>F41G9/002</classification-symbol><class-title date-revised="2013-01-01"><title-part><CPC-specific-text><text>for guiding a craft to a correct firing position </text><reference><text>for bombing control <class-ref scheme="cpc">F41G9/02</class-ref></text></reference></CPC-specific-text></title-part></class-title>
<classification-item breakdown-code="false" not-allocatable="false" level="9" additional-only="false" sort-key="F41G9/004" definition-exists="false" ipc-concordant="F41G9/00" c-set-base-allowed="false" c-set-subsequent-allowed="true" date-revised="2013-01-01" status="published"><classification-symbol>F41G9/004</classification-symbol><class-title date-revised="2013-01-01"><title-part><CPC-specific-text><text>Training or teaching apparatus therefor</text></CPC-specific-text></title-part></class-title></classification-item>
<classification-item breakdown-code="false" not-allocatable="false" level="9" additional-only="false" sort-key="F41G9/006" definition-exists="false" ipc-concordant="F41G9/00" c-set-base-allowed="false" c-set-subsequent-allowed="true" date-revised="2013-01-01" status="published"><classification-symbol>F41G9/006</classification-symbol><class-title date-revised="2013-01-01"><title-part><CPC-specific-text><text>for torpedo launchers </text><reference><text>torpedo launching-apparatus <class-ref scheme="cpc">F41F3/08</class-ref></text></reference></CPC-specific-text></title-part></class-title></classification-item></classification-item>
<classification-item breakdown-code="false" not-allocatable="false" level="8" additional-only="false" sort-key="F41G9/008" definition-exists="false" ipc-concordant="F41G9/00" c-set-base-allowed="false" c-set-subsequent-allowed="true" date-revised="2013-01-01" status="published"><classification-symbol>F41G9/008</classification-symbol><class-title date-revised="2013-01-01"><title-part><CPC-specific-text><text>Means for controlling firing of torpedoes; Torpedo directors </text><reference><text>acoustic homing <class-ref scheme="cpc">F41G7/228</class-ref></text></reference></CPC-specific-text></title-part></class-title></classification-item>
<classification-item breakdown-code="false" not-allocatable="false" level="8" additional-only="false" sort-key="F41G9/02" definition-exists="false" ipc-concordant="F41G9/02" c-set-base-allowed="false" c-set-subsequent-allowed="true" date-revised="2013-01-01" status="published"><classification-symbol>F41G9/02</classification-symbol><class-title date-revised="2013-01-01"><title-part><text>for bombing control </text><reference><text>bombsights <class-ref scheme="cpc">F41G3/24</class-ref></text></reference></title-part></class-title>
<classification-item breakdown-code="false" not-allocatable="false" level="9" additional-only="false" sort-key="F41G9/025" definition-exists="false" ipc-concordant="F41G9/02" c-set-base-allowed="false" c-set-subsequent-allowed="true" date-revised="2013-01-01" status="published"><classification-symbol>F41G9/025</classification-symbol><class-title date-revised="2013-01-01"><title-part><CPC-specific-text><text>Training or teaching apparatus therefor</text></CPC-specific-text></title-part></class-title></classification-item></classification-item></classification-item>
<classification-item breakdown-code="false" not-allocatable="false" level="7" additional-only="false" sort-key="F41G11/00" definition-exists="true" ipc-concordant="F41G11/00" c-set-base-allowed="false" c-set-subsequent-allowed="true" date-revised="2017-08-01" status="published"><classification-symbol>F41G11/00</classification-symbol><class-title date-revised="2017-08-01"><title-part><text>Details of sighting or aiming apparatus</text></title-part><title-part><text>Accessories </text><CPC-specific-text><reference><text>tools for adjustment of sights <class-ref scheme="cpc">F41G1/545</class-ref></text></reference></CPC-specific-text></title-part></class-title>
<classification-item breakdown-code="false" not-allocatable="false" level="8" additional-only="false" sort-key="F41G11/001" definition-exists="true" ipc-concordant="F41G11/00" c-set-base-allowed="false" c-set-subsequent-allowed="true" date-revised="2013-01-01" status="published"><classification-symbol>F41G11/001</classification-symbol><class-title date-revised="2013-01-01"><title-part><CPC-specific-text><text>Means for mounting tubular or beam shaped sighting or aiming devices on firearms</text></CPC-specific-text></title-part></class-title>
<classification-item breakdown-code="false" not-allocatable="false" level="9" additional-only="false" sort-key="F41G11/002" definition-exists="false" ipc-concordant="F41G11/00" c-set-base-allowed="false" c-set-subsequent-allowed="true" date-revised="2013-01-01" status="published"><classification-symbol>F41G11/002</classification-symbol><class-title date-revised="2013-01-01"><title-part><CPC-specific-text><text>Mountings with recoil absorbing means</text></CPC-specific-text></title-part></class-title></classification-item>
<classification-item breakdown-code="false" not-allocatable="false" level="9" additional-only="false" sort-key="F41G11/003" definition-exists="true" ipc-concordant="F41G11/00" c-set-base-allowed="false" c-set-subsequent-allowed="true" date-revised="2013-01-01" status="published"><classification-symbol>F41G11/003</classification-symbol><class-title date-revised="2013-01-01"><title-part><CPC-specific-text><text>Mountings with a dove tail element, e.g. &quot;Picatinny rail systems&quot;</text></CPC-specific-text></title-part></class-title></classification-item>
<classification-item breakdown-code="false" not-allocatable="false" level="9" additional-only="false" sort-key="F41G11/004" definition-exists="false" ipc-concordant="F41G11/00" c-set-base-allowed="false" c-set-subsequent-allowed="true" date-revised="2015-09-01" status="published"><classification-symbol>F41G11/004</classification-symbol><class-title date-revised="2015-09-01"><title-part><CPC-specific-text><text>Mountings with clamping means on the device embracing at least a part of the firearm, e.g. the receiver or a dustcover </text><reference><text><class-ref scheme="cpc">F41G11/003</class-ref> takes precedence</text></reference></CPC-specific-text></title-part></class-title></classification-item>
<classification-item breakdown-code="false" not-allocatable="false" level="9" additional-only="false" sort-key="F41G11/005" definition-exists="false" ipc-concordant="F41G11/00" c-set-base-allowed="false" c-set-subsequent-allowed="true" date-revised="2013-01-01" status="published"><classification-symbol>F41G11/005</classification-symbol><class-title date-revised="2013-01-01"><title-part><CPC-specific-text><text>Mountings using a pivot point and an anchoring point</text></CPC-specific-text></title-part></class-title>
<classification-item breakdown-code="false" not-allocatable="false" level="10" additional-only="false" sort-key="F41G11/006" definition-exists="false" ipc-concordant="F41G11/00" c-set-base-allowed="false" c-set-subsequent-allowed="true" date-revised="2013-01-01" status="published"><classification-symbol>F41G11/006</classification-symbol><class-title date-revised="2013-01-01"><title-part><CPC-specific-text><text>the device being rotated in a horizontal plane</text></CPC-specific-text></title-part></class-title></classification-item>
<classification-item breakdown-code="false" not-allocatable="false" level="10" additional-only="false" sort-key="F41G11/007" definition-exists="false" ipc-concordant="F41G11/00" c-set-base-allowed="false" c-set-subsequent-allowed="true" date-revised="2013-01-01" status="published"><classification-symbol>F41G11/007</classification-symbol><class-title date-revised="2013-01-01"><title-part><CPC-specific-text><text>the device being tilted in a vertical plane</text></CPC-specific-text></title-part></class-title></classification-item>
<classification-item breakdown-code="false" not-allocatable="false" level="10" additional-only="false" sort-key="F41G11/008" definition-exists="false" ipc-concordant="F41G11/00" c-set-base-allowed="false" c-set-subsequent-allowed="true" date-revised="2013-01-01" status="published"><classification-symbol>F41G11/008</classification-symbol><class-title date-revised="2013-01-01"><title-part><CPC-specific-text><text>the device being pivotable about an axis coaxial with the axis of the barrel, e.g. for loading</text></CPC-specific-text></title-part></class-title></classification-item></classification-item></classification-item></classification-item></classification-item></classification-item></class-scheme>