<?xml version="1.0" encoding="UTF-8"?>
<class-scheme publication-date="2021-05-01" scheme-type="cpc" publication-type="official">
<classification-item breakdown-code="false" not-allocatable="true" level="5" additional-only="true" sort-key="Y02A" definition-exists="false" date-revised="2018-01-01" status="published"><classification-symbol>Y02A</classification-symbol><class-title date-revised="2018-01-01"><title-part><text>TECHNOLOGIES FOR ADAPTATION TO CLIMATE CHANGE</text></title-part></class-title><notes-and-warnings><note type="note"><note-paragraph>This subclass <u>covers</u> technologies for adaptation to climate change, i.e. technologies that allow adapting to the adverse effects of climate change in human, industrial (including agriculture and livestock) and economic activities.</note-paragraph></note></notes-and-warnings>
<classification-item breakdown-code="false" not-allocatable="true" level="6" additional-only="true" sort-key="Y02A10/00" date-revised="2018-01-01" status="published"><classification-symbol>Y02A10/00</classification-symbol>
<classification-item breakdown-code="false" not-allocatable="false" level="7" additional-only="true" sort-key="Y02A10/00" definition-exists="false" ipc-concordant="CPCONLY" c-set-base-allowed="false" c-set-subsequent-allowed="false" date-revised="2018-01-01" status="published"><classification-symbol>Y02A10/00</classification-symbol><class-title date-revised="2018-01-01"><title-part><text>at coastal zones</text></title-part><title-part><text>at river basins</text></title-part></class-title>
<classification-item breakdown-code="false" not-allocatable="false" level="8" additional-only="true" sort-key="Y02A10/11" definition-exists="false" ipc-concordant="CPCONLY" c-set-base-allowed="false" c-set-subsequent-allowed="false" date-revised="2020-08-01" status="published"><classification-symbol>Y02A10/11</classification-symbol><class-title date-revised="2020-08-01"><title-part><text>Hard structures, e.g. dams, dykes or breakwaters</text></title-part></class-title></classification-item>
<classification-item breakdown-code="false" not-allocatable="false" level="8" additional-only="true" sort-key="Y02A10/23" definition-exists="false" ipc-concordant="CPCONLY" c-set-base-allowed="false" c-set-subsequent-allowed="false" date-revised="2020-08-01" status="published"><classification-symbol>Y02A10/23</classification-symbol><class-title date-revised="2020-08-01"><title-part><text>Dune restoration or creation</text></title-part><title-part><text>Cliff stabilisation</text></title-part></class-title></classification-item>
<classification-item breakdown-code="false" not-allocatable="false" level="8" additional-only="true" sort-key="Y02A10/26" definition-exists="false" ipc-concordant="CPCONLY" c-set-base-allowed="false" c-set-subsequent-allowed="false" date-revised="2020-08-01" status="published"><classification-symbol>Y02A10/26</classification-symbol><class-title date-revised="2020-08-01"><title-part><text>Artificial reefs or seaweed</text></title-part><title-part><text>Restoration or protection of coral reefs</text></title-part></class-title></classification-item>
<classification-item breakdown-code="false" not-allocatable="false" level="8" additional-only="true" sort-key="Y02A10/30" definition-exists="false" ipc-concordant="CPCONLY" c-set-base-allowed="false" c-set-subsequent-allowed="false" date-revised="2020-08-01" status="published"><classification-symbol>Y02A10/30</classification-symbol><class-title date-revised="2020-08-01"><title-part><text>Flood prevention</text></title-part><title-part><text>Flood or storm water management, e.g. using flood barriers</text></title-part></class-title></classification-item>
<classification-item breakdown-code="false" not-allocatable="false" level="8" additional-only="true" sort-key="Y02A10/40" definition-exists="false" ipc-concordant="CPCONLY" c-set-base-allowed="false" c-set-subsequent-allowed="false" date-revised="2020-08-01" status="published"><classification-symbol>Y02A10/40</classification-symbol><class-title date-revised="2020-08-01"><title-part><text>Controlling or monitoring, e.g. of flood or hurricane</text></title-part><title-part><text>Forecasting, e.g. risk assessment or mapping</text></title-part></class-title></classification-item></classification-item>
<classification-item breakdown-code="false" not-allocatable="false" level="7" additional-only="true" sort-key="Y02A20/00" definition-exists="false" ipc-concordant="CPCONLY" c-set-base-allowed="false" c-set-subsequent-allowed="false" date-revised="2018-01-01" status="published"><classification-symbol>Y02A20/00</classification-symbol><class-title date-revised="2018-01-01"><title-part><text>Water conservation</text></title-part><title-part><text>Efficient water supply</text></title-part><title-part><text>Efficient water use</text></title-part></class-title>
<classification-item breakdown-code="false" not-allocatable="false" level="8" additional-only="true" sort-key="Y02A20/108" definition-exists="false" ipc-concordant="CPCONLY" c-set-base-allowed="false" c-set-subsequent-allowed="false" date-revised="2020-08-01" status="published"><classification-symbol>Y02A20/108</classification-symbol><class-title date-revised="2018-01-01"><title-part><text>Rainwater harvesting</text></title-part></class-title></classification-item>
<classification-item breakdown-code="false" not-allocatable="false" level="8" additional-only="true" sort-key="Y02A20/124" definition-exists="false" ipc-concordant="CPCONLY" c-set-base-allowed="false" c-set-subsequent-allowed="false" date-revised="2020-08-01" status="published"><classification-symbol>Y02A20/124</classification-symbol><class-title date-revised="2018-01-01"><title-part><text>Water desalination</text></title-part></class-title>
<classification-item breakdown-code="false" not-allocatable="false" level="9" additional-only="true" sort-key="Y02A20/131" definition-exists="false" ipc-concordant="CPCONLY" c-set-base-allowed="false" c-set-subsequent-allowed="false" date-revised="2020-08-01" status="published"><classification-symbol>Y02A20/131</classification-symbol><class-title date-revised="2018-01-01"><title-part><text>Reverse-osmosis</text></title-part></class-title></classification-item>
<classification-item breakdown-code="false" not-allocatable="false" level="9" additional-only="true" sort-key="Y02A20/138" definition-exists="false" ipc-concordant="CPCONLY" c-set-base-allowed="false" c-set-subsequent-allowed="false" date-revised="2020-08-01" status="published"><classification-symbol>Y02A20/138</classification-symbol><class-title date-revised="2020-08-01"><title-part><text>using renewable energy</text></title-part></class-title>
<classification-item breakdown-code="false" not-allocatable="false" level="10" additional-only="true" sort-key="Y02A20/141" definition-exists="false" ipc-concordant="CPCONLY" c-set-base-allowed="false" c-set-subsequent-allowed="false" date-revised="2020-08-01" status="published"><classification-symbol>Y02A20/141</classification-symbol><class-title date-revised="2020-08-01"><title-part><text>Wind power</text></title-part></class-title></classification-item>
<classification-item breakdown-code="false" not-allocatable="false" level="10" additional-only="true" sort-key="Y02A20/142" definition-exists="false" ipc-concordant="CPCONLY" c-set-base-allowed="false" c-set-subsequent-allowed="false" date-revised="2020-08-01" status="published"><classification-symbol>Y02A20/142</classification-symbol><class-title date-revised="2020-08-01"><title-part><text>Solar thermal</text></title-part><title-part><text>Photovoltaics</text></title-part></class-title></classification-item>
<classification-item breakdown-code="false" not-allocatable="false" level="10" additional-only="true" sort-key="Y02A20/144" definition-exists="false" ipc-concordant="CPCONLY" c-set-base-allowed="false" c-set-subsequent-allowed="false" date-revised="2020-08-01" status="published"><classification-symbol>Y02A20/144</classification-symbol><class-title date-revised="2020-08-01"><title-part><text>Wave energy</text></title-part></class-title></classification-item></classification-item></classification-item>
<classification-item breakdown-code="false" not-allocatable="false" level="8" additional-only="true" sort-key="Y02A20/146" definition-exists="false" ipc-concordant="CPCONLY" c-set-base-allowed="false" c-set-subsequent-allowed="false" date-revised="2020-08-01" status="published"><classification-symbol>Y02A20/146</classification-symbol><class-title date-revised="2020-08-01"><title-part><text>using grey water</text></title-part></class-title>
<classification-item breakdown-code="false" not-allocatable="false" level="9" additional-only="true" sort-key="Y02A20/148" definition-exists="false" ipc-concordant="CPCONLY" c-set-base-allowed="false" c-set-subsequent-allowed="false" date-revised="2020-08-01" status="published"><classification-symbol>Y02A20/148</classification-symbol><class-title date-revised="2018-01-01"><title-part><text>using household water from wash basins or showers</text></title-part></class-title></classification-item></classification-item>
<classification-item breakdown-code="false" not-allocatable="false" level="8" additional-only="true" sort-key="Y02A20/15" definition-exists="false" ipc-concordant="CPCONLY" c-set-base-allowed="false" c-set-subsequent-allowed="false" date-revised="2020-08-01" status="published"><classification-symbol>Y02A20/15</classification-symbol><class-title date-revised="2018-01-01"><title-part><text>Leakage reduction or detection in water storage or distribution</text></title-part></class-title></classification-item>
<classification-item breakdown-code="false" not-allocatable="false" level="8" additional-only="true" sort-key="Y02A20/152" definition-exists="false" ipc-concordant="CPCONLY" c-set-base-allowed="false" c-set-subsequent-allowed="false" date-revised="2020-08-01" status="published"><classification-symbol>Y02A20/152</classification-symbol><class-title date-revised="2018-01-01"><title-part><text>Water filtration</text></title-part></class-title></classification-item>
<classification-item breakdown-code="false" not-allocatable="false" level="8" additional-only="true" sort-key="Y02A20/20" definition-exists="false" ipc-concordant="CPCONLY" c-set-base-allowed="false" c-set-subsequent-allowed="false" date-revised="2020-08-01" status="published"><classification-symbol>Y02A20/20</classification-symbol><class-title date-revised="2020-08-01"><title-part><text>Controlling water pollution</text></title-part><title-part><text>Waste water treatment</text></title-part></class-title>
<classification-item breakdown-code="false" not-allocatable="false" level="9" additional-only="true" sort-key="Y02A20/204" definition-exists="false" ipc-concordant="CPCONLY" c-set-base-allowed="false" c-set-subsequent-allowed="false" date-revised="2020-08-01" status="published"><classification-symbol>Y02A20/204</classification-symbol><class-title date-revised="2018-01-01"><title-part><text>Keeping clear the surface of open water from oil spills</text></title-part></class-title></classification-item>
<classification-item breakdown-code="false" not-allocatable="false" level="9" additional-only="true" sort-key="Y02A20/208" definition-exists="false" ipc-concordant="CPCONLY" c-set-base-allowed="false" c-set-subsequent-allowed="false" date-revised="2020-08-01" status="published"><classification-symbol>Y02A20/208</classification-symbol><class-title date-revised="2018-01-01"><title-part><text>Off-grid powered water treatment</text></title-part></class-title>
<classification-item breakdown-code="false" not-allocatable="false" level="10" additional-only="true" sort-key="Y02A20/211" definition-exists="false" ipc-concordant="CPCONLY" c-set-base-allowed="false" c-set-subsequent-allowed="false" date-revised="2018-01-01" status="published"><classification-symbol>Y02A20/211</classification-symbol><class-title date-revised="2018-01-01"><title-part><text>Solar-powered water purification</text></title-part></class-title></classification-item>
<classification-item breakdown-code="false" not-allocatable="false" level="10" additional-only="true" sort-key="Y02A20/212" definition-exists="false" ipc-concordant="CPCONLY" c-set-base-allowed="false" c-set-subsequent-allowed="false" date-revised="2018-01-01" status="published"><classification-symbol>Y02A20/212</classification-symbol><class-title date-revised="2018-01-01"><title-part><text>Solar-powered wastewater sewage treatment, e.g. spray evaporation</text></title-part></class-title></classification-item></classification-item></classification-item>
<classification-item breakdown-code="false" not-allocatable="false" level="8" additional-only="true" sort-key="Y02A20/30" definition-exists="false" ipc-concordant="CPCONLY" c-set-base-allowed="false" c-set-subsequent-allowed="false" date-revised="2018-01-01" status="published"><classification-symbol>Y02A20/30</classification-symbol><class-title date-revised="2018-01-01"><title-part><text>Relating to industrial water supply, e.g. used for cooling</text></title-part></class-title></classification-item>
<classification-item breakdown-code="false" not-allocatable="false" level="8" additional-only="true" sort-key="Y02A20/40" definition-exists="false" ipc-concordant="CPCONLY" c-set-base-allowed="false" c-set-subsequent-allowed="false" date-revised="2020-08-01" status="published"><classification-symbol>Y02A20/40</classification-symbol><class-title date-revised="2020-08-01"><title-part><text>Protecting water resources</text></title-part></class-title>
<classification-item breakdown-code="false" not-allocatable="false" level="9" additional-only="true" sort-key="Y02A20/402" definition-exists="false" ipc-concordant="CPCONLY" c-set-base-allowed="false" c-set-subsequent-allowed="false" date-revised="2018-01-01" status="published"><classification-symbol>Y02A20/402</classification-symbol><class-title date-revised="2018-01-01"><title-part><text>River restoration</text></title-part></class-title></classification-item>
<classification-item breakdown-code="false" not-allocatable="false" level="9" additional-only="true" sort-key="Y02A20/404" definition-exists="false" ipc-concordant="CPCONLY" c-set-base-allowed="false" c-set-subsequent-allowed="false" date-revised="2018-01-01" status="published"><classification-symbol>Y02A20/404</classification-symbol><class-title date-revised="2018-01-01"><title-part><text>Saltwater intrusion barriers</text></title-part></class-title></classification-item>
<classification-item breakdown-code="false" not-allocatable="false" level="9" additional-only="true" sort-key="Y02A20/406" definition-exists="false" ipc-concordant="CPCONLY" c-set-base-allowed="false" c-set-subsequent-allowed="false" date-revised="2018-01-01" status="published"><classification-symbol>Y02A20/406</classification-symbol><class-title date-revised="2018-01-01"><title-part><text>Aquifer recharge</text></title-part></class-title></classification-item>
<classification-item breakdown-code="false" not-allocatable="false" level="9" additional-only="true" sort-key="Y02A20/411" definition-exists="false" ipc-concordant="CPCONLY" c-set-base-allowed="false" c-set-subsequent-allowed="false" date-revised="2018-01-01" status="published"><classification-symbol>Y02A20/411</classification-symbol><class-title date-revised="2018-01-01"><title-part><text>Water saving techniques at user level</text></title-part></class-title></classification-item></classification-item></classification-item>
<classification-item breakdown-code="false" not-allocatable="false" level="7" additional-only="true" sort-key="Y02A30/00" definition-exists="false" ipc-concordant="CPCONLY" c-set-base-allowed="false" c-set-subsequent-allowed="false" date-revised="2018-01-01" status="published"><classification-symbol>Y02A30/00</classification-symbol><class-title date-revised="2018-01-01"><title-part><text>Adapting or protecting infrastructure or their operation</text></title-part></class-title>
<classification-item breakdown-code="false" not-allocatable="false" level="8" additional-only="true" sort-key="Y02A30/14" definition-exists="false" ipc-concordant="CPCONLY" c-set-base-allowed="false" c-set-subsequent-allowed="false" date-revised="2020-08-01" status="published"><classification-symbol>Y02A30/14</classification-symbol><class-title date-revised="2020-08-01"><title-part><text>Extreme weather resilient electric power supply systems, e.g. strengthening power lines or underground power cables</text></title-part></class-title></classification-item>
<classification-item breakdown-code="false" not-allocatable="false" level="8" additional-only="true" sort-key="Y02A30/24" definition-exists="false" ipc-concordant="CPCONLY" c-set-base-allowed="false" c-set-subsequent-allowed="false" date-revised="2020-08-01" status="published"><classification-symbol>Y02A30/24</classification-symbol><class-title date-revised="2018-01-01"><title-part><text>Structural elements or technologies for improving thermal insulation</text></title-part></class-title>
<classification-item breakdown-code="false" not-allocatable="false" level="9" additional-only="true" sort-key="Y02A30/242" definition-exists="false" ipc-concordant="CPCONLY" c-set-base-allowed="false" c-set-subsequent-allowed="false" date-revised="2020-08-01" status="published"><classification-symbol>Y02A30/242</classification-symbol><class-title date-revised="2018-01-01"><title-part><text>Slab shaped vacuum insulation</text></title-part></class-title></classification-item>
<classification-item breakdown-code="false" not-allocatable="false" level="9" additional-only="true" sort-key="Y02A30/244" definition-exists="false" ipc-concordant="CPCONLY" c-set-base-allowed="false" c-set-subsequent-allowed="false" date-revised="2020-08-01" status="published"><classification-symbol>Y02A30/244</classification-symbol><class-title date-revised="2020-08-01"><title-part><text>using natural or recycled building materials, e.g. straw, wool, clay or used tires</text></title-part></class-title></classification-item>
<classification-item breakdown-code="false" not-allocatable="false" level="9" additional-only="true" sort-key="Y02A30/249" definition-exists="false" ipc-concordant="CPCONLY" c-set-base-allowed="false" c-set-subsequent-allowed="false" date-revised="2020-08-01" status="published"><classification-symbol>Y02A30/249</classification-symbol><class-title date-revised="2020-08-01"><title-part><text>Glazing, e.g. vacuum glazing</text></title-part></class-title></classification-item>
<classification-item breakdown-code="false" not-allocatable="false" level="9" additional-only="true" sort-key="Y02A30/254" definition-exists="false" ipc-concordant="CPCONLY" c-set-base-allowed="false" c-set-subsequent-allowed="false" date-revised="2020-08-01" status="published"><classification-symbol>Y02A30/254</classification-symbol><class-title date-revised="2020-08-01"><title-part><text>Roof garden systems</text></title-part><title-part><text>Roof coverings with high solar reflectance</text></title-part></class-title></classification-item></classification-item>
<classification-item breakdown-code="false" not-allocatable="false" level="8" additional-only="true" sort-key="Y02A30/27" definition-exists="false" ipc-concordant="CPCONLY" c-set-base-allowed="false" c-set-subsequent-allowed="false" date-revised="2020-08-01" status="published"><classification-symbol>Y02A30/27</classification-symbol><class-title date-revised="2018-01-01"><title-part><text>Relating to heating, ventilation or air conditioning [HVAC] technologies</text></title-part></class-title>
<classification-item breakdown-code="false" not-allocatable="false" level="9" additional-only="true" sort-key="Y02A30/272" definition-exists="false" ipc-concordant="CPCONLY" c-set-base-allowed="false" c-set-subsequent-allowed="false" date-revised="2020-08-01" status="published"><classification-symbol>Y02A30/272</classification-symbol><class-title date-revised="2020-08-01"><title-part><text>Solar heating or cooling</text></title-part></class-title></classification-item>
<classification-item breakdown-code="false" not-allocatable="false" level="9" additional-only="true" sort-key="Y02A30/274" definition-exists="false" ipc-concordant="CPCONLY" c-set-base-allowed="false" c-set-subsequent-allowed="false" date-revised="2020-08-01" status="published"><classification-symbol>Y02A30/274</classification-symbol><class-title date-revised="2018-01-01"><title-part><text>using waste energy, e.g. from internal combustion engine</text></title-part></class-title></classification-item></classification-item>
<classification-item breakdown-code="false" not-allocatable="false" level="8" additional-only="true" sort-key="Y02A30/30" definition-exists="false" ipc-concordant="CPCONLY" c-set-base-allowed="false" c-set-subsequent-allowed="false" date-revised="2020-08-01" status="published"><classification-symbol>Y02A30/30</classification-symbol><class-title date-revised="2020-08-01"><title-part><text>in transportation, e.g. on roads, waterways or railways</text></title-part></class-title></classification-item>
<classification-item breakdown-code="false" not-allocatable="false" level="8" additional-only="true" sort-key="Y02A30/60" definition-exists="false" ipc-concordant="CPCONLY" c-set-base-allowed="false" c-set-subsequent-allowed="false" date-revised="2018-01-01" status="published"><classification-symbol>Y02A30/60</classification-symbol><class-title date-revised="2018-01-01"><title-part><text>Planning or developing urban green infrastructure</text></title-part></class-title></classification-item></classification-item>
<classification-item breakdown-code="false" not-allocatable="false" level="7" additional-only="true" sort-key="Y02A40/00" definition-exists="false" ipc-concordant="CPCONLY" c-set-base-allowed="false" c-set-subsequent-allowed="false" date-revised="2018-01-01" status="published"><classification-symbol>Y02A40/00</classification-symbol><class-title date-revised="2018-01-01"><title-part><text>Adaptation technologies in agriculture, forestry, livestock or agroalimentary production</text></title-part></class-title>
<classification-item breakdown-code="false" not-allocatable="false" level="8" additional-only="true" sort-key="Y02A40/10" definition-exists="false" ipc-concordant="CPCONLY" c-set-base-allowed="false" c-set-subsequent-allowed="false" date-revised="2018-01-01" status="published"><classification-symbol>Y02A40/10</classification-symbol><class-title date-revised="2018-01-01"><title-part><text>in agriculture</text></title-part></class-title>
<classification-item breakdown-code="false" not-allocatable="false" level="9" additional-only="true" sort-key="Y02A40/13" definition-exists="false" ipc-concordant="CPCONLY" c-set-base-allowed="false" c-set-subsequent-allowed="false" date-revised="2020-08-01" status="published"><classification-symbol>Y02A40/13</classification-symbol><class-title date-revised="2018-01-01"><title-part><text>Abiotic stress</text></title-part></class-title>
<classification-item breakdown-code="false" not-allocatable="false" level="10" additional-only="true" sort-key="Y02A40/132" definition-exists="false" ipc-concordant="CPCONLY" c-set-base-allowed="false" c-set-subsequent-allowed="false" date-revised="2020-08-01" status="published"><classification-symbol>Y02A40/132</classification-symbol><class-title date-revised="2018-01-01"><title-part><text>Plants tolerant to drought</text></title-part></class-title></classification-item>
<classification-item breakdown-code="false" not-allocatable="false" level="10" additional-only="true" sort-key="Y02A40/135" definition-exists="false" ipc-concordant="CPCONLY" c-set-base-allowed="false" c-set-subsequent-allowed="false" date-revised="2020-08-01" status="published"><classification-symbol>Y02A40/135</classification-symbol><class-title date-revised="2018-01-01"><title-part><text>Plants tolerant to salinity</text></title-part></class-title></classification-item>
<classification-item breakdown-code="false" not-allocatable="false" level="10" additional-only="true" sort-key="Y02A40/138" definition-exists="false" ipc-concordant="CPCONLY" c-set-base-allowed="false" c-set-subsequent-allowed="false" date-revised="2020-08-01" status="published"><classification-symbol>Y02A40/138</classification-symbol><class-title date-revised="2018-01-01"><title-part><text>Plants tolerant to heat</text></title-part></class-title></classification-item></classification-item>
<classification-item breakdown-code="false" not-allocatable="false" level="9" additional-only="true" sort-key="Y02A40/146" definition-exists="false" ipc-concordant="CPCONLY" c-set-base-allowed="false" c-set-subsequent-allowed="false" date-revised="2020-08-01" status="published"><classification-symbol>Y02A40/146</classification-symbol><class-title date-revised="2020-08-01"><title-part><text>Genetically Modified [GMO] plants, e.g. transgenic plants</text></title-part></class-title></classification-item>
<classification-item breakdown-code="false" not-allocatable="false" level="9" additional-only="true" sort-key="Y02A40/20" definition-exists="false" ipc-concordant="CPCONLY" c-set-base-allowed="false" c-set-subsequent-allowed="false" date-revised="2020-08-01" status="published"><classification-symbol>Y02A40/20</classification-symbol><class-title date-revised="2020-08-01"><title-part><text>Fertilizers of biological origin, e.g. guano or fertilizers made from animal corpses</text></title-part></class-title></classification-item>
<classification-item breakdown-code="false" not-allocatable="false" level="9" additional-only="true" sort-key="Y02A40/22" definition-exists="false" ipc-concordant="CPCONLY" c-set-base-allowed="false" c-set-subsequent-allowed="false" date-revised="2018-01-01" status="published"><classification-symbol>Y02A40/22</classification-symbol><class-title date-revised="2018-01-01"><title-part><text>Improving land use</text></title-part><title-part><text>Improving water use or availability</text></title-part><title-part><text>Controlling erosion</text></title-part></class-title></classification-item>
<classification-item breakdown-code="false" not-allocatable="false" level="9" additional-only="true" sort-key="Y02A40/25" definition-exists="false" ipc-concordant="CPCONLY" c-set-base-allowed="false" c-set-subsequent-allowed="false" date-revised="2020-08-01" status="published"><classification-symbol>Y02A40/25</classification-symbol><class-title date-revised="2020-08-01"><title-part><text>Greenhouse technology, e.g. cooling systems therefor</text></title-part></class-title></classification-item>
<classification-item breakdown-code="false" not-allocatable="false" level="9" additional-only="true" sort-key="Y02A40/28" definition-exists="false" ipc-concordant="CPCONLY" c-set-base-allowed="false" c-set-subsequent-allowed="false" date-revised="2018-01-01" status="published"><classification-symbol>Y02A40/28</classification-symbol><class-title date-revised="2018-01-01"><title-part><text>specially adapted for farming</text></title-part></class-title></classification-item>
<classification-item breakdown-code="false" not-allocatable="false" level="9" additional-only="true" sort-key="Y02A40/51" definition-exists="false" ipc-concordant="CPCONLY" c-set-base-allowed="false" c-set-subsequent-allowed="false" date-revised="2018-01-01" status="published"><classification-symbol>Y02A40/51</classification-symbol><class-title date-revised="2018-01-01"><title-part><text>specially adapted for storing agricultural or horticultural products</text></title-part></class-title>
<classification-item breakdown-code="false" not-allocatable="false" level="10" additional-only="true" sort-key="Y02A40/58" definition-exists="false" ipc-concordant="CPCONLY" c-set-base-allowed="false" c-set-subsequent-allowed="false" date-revised="2020-08-01" status="published"><classification-symbol>Y02A40/58</classification-symbol><class-title date-revised="2018-01-01"><title-part><text>using renewable energies</text></title-part></class-title></classification-item></classification-item></classification-item>
<classification-item breakdown-code="false" not-allocatable="false" level="8" additional-only="true" sort-key="Y02A40/60" definition-exists="false" ipc-concordant="CPCONLY" c-set-base-allowed="false" c-set-subsequent-allowed="false" date-revised="2018-01-01" status="published"><classification-symbol>Y02A40/60</classification-symbol><class-title date-revised="2018-01-01"><title-part><text>Ecological corridors or buffer zones</text></title-part></class-title></classification-item>
<classification-item breakdown-code="false" not-allocatable="false" level="8" additional-only="true" sort-key="Y02A40/70" definition-exists="false" ipc-concordant="CPCONLY" c-set-base-allowed="false" c-set-subsequent-allowed="false" date-revised="2018-01-01" status="published"><classification-symbol>Y02A40/70</classification-symbol><class-title date-revised="2018-01-01"><title-part><text>in livestock or poultry</text></title-part></class-title>
<classification-item breakdown-code="false" not-allocatable="false" level="9" additional-only="true" sort-key="Y02A40/76" definition-exists="false" ipc-concordant="CPCONLY" c-set-base-allowed="false" c-set-subsequent-allowed="false" date-revised="2020-08-01" status="published"><classification-symbol>Y02A40/76</classification-symbol><class-title date-revised="2018-01-01"><title-part><text>using renewable energy</text></title-part></class-title></classification-item></classification-item>
<classification-item breakdown-code="false" not-allocatable="false" level="8" additional-only="true" sort-key="Y02A40/80" definition-exists="false" ipc-concordant="CPCONLY" c-set-base-allowed="false" c-set-subsequent-allowed="false" date-revised="2018-01-01" status="published"><classification-symbol>Y02A40/80</classification-symbol><class-title date-revised="2018-01-01"><title-part><text>in fisheries management</text></title-part></class-title>
<classification-item breakdown-code="false" not-allocatable="false" level="9" additional-only="true" sort-key="Y02A40/81" definition-exists="false" ipc-concordant="CPCONLY" c-set-base-allowed="false" c-set-subsequent-allowed="false" date-revised="2020-08-01" status="published"><classification-symbol>Y02A40/81</classification-symbol><class-title date-revised="2020-08-01"><title-part><text>Aquaculture, e.g. of fish</text></title-part></class-title>
<classification-item breakdown-code="false" not-allocatable="false" level="10" additional-only="true" sort-key="Y02A40/818" definition-exists="false" ipc-concordant="CPCONLY" c-set-base-allowed="false" c-set-subsequent-allowed="false" date-revised="2020-08-01" status="published"><classification-symbol>Y02A40/818</classification-symbol><class-title date-revised="2020-08-01"><title-part><text>Alternative feeds for fish, e.g. in aquacultures</text></title-part></class-title></classification-item></classification-item></classification-item>
<classification-item breakdown-code="false" not-allocatable="false" level="8" additional-only="true" sort-key="Y02A40/90" definition-exists="false" ipc-concordant="CPCONLY" c-set-base-allowed="false" c-set-subsequent-allowed="false" date-revised="2020-08-01" status="published"><classification-symbol>Y02A40/90</classification-symbol><class-title date-revised="2020-08-01"><title-part><text>in food processing or handling, e.g. food conservation</text></title-part></class-title>
<classification-item breakdown-code="false" not-allocatable="false" level="9" additional-only="true" sort-key="Y02A40/924" definition-exists="false" ipc-concordant="CPCONLY" c-set-base-allowed="false" c-set-subsequent-allowed="false" date-revised="2020-08-01" status="published"><classification-symbol>Y02A40/924</classification-symbol><class-title date-revised="2018-01-01"><title-part><text>using renewable energies</text></title-part></class-title>
<classification-item breakdown-code="false" not-allocatable="false" level="10" additional-only="true" sort-key="Y02A40/926" definition-exists="false" ipc-concordant="CPCONLY" c-set-base-allowed="false" c-set-subsequent-allowed="false" date-revised="2020-08-01" status="published"><classification-symbol>Y02A40/926</classification-symbol><class-title date-revised="2018-01-01"><title-part><text>Cooking stoves or furnaces using solar heat</text></title-part></class-title></classification-item>
<classification-item breakdown-code="false" not-allocatable="false" level="10" additional-only="true" sort-key="Y02A40/928" definition-exists="false" ipc-concordant="CPCONLY" c-set-base-allowed="false" c-set-subsequent-allowed="false" date-revised="2020-08-01" status="published"><classification-symbol>Y02A40/928</classification-symbol><class-title date-revised="2018-01-01"><title-part><text>Cooking stoves using biomass</text></title-part></class-title></classification-item></classification-item>
<classification-item breakdown-code="false" not-allocatable="false" level="9" additional-only="true" sort-key="Y02A40/963" definition-exists="false" ipc-concordant="CPCONLY" c-set-base-allowed="false" c-set-subsequent-allowed="false" date-revised="2020-08-01" status="published"><classification-symbol>Y02A40/963</classification-symbol><class-title date-revised="2018-01-01"><title-part><text>Off-grid food refrigeration</text></title-part></class-title>
<classification-item breakdown-code="false" not-allocatable="false" level="10" additional-only="true" sort-key="Y02A40/966" definition-exists="false" ipc-concordant="CPCONLY" c-set-base-allowed="false" c-set-subsequent-allowed="false" date-revised="2020-08-01" status="published"><classification-symbol>Y02A40/966</classification-symbol><class-title date-revised="2018-01-01"><title-part><text>Powered by renewable energy sources</text></title-part></class-title></classification-item></classification-item></classification-item></classification-item>
<classification-item breakdown-code="false" not-allocatable="false" level="7" additional-only="true" sort-key="Y02A50/00" definition-exists="false" ipc-concordant="CPCONLY" c-set-base-allowed="false" c-set-subsequent-allowed="false" date-revised="2020-08-01" status="published"><classification-symbol>Y02A50/00</classification-symbol><class-title date-revised="2020-08-01"><title-part><text>in human health protection, e.g. against extreme weather</text></title-part></class-title>
<classification-item breakdown-code="false" not-allocatable="false" level="8" additional-only="true" sort-key="Y02A50/20" definition-exists="false" ipc-concordant="CPCONLY" c-set-base-allowed="false" c-set-subsequent-allowed="false" date-revised="2020-08-01" status="published"><classification-symbol>Y02A50/20</classification-symbol><class-title date-revised="2020-08-01"><title-part><text>Air quality improvement or preservation, e.g. vehicle emission control or emission reduction by using catalytic converters</text></title-part></class-title>
<classification-item breakdown-code="false" not-allocatable="false" level="9" additional-only="true" sort-key="Y02A50/2351" definition-exists="false" ipc-concordant="CPCONLY" c-set-base-allowed="false" c-set-subsequent-allowed="false" date-revised="2020-08-01" status="published"><classification-symbol>Y02A50/2351</classification-symbol><class-title date-revised="2018-01-01"><title-part><text>Atmospheric particulate matter [PM], e.g. carbon smoke microparticles, smog, aerosol particles, dust</text></title-part></class-title></classification-item></classification-item>
<classification-item breakdown-code="false" not-allocatable="false" level="8" additional-only="true" sort-key="Y02A50/30" definition-exists="false" ipc-concordant="CPCONLY" c-set-base-allowed="false" c-set-subsequent-allowed="false" date-revised="2018-01-01" status="published"><classification-symbol>Y02A50/30</classification-symbol><class-title date-revised="2018-01-01"><title-part><text>Against vector-borne diseases, e.g. mosquito-borne, fly-borne, tick-borne or waterborne diseases whose impact is exacerbated by climate change</text></title-part></class-title></classification-item></classification-item>
<classification-item breakdown-code="false" not-allocatable="false" level="7" additional-only="true" sort-key="Y02A90/00" definition-exists="false" ipc-concordant="CPCONLY" c-set-base-allowed="false" c-set-subsequent-allowed="false" date-revised="2018-01-01" status="published"><classification-symbol>Y02A90/00</classification-symbol><class-title date-revised="2018-01-01"><title-part><text>Technologies having an indirect contribution to adaptation to climate change</text></title-part></class-title>
<classification-item breakdown-code="false" not-allocatable="false" level="8" additional-only="true" sort-key="Y02A90/10" definition-exists="false" ipc-concordant="CPCONLY" c-set-base-allowed="false" c-set-subsequent-allowed="false" date-revised="2020-08-01" status="published"><classification-symbol>Y02A90/10</classification-symbol><class-title date-revised="2020-08-01"><title-part><text>Information and communication technologies [ICT] supporting adaptation to climate change, e.g. for weather forecasting or climate simulation</text></title-part></class-title></classification-item>
<classification-item breakdown-code="false" not-allocatable="false" level="8" additional-only="true" sort-key="Y02A90/30" definition-exists="false" ipc-concordant="CPCONLY" c-set-base-allowed="false" c-set-subsequent-allowed="false" date-revised="2018-01-01" status="published"><classification-symbol>Y02A90/30</classification-symbol><class-title date-revised="2018-01-01"><title-part><text>Assessment of water resources</text></title-part></class-title></classification-item>
<classification-item breakdown-code="false" not-allocatable="false" level="8" additional-only="true" sort-key="Y02A90/40" definition-exists="false" ipc-concordant="CPCONLY" c-set-base-allowed="false" c-set-subsequent-allowed="false" date-revised="2018-01-01" status="published"><classification-symbol>Y02A90/40</classification-symbol><class-title date-revised="2018-01-01"><title-part><text>Monitoring or fighting invasive species</text></title-part></class-title></classification-item></classification-item></classification-item></classification-item></class-scheme>