<?xml version="1.0" encoding="UTF-8"?>
<class-scheme publication-date="2021-05-01" scheme-type="cpc" publication-type="official">
<classification-item breakdown-code="false" not-allocatable="true" level="5" additional-only="false" sort-key="C12C" definition-exists="true" date-revised="2020-05-01" status="published"><classification-symbol>C12C</classification-symbol><class-title date-revised="2020-02-01"><title-part><text>BEER</text></title-part><title-part><text>PREPARATION OF BEER BY FERMENTATION </text><reference><text>ageing or ripening by storing <class-ref scheme="cpc">C12H1/22</class-ref>; methods for reducing the alcohol content after fermentation <class-ref scheme="cpc">C12H3/00</class-ref>; methods for increasing the alcohol content after fermentation <class-ref scheme="cpc">C12H6/00</class-ref>; venting devices for casks, barrels or the like <class-ref scheme="cpc">C12L9/00</class-ref></text></reference></title-part><title-part><text>PREPARATION OF MALT FOR MAKING BEER</text></title-part><title-part><text>PREPARATION OF HOPS FOR MAKING BEER</text></title-part></class-title><notes-and-warnings><note type="warning"><note-paragraph>In this subclass non-limiting references (in the sense of paragraph 39 of the Guide to the IPC) may still be displayed in the scheme.</note-paragraph></note></notes-and-warnings>
<classification-item breakdown-code="false" not-allocatable="true" level="6" additional-only="false" sort-key="C12C1/00" date-revised="2013-01-01" status="published"><classification-symbol>C12C1/00</classification-symbol>
<classification-item breakdown-code="false" not-allocatable="false" level="7" additional-only="false" sort-key="C12C1/00" definition-exists="true" ipc-concordant="C12C1/00" c-set-base-allowed="false" c-set-subsequent-allowed="true" date-revised="2013-01-01" status="published"><classification-symbol>C12C1/00</classification-symbol><class-title date-revised="2013-01-01"><title-part><text>Preparation of malt</text></title-part></class-title>
<classification-item breakdown-code="false" not-allocatable="false" level="8" additional-only="false" sort-key="C12C1/02" definition-exists="true" ipc-concordant="C12C1/02" c-set-base-allowed="false" c-set-subsequent-allowed="true" date-revised="2013-01-01" status="published"><classification-symbol>C12C1/02</classification-symbol><class-title date-revised="2013-01-01"><title-part><text>Pretreatment of grains, e.g. washing, steeping</text></title-part></class-title></classification-item>
<classification-item breakdown-code="false" not-allocatable="false" level="8" additional-only="false" sort-key="C12C1/027" definition-exists="true" ipc-concordant="C12C1/027" c-set-base-allowed="false" c-set-subsequent-allowed="true" date-revised="2013-01-01" status="published"><classification-symbol>C12C1/027</classification-symbol><class-title date-revised="2013-01-01"><title-part><text>Germinating</text></title-part></class-title>
<classification-item breakdown-code="false" not-allocatable="false" level="9" additional-only="false" sort-key="C12C1/0275" definition-exists="true" ipc-concordant="C12C1/027" c-set-base-allowed="false" c-set-subsequent-allowed="true" date-revised="2013-01-01" status="published"><classification-symbol>C12C1/0275</classification-symbol><class-title date-revised="2013-01-01"><title-part><CPC-specific-text><text>on single or multi-stage floors</text></CPC-specific-text></title-part></class-title></classification-item>
<classification-item breakdown-code="false" not-allocatable="false" level="9" additional-only="false" sort-key="C12C1/033" definition-exists="true" ipc-concordant="C12C1/033" c-set-base-allowed="false" c-set-subsequent-allowed="true" date-revised="2013-01-01" status="published"><classification-symbol>C12C1/033</classification-symbol><class-title date-revised="2013-01-01"><title-part><text>in boxes or drums</text></title-part></class-title></classification-item>
<classification-item breakdown-code="false" not-allocatable="false" level="9" additional-only="false" sort-key="C12C1/047" definition-exists="true" ipc-concordant="C12C1/047" c-set-base-allowed="false" c-set-subsequent-allowed="true" date-revised="2013-01-01" status="published"><classification-symbol>C12C1/047</classification-symbol><class-title date-revised="2013-01-01"><title-part><text>Influencing the germination by chemical or physical means</text></title-part></class-title>
<classification-item breakdown-code="false" not-allocatable="false" level="10" additional-only="false" sort-key="C12C1/053" definition-exists="true" ipc-concordant="C12C1/053" c-set-base-allowed="false" c-set-subsequent-allowed="true" date-revised="2013-01-01" status="published"><classification-symbol>C12C1/053</classification-symbol><class-title date-revised="2013-01-01"><title-part><text>by irradiation or electric </text><CPC-specific-text><text>or wave energy</text></CPC-specific-text><text> treatment</text></title-part></class-title></classification-item></classification-item></classification-item>
<classification-item breakdown-code="false" not-allocatable="false" level="8" additional-only="false" sort-key="C12C1/067" definition-exists="true" ipc-concordant="C12C1/067" c-set-base-allowed="false" c-set-subsequent-allowed="true" date-revised="2013-01-01" status="published"><classification-symbol>C12C1/067</classification-symbol><class-title date-revised="2013-01-01"><title-part><text>Drying</text></title-part></class-title>
<classification-item breakdown-code="false" not-allocatable="false" level="9" additional-only="false" sort-key="C12C1/073" definition-exists="true" ipc-concordant="C12C1/073" c-set-base-allowed="false" c-set-subsequent-allowed="true" date-revised="2013-01-01" status="published"><classification-symbol>C12C1/073</classification-symbol><class-title date-revised="2013-01-01"><title-part><text>Processes or apparatus specially adapted to save or recover energy</text></title-part></class-title></classification-item>
<classification-item breakdown-code="false" not-allocatable="false" level="9" additional-only="false" sort-key="C12C1/10" definition-exists="true" ipc-concordant="C12C1/10" c-set-base-allowed="false" c-set-subsequent-allowed="true" date-revised="2013-01-01" status="published"><classification-symbol>C12C1/10</classification-symbol><class-title date-revised="2013-01-01"><title-part><text>Drying on fixed supports</text></title-part></class-title></classification-item>
<classification-item breakdown-code="false" not-allocatable="false" level="9" additional-only="false" sort-key="C12C1/12" definition-exists="true" ipc-concordant="C12C1/12" c-set-base-allowed="false" c-set-subsequent-allowed="true" date-revised="2013-01-01" status="published"><classification-symbol>C12C1/12</classification-symbol><class-title date-revised="2013-01-01"><title-part><text>Drying on moving supports</text></title-part></class-title></classification-item></classification-item>
<classification-item breakdown-code="false" not-allocatable="false" level="8" additional-only="false" sort-key="C12C1/125" definition-exists="true" ipc-concordant="C12C1/125" c-set-base-allowed="false" c-set-subsequent-allowed="true" date-revised="2013-01-01" status="published"><classification-symbol>C12C1/125</classification-symbol><class-title date-revised="2013-01-01"><title-part><text>Continuous or semi-continuous processes for steeping, germinating or drying</text></title-part></class-title>
<classification-item breakdown-code="false" not-allocatable="false" level="9" additional-only="false" sort-key="C12C1/13" definition-exists="true" ipc-concordant="C12C1/13" c-set-base-allowed="false" c-set-subsequent-allowed="true" date-revised="2013-01-01" status="published"><classification-symbol>C12C1/13</classification-symbol><class-title date-revised="2013-01-01"><title-part><text>with vertical transport of the grains</text></title-part></class-title></classification-item>
<classification-item breakdown-code="false" not-allocatable="false" level="9" additional-only="false" sort-key="C12C1/135" definition-exists="true" ipc-concordant="C12C1/135" c-set-base-allowed="false" c-set-subsequent-allowed="true" date-revised="2013-01-01" status="published"><classification-symbol>C12C1/135</classification-symbol><class-title date-revised="2013-01-01"><title-part><text>with horizontal transport of the grains</text></title-part></class-title></classification-item></classification-item>
<classification-item breakdown-code="false" not-allocatable="false" level="8" additional-only="false" sort-key="C12C1/15" definition-exists="true" ipc-concordant="C12C1/15" c-set-base-allowed="false" c-set-subsequent-allowed="true" date-revised="2013-01-01" status="published"><classification-symbol>C12C1/15</classification-symbol><class-title date-revised="2013-01-01"><title-part><text>Grain or malt turning, charging or discharging apparatus</text></title-part></class-title></classification-item>
<classification-item breakdown-code="false" not-allocatable="false" level="8" additional-only="false" sort-key="C12C1/16" definition-exists="true" ipc-concordant="C12C1/16" c-set-base-allowed="false" c-set-subsequent-allowed="true" date-revised="2013-01-01" status="published"><classification-symbol>C12C1/16</classification-symbol><class-title date-revised="2013-01-01"><title-part><text>After-treatment of malt, e.g. malt cleaning, detachment of the germ</text></title-part></class-title></classification-item>
<classification-item breakdown-code="false" not-allocatable="false" level="8" additional-only="false" sort-key="C12C1/18" definition-exists="true" ipc-concordant="C12C1/18" c-set-base-allowed="false" c-set-subsequent-allowed="true" date-revised="2013-01-01" status="published"><classification-symbol>C12C1/18</classification-symbol><class-title date-revised="2013-01-01"><title-part><text>Preparation of malt extract or of special kinds of malt, e.g. caramel, black malt </text><reference><text>malt products for use as foodstuffs <class-ref scheme="cpc">A23L</class-ref></text></reference></title-part></class-title></classification-item></classification-item>
<classification-item breakdown-code="false" not-allocatable="false" level="7" additional-only="false" sort-key="C12C3/00" definition-exists="true" ipc-concordant="C12C3/00" c-set-base-allowed="false" c-set-subsequent-allowed="true" date-revised="2013-01-01" status="published"><classification-symbol>C12C3/00</classification-symbol><class-title date-revised="2013-01-01"><title-part><text>Treatment of hops</text></title-part></class-title>
<classification-item breakdown-code="false" not-allocatable="false" level="8" additional-only="false" sort-key="C12C3/02" definition-exists="true" ipc-concordant="C12C3/02" c-set-base-allowed="false" c-set-subsequent-allowed="true" date-revised="2013-01-01" status="published"><classification-symbol>C12C3/02</classification-symbol><class-title date-revised="2013-01-01"><title-part><text>Drying</text></title-part></class-title></classification-item>
<classification-item breakdown-code="false" not-allocatable="false" level="8" additional-only="false" sort-key="C12C3/04" definition-exists="true" ipc-concordant="C12C3/04" c-set-base-allowed="false" c-set-subsequent-allowed="true" date-revised="2013-01-01" status="published"><classification-symbol>C12C3/04</classification-symbol><class-title date-revised="2013-01-01"><title-part><text>Conserving</text></title-part><title-part><text>Storing</text></title-part><title-part><text>Packing</text></title-part></class-title>
<classification-item breakdown-code="false" not-allocatable="false" level="9" additional-only="false" sort-key="C12C3/06" definition-exists="true" ipc-concordant="C12C3/06" c-set-base-allowed="false" c-set-subsequent-allowed="true" date-revised="2013-01-01" status="published"><classification-symbol>C12C3/06</classification-symbol><class-title date-revised="2013-01-01"><title-part><text>Powder or pellets from hops</text></title-part></class-title></classification-item>
<classification-item breakdown-code="false" not-allocatable="false" level="9" additional-only="false" sort-key="C12C3/08" definition-exists="true" ipc-concordant="C12C3/08" c-set-base-allowed="false" c-set-subsequent-allowed="true" date-revised="2013-01-01" status="published"><classification-symbol>C12C3/08</classification-symbol><class-title date-revised="2013-01-01"><title-part><text>Solvent extracts from hops</text></title-part></class-title>
<classification-item breakdown-code="false" not-allocatable="false" level="10" additional-only="false" sort-key="C12C3/085" definition-exists="true" ipc-concordant="C12C3/08" c-set-base-allowed="false" c-set-subsequent-allowed="true" date-revised="2013-01-01" status="published"><classification-symbol>C12C3/085</classification-symbol><class-title date-revised="2013-01-01"><title-part><CPC-specific-text><text>Extraction of hops with beerwort</text></CPC-specific-text></title-part></class-title></classification-item>
<classification-item breakdown-code="false" not-allocatable="false" level="10" additional-only="false" sort-key="C12C3/10" definition-exists="true" ipc-concordant="C12C3/10" c-set-base-allowed="false" c-set-subsequent-allowed="true" date-revised="2013-01-01" status="published"><classification-symbol>C12C3/10</classification-symbol><class-title date-revised="2013-01-01"><title-part><text>using carbon dioxide</text></title-part></class-title></classification-item></classification-item></classification-item>
<classification-item breakdown-code="false" not-allocatable="false" level="8" additional-only="false" sort-key="C12C3/12" definition-exists="true" ipc-concordant="C12C3/12" c-set-base-allowed="false" c-set-subsequent-allowed="true" date-revised="2013-01-01" status="published"><classification-symbol>C12C3/12</classification-symbol><class-title date-revised="2013-01-01"><title-part><text>Isomerised products from hops</text></title-part></class-title></classification-item></classification-item>
<classification-item breakdown-code="false" not-allocatable="false" level="7" additional-only="false" sort-key="C12C5/00" definition-exists="true" ipc-concordant="C12C5/00" c-set-base-allowed="false" c-set-subsequent-allowed="true" date-revised="2013-01-01" status="published"><classification-symbol>C12C5/00</classification-symbol><class-title date-revised="2013-01-01"><title-part><text>Other raw materials for the preparation of beer</text></title-part></class-title>
<classification-item breakdown-code="false" not-allocatable="false" level="8" additional-only="false" sort-key="C12C5/002" definition-exists="true" ipc-concordant="C12C5/00" c-set-base-allowed="false" c-set-subsequent-allowed="true" date-revised="2013-01-01" status="published"><classification-symbol>C12C5/002</classification-symbol><class-title date-revised="2013-01-01"><title-part><CPC-specific-text><text>Brewing water</text></CPC-specific-text></title-part></class-title></classification-item>
<classification-item breakdown-code="false" not-allocatable="false" level="8" additional-only="false" sort-key="C12C5/004" definition-exists="true" ipc-concordant="C12C5/00" c-set-base-allowed="false" c-set-subsequent-allowed="true" date-revised="2013-01-01" status="published"><classification-symbol>C12C5/004</classification-symbol><class-title date-revised="2013-01-01"><title-part><CPC-specific-text><text>Enzymes</text></CPC-specific-text></title-part></class-title>
<classification-item breakdown-code="false" not-allocatable="false" level="9" additional-only="false" sort-key="C12C5/006" definition-exists="true" ipc-concordant="C12C5/00" c-set-base-allowed="false" c-set-subsequent-allowed="true" date-revised="2013-01-01" status="published"><classification-symbol>C12C5/006</classification-symbol><class-title date-revised="2013-01-01"><title-part><CPC-specific-text><text>Beta-glucanase or functionally equivalent enzymes</text></CPC-specific-text></title-part></class-title></classification-item></classification-item>
<classification-item breakdown-code="false" not-allocatable="false" level="8" additional-only="false" sort-key="C12C5/008" definition-exists="true" ipc-concordant="C12C5/00" c-set-base-allowed="false" c-set-subsequent-allowed="true" date-revised="2013-01-01" status="published"><classification-symbol>C12C5/008</classification-symbol><class-title date-revised="2013-01-01"><title-part><CPC-specific-text><text>Hop surrogates</text></CPC-specific-text></title-part></class-title></classification-item>
<classification-item breakdown-code="false" not-allocatable="false" level="8" additional-only="false" sort-key="C12C5/02" definition-exists="true" ipc-concordant="C12C5/02" c-set-base-allowed="false" c-set-subsequent-allowed="true" date-revised="2013-01-01" status="published"><classification-symbol>C12C5/02</classification-symbol><class-title date-revised="2013-01-01"><title-part><text>Additives for beer</text></title-part></class-title>
<classification-item breakdown-code="false" not-allocatable="false" level="9" additional-only="false" sort-key="C12C5/023" definition-exists="true" ipc-concordant="C12C5/02" c-set-base-allowed="false" c-set-subsequent-allowed="true" date-revised="2013-01-01" status="published"><classification-symbol>C12C5/023</classification-symbol><class-title date-revised="2013-01-01"><title-part><CPC-specific-text><text>enhancing the vitamin content</text></CPC-specific-text></title-part></class-title></classification-item>
<classification-item breakdown-code="false" not-allocatable="false" level="9" additional-only="false" sort-key="C12C5/026" definition-exists="true" ipc-concordant="C12C5/02" c-set-base-allowed="false" c-set-subsequent-allowed="true" date-revised="2013-01-01" status="published"><classification-symbol>C12C5/026</classification-symbol><class-title date-revised="2013-01-01"><title-part><CPC-specific-text><text>Beer flavouring preparations</text></CPC-specific-text></title-part></class-title></classification-item>
<classification-item breakdown-code="false" not-allocatable="false" level="9" additional-only="false" sort-key="C12C5/04" definition-exists="true" ipc-concordant="C12C5/04" c-set-base-allowed="false" c-set-subsequent-allowed="true" date-revised="2013-01-01" status="published"><classification-symbol>C12C5/04</classification-symbol><class-title date-revised="2013-01-01"><title-part><text>Colouring additives</text></title-part></class-title></classification-item></classification-item></classification-item>
<classification-item breakdown-code="false" not-allocatable="false" level="7" additional-only="false" sort-key="C12C7/00" definition-exists="true" ipc-concordant="C12C7/00" c-set-base-allowed="false" c-set-subsequent-allowed="true" date-revised="2013-01-01" status="published"><classification-symbol>C12C7/00</classification-symbol><class-title date-revised="2013-01-01"><title-part><text>Preparation of wort </text><reference><text>malt extract <class-ref scheme="cpc">C12C1/18</class-ref></text></reference></title-part></class-title>
<classification-item breakdown-code="false" not-allocatable="false" level="8" additional-only="false" sort-key="C12C7/01" definition-exists="true" ipc-concordant="C12C7/01" c-set-base-allowed="false" c-set-subsequent-allowed="true" date-revised="2013-01-01" status="published"><classification-symbol>C12C7/01</classification-symbol><class-title date-revised="2013-01-01"><title-part><text>Pretreatment of malt, e.g. malt grinding</text></title-part></class-title></classification-item>
<classification-item breakdown-code="false" not-allocatable="false" level="8" additional-only="false" sort-key="C12C7/04" definition-exists="true" ipc-concordant="C12C7/04" c-set-base-allowed="false" c-set-subsequent-allowed="true" date-revised="2013-01-01" status="published"><classification-symbol>C12C7/04</classification-symbol><class-title date-revised="2013-01-01"><title-part><text>Preparation or treatment of the mash</text></title-part></class-title>
<classification-item breakdown-code="false" not-allocatable="false" level="9" additional-only="false" sort-key="C12C7/042" definition-exists="true" ipc-concordant="C12C7/04" c-set-base-allowed="false" c-set-subsequent-allowed="true" date-revised="2013-01-01" status="published"><classification-symbol>C12C7/042</classification-symbol><class-title date-revised="2013-01-01"><title-part><CPC-specific-text><text>Mixing malt with water</text></CPC-specific-text></title-part></class-title></classification-item>
<classification-item breakdown-code="false" not-allocatable="false" level="9" additional-only="false" sort-key="C12C7/044" definition-exists="true" ipc-concordant="C12C7/04" c-set-base-allowed="false" c-set-subsequent-allowed="true" date-revised="2013-01-01" status="published"><classification-symbol>C12C7/044</classification-symbol><class-title date-revised="2013-01-01"><title-part><CPC-specific-text><text>Cooling the mash </text><reference><text><class-ref scheme="cpc">C12C7/067</class-ref> takes precedence</text></reference></CPC-specific-text></title-part></class-title></classification-item>
<classification-item breakdown-code="false" not-allocatable="false" level="9" additional-only="false" sort-key="C12C7/047" definition-exists="true" ipc-concordant="C12C7/047" c-set-base-allowed="false" c-set-subsequent-allowed="true" date-revised="2013-01-01" status="published"><classification-symbol>C12C7/047</classification-symbol><class-title date-revised="2013-01-01"><title-part><text>part of the mash being unmalted cereal mash</text></title-part></class-title></classification-item>
<classification-item breakdown-code="false" not-allocatable="false" level="9" additional-only="false" sort-key="C12C7/053" definition-exists="true" ipc-concordant="C12C7/053" c-set-base-allowed="false" c-set-subsequent-allowed="true" date-revised="2013-01-01" status="published"><classification-symbol>C12C7/053</classification-symbol><class-title date-revised="2013-01-01"><title-part><text>part of the mash being non-cereal material</text></title-part></class-title></classification-item>
<classification-item breakdown-code="false" not-allocatable="false" level="9" additional-only="false" sort-key="C12C7/06" definition-exists="true" ipc-concordant="C12C7/06" c-set-base-allowed="false" c-set-subsequent-allowed="true" date-revised="2013-01-01" status="published"><classification-symbol>C12C7/06</classification-symbol><class-title date-revised="2013-01-01"><title-part><text>Mashing apparatus</text></title-part></class-title>
<classification-item breakdown-code="false" not-allocatable="false" level="10" additional-only="false" sort-key="C12C7/062" definition-exists="true" ipc-concordant="C12C7/06" c-set-base-allowed="false" c-set-subsequent-allowed="true" date-revised="2013-01-01" status="published"><classification-symbol>C12C7/062</classification-symbol><class-title date-revised="2013-01-01"><title-part><CPC-specific-text><text>with a horizontal stirrer shaft</text></CPC-specific-text></title-part></class-title></classification-item>
<classification-item breakdown-code="false" not-allocatable="false" level="10" additional-only="false" sort-key="C12C7/065" definition-exists="true" ipc-concordant="C12C7/06" c-set-base-allowed="false" c-set-subsequent-allowed="true" date-revised="2013-01-01" status="published"><classification-symbol>C12C7/065</classification-symbol><class-title date-revised="2013-01-01"><title-part><CPC-specific-text><text>with a vertical stirrer shaft</text></CPC-specific-text></title-part></class-title></classification-item>
<classification-item breakdown-code="false" not-allocatable="false" level="10" additional-only="false" sort-key="C12C7/067" definition-exists="true" ipc-concordant="C12C7/06" c-set-base-allowed="false" c-set-subsequent-allowed="true" date-revised="2013-01-01" status="published"><classification-symbol>C12C7/067</classification-symbol><class-title date-revised="2013-01-01"><title-part><CPC-specific-text><text>with cooling means</text></CPC-specific-text></title-part></class-title></classification-item></classification-item></classification-item>
<classification-item breakdown-code="false" not-allocatable="false" level="8" additional-only="false" sort-key="C12C7/14" definition-exists="true" ipc-concordant="C12C7/14" c-set-base-allowed="false" c-set-subsequent-allowed="true" date-revised="2013-01-01" status="published"><classification-symbol>C12C7/14</classification-symbol><class-title date-revised="2013-01-01"><title-part><text>Clarifying wort (L&#228;uterung)</text></title-part></class-title>
<classification-item breakdown-code="false" not-allocatable="false" level="9" additional-only="false" sort-key="C12C7/16" definition-exists="true" ipc-concordant="C12C7/16" c-set-base-allowed="false" c-set-subsequent-allowed="true" date-revised="2013-01-01" status="published"><classification-symbol>C12C7/16</classification-symbol><class-title date-revised="2013-01-01"><title-part><text>by straining</text></title-part></class-title>
<classification-item breakdown-code="false" not-allocatable="false" level="10" additional-only="false" sort-key="C12C7/161" definition-exists="true" ipc-concordant="C12C7/16" c-set-base-allowed="false" c-set-subsequent-allowed="true" date-revised="2013-01-01" status="published"><classification-symbol>C12C7/161</classification-symbol><class-title date-revised="2013-01-01"><title-part><CPC-specific-text><text>in a tub with a perforated false bottom</text></CPC-specific-text></title-part></class-title></classification-item>
<classification-item breakdown-code="false" not-allocatable="false" level="10" additional-only="false" sort-key="C12C7/163" definition-exists="true" ipc-concordant="C12C7/16" c-set-base-allowed="false" c-set-subsequent-allowed="true" date-revised="2013-01-01" status="published"><classification-symbol>C12C7/163</classification-symbol><class-title date-revised="2013-01-01"><title-part><CPC-specific-text><text>with transport of the mash by or relative to a filtering surface</text></CPC-specific-text></title-part></class-title></classification-item>
<classification-item breakdown-code="false" not-allocatable="false" level="10" additional-only="false" sort-key="C12C7/165" definition-exists="true" ipc-concordant="C12C7/165" c-set-base-allowed="false" c-set-subsequent-allowed="true" date-revised="2013-01-01" status="published"><classification-symbol>C12C7/165</classification-symbol><class-title date-revised="2013-01-01"><title-part><text>in mash filters</text></title-part></class-title></classification-item>
<classification-item breakdown-code="false" not-allocatable="false" level="10" additional-only="false" sort-key="C12C7/17" definition-exists="true" ipc-concordant="C12C7/17" c-set-base-allowed="false" c-set-subsequent-allowed="true" date-revised="2017-08-01" status="published"><classification-symbol>C12C7/17</classification-symbol><class-title date-revised="2017-08-01"><title-part><text>in lautertuns </text><CPC-specific-text><text>, e.g. in a tub with perforated false bottom</text></CPC-specific-text></title-part></class-title></classification-item></classification-item>
<classification-item breakdown-code="false" not-allocatable="false" level="9" additional-only="false" sort-key="C12C7/175" definition-exists="true" ipc-concordant="C12C7/175" c-set-base-allowed="false" c-set-subsequent-allowed="true" date-revised="2013-01-01" status="published"><classification-symbol>C12C7/175</classification-symbol><class-title date-revised="2013-01-01"><title-part><text>by centrifuging</text></title-part></class-title></classification-item></classification-item>
<classification-item breakdown-code="false" not-allocatable="false" level="8" additional-only="false" sort-key="C12C7/20" definition-exists="true" ipc-concordant="C12C7/20" c-set-base-allowed="false" c-set-subsequent-allowed="true" date-revised="2013-01-01" status="published"><classification-symbol>C12C7/20</classification-symbol><class-title date-revised="2013-01-01"><title-part><text>Boiling the beerwort </text><reference><text>brew kettles <class-ref scheme="cpc">C12C13/02</class-ref></text></reference></title-part></class-title>
<classification-item breakdown-code="false" not-allocatable="false" level="9" additional-only="false" sort-key="C12C7/205" definition-exists="true" ipc-concordant="C12C7/20" c-set-base-allowed="false" c-set-subsequent-allowed="true" date-revised="2013-01-01" status="published"><classification-symbol>C12C7/205</classification-symbol><class-title date-revised="2013-01-01"><title-part><CPC-specific-text><text>Boiling with hops</text></CPC-specific-text></title-part></class-title>
<classification-item breakdown-code="false" not-allocatable="false" level="10" additional-only="false" sort-key="C12C7/22" definition-exists="true" ipc-concordant="C12C7/22" c-set-base-allowed="false" c-set-subsequent-allowed="true" date-revised="2013-01-01" status="published"><classification-symbol>C12C7/22</classification-symbol><class-title date-revised="2013-01-01"><title-part><text>Processes or apparatus specially adapted to save or recover energy</text></title-part></class-title></classification-item></classification-item></classification-item>
<classification-item breakdown-code="false" not-allocatable="false" level="8" additional-only="false" sort-key="C12C7/24" definition-exists="true" ipc-concordant="C12C7/24" c-set-base-allowed="false" c-set-subsequent-allowed="true" date-revised="2013-01-01" status="published"><classification-symbol>C12C7/24</classification-symbol><class-title date-revised="2013-01-01"><title-part><text>Clarifying beerwort between hop boiling and cooling</text></title-part></class-title></classification-item>
<classification-item breakdown-code="false" not-allocatable="false" level="8" additional-only="false" sort-key="C12C7/26" definition-exists="true" ipc-concordant="C12C7/26" c-set-base-allowed="false" c-set-subsequent-allowed="true" date-revised="2013-01-01" status="published"><classification-symbol>C12C7/26</classification-symbol><class-title date-revised="2013-01-01"><title-part><text>Cooling beerwort</text></title-part><title-part><text>Clarifying beerwort during or after the cooling</text></title-part></class-title></classification-item>
<classification-item breakdown-code="false" not-allocatable="false" level="8" additional-only="false" sort-key="C12C7/28" definition-exists="true" ipc-concordant="C12C7/28" c-set-base-allowed="false" c-set-subsequent-allowed="true" date-revised="2017-08-01" status="published"><classification-symbol>C12C7/28</classification-symbol><class-title date-revised="2017-08-01"><title-part><text>After-treatment </text><CPC-specific-text><text>, e.g. sterilisation </text><reference><text><class-ref scheme="cpc">C12C11/00</class-ref> takes precedence</text></reference></CPC-specific-text></title-part></class-title>
<classification-item breakdown-code="false" not-allocatable="false" level="9" additional-only="false" sort-key="C12C7/282" definition-exists="true" ipc-concordant="C12C7/28" c-set-base-allowed="false" c-set-subsequent-allowed="true" date-revised="2013-01-01" status="published"><classification-symbol>C12C7/282</classification-symbol><class-title date-revised="2013-01-01"><title-part><CPC-specific-text><text>Concentration or beerwort</text></CPC-specific-text></title-part></class-title></classification-item>
<classification-item breakdown-code="false" not-allocatable="false" level="9" additional-only="false" sort-key="C12C7/285" definition-exists="true" ipc-concordant="C12C7/28" c-set-base-allowed="false" c-set-subsequent-allowed="true" date-revised="2013-01-01" status="published"><classification-symbol>C12C7/285</classification-symbol><class-title date-revised="2013-01-01"><title-part><CPC-specific-text><text>Drying beerwort</text></CPC-specific-text></title-part></class-title></classification-item>
<classification-item breakdown-code="false" not-allocatable="false" level="9" additional-only="false" sort-key="C12C7/287" definition-exists="true" ipc-concordant="C12C7/28" c-set-base-allowed="false" c-set-subsequent-allowed="true" date-revised="2013-01-01" status="published"><classification-symbol>C12C7/287</classification-symbol><class-title date-revised="2013-01-01"><title-part><CPC-specific-text><text>Treating beerwort with hopextract </text><reference><text><class-ref scheme="cpc">C12C7/205</class-ref> takes precedence</text></reference></CPC-specific-text></title-part></class-title></classification-item></classification-item></classification-item>
<classification-item breakdown-code="false" not-allocatable="false" level="7" additional-only="false" sort-key="C12C9/00" definition-exists="true" ipc-concordant="C12C3/00" c-set-base-allowed="false" c-set-subsequent-allowed="true" date-revised="2016-11-01" status="published"><classification-symbol>C12C9/00</classification-symbol><class-title date-revised="2016-11-01"><title-part><CPC-specific-text><text>Methods specially adapted for the making of beerwort</text></CPC-specific-text></title-part></class-title>
<classification-item breakdown-code="false" not-allocatable="false" level="8" additional-only="false" sort-key="C12C9/02" definition-exists="true" ipc-concordant="C12C3/00" c-set-base-allowed="false" c-set-subsequent-allowed="true" date-revised="2016-11-01" status="published"><classification-symbol>C12C9/02</classification-symbol><class-title date-revised="2016-11-01"><title-part><CPC-specific-text><text>Beerwort treatment; Boiling with hops; Hop extraction</text></CPC-specific-text></title-part></class-title>
<classification-item breakdown-code="false" not-allocatable="false" level="9" additional-only="false" sort-key="C12C9/025" definition-exists="true" ipc-concordant="C12C3/00" c-set-base-allowed="false" c-set-subsequent-allowed="true" date-revised="2013-01-01" status="published"><classification-symbol>C12C9/025</classification-symbol><class-title date-revised="2013-01-01"><title-part><CPC-specific-text><text>Preparation of hop extracts </text><reference><text>extraction with beerwort <class-ref scheme="cpc">C12C9/02</class-ref></text></reference><text>; Isomerisation of these extracts; Treatment of beerwort with these extracts; Surrogates of the hop</text></CPC-specific-text></title-part></class-title></classification-item></classification-item></classification-item>
<classification-item breakdown-code="false" not-allocatable="false" level="7" additional-only="false" sort-key="C12C11/00" definition-exists="true" ipc-concordant="C12C11/00" c-set-base-allowed="false" c-set-subsequent-allowed="true" date-revised="2013-01-01" status="published"><classification-symbol>C12C11/00</classification-symbol><class-title date-revised="2013-01-01"><title-part><text>Fermentation processes for beer </text><reference><text>preparation of wine <class-ref scheme="cpc">C12G1/00</class-ref></text></reference></title-part></class-title>
<classification-item breakdown-code="false" not-allocatable="false" level="8" additional-only="false" sort-key="C12C11/003" definition-exists="true" ipc-concordant="C12C11/00" c-set-base-allowed="false" c-set-subsequent-allowed="true" date-revised="2013-01-01" status="published"><classification-symbol>C12C11/003</classification-symbol><class-title date-revised="2013-01-01"><title-part><CPC-specific-text><text>Fermentation of beerwort</text></CPC-specific-text></title-part></class-title>
<classification-item breakdown-code="false" not-allocatable="false" level="9" additional-only="false" sort-key="C12C11/006" definition-exists="true" ipc-concordant="C12C11/00" c-set-base-allowed="false" c-set-subsequent-allowed="true" date-revised="2013-01-01" status="published"><classification-symbol>C12C11/006</classification-symbol><class-title date-revised="2013-01-01"><title-part><CPC-specific-text><text>Fermentation tanks therefor</text></CPC-specific-text></title-part></class-title></classification-item></classification-item>
<classification-item breakdown-code="false" not-allocatable="false" level="8" additional-only="false" sort-key="C12C11/02" definition-exists="true" ipc-concordant="C12C11/02" c-set-base-allowed="false" c-set-subsequent-allowed="true" date-revised="2013-01-01" status="published"><classification-symbol>C12C11/02</classification-symbol><class-title date-revised="2013-01-01"><title-part><text>Pitching yeast</text></title-part></class-title></classification-item>
<classification-item breakdown-code="false" not-allocatable="false" level="8" additional-only="false" sort-key="C12C11/06" definition-exists="true" ipc-concordant="C12C11/06" c-set-base-allowed="false" c-set-subsequent-allowed="true" date-revised="2013-01-01" status="published"><classification-symbol>C12C11/06</classification-symbol><class-title date-revised="2013-01-01"><title-part><text>Acidifying the wort</text></title-part></class-title></classification-item>
<classification-item breakdown-code="false" not-allocatable="false" level="8" additional-only="false" sort-key="C12C11/07" definition-exists="true" ipc-concordant="C12C11/07" c-set-base-allowed="false" c-set-subsequent-allowed="true" date-revised="2013-01-01" status="published"><classification-symbol>C12C11/07</classification-symbol><class-title date-revised="2013-01-01"><title-part><text>Continuous fermentation</text></title-part></class-title>
<classification-item breakdown-code="false" not-allocatable="false" level="9" additional-only="false" sort-key="C12C11/075" definition-exists="true" ipc-concordant="C12C11/07" c-set-base-allowed="false" c-set-subsequent-allowed="true" date-revised="2013-01-01" status="published"><classification-symbol>C12C11/075</classification-symbol><class-title date-revised="2013-01-01"><title-part><CPC-specific-text><text>Bioreactors for continuous fermentation</text></CPC-specific-text></title-part></class-title></classification-item></classification-item>
<classification-item breakdown-code="false" not-allocatable="false" level="8" additional-only="false" sort-key="C12C11/09" definition-exists="true" ipc-concordant="C12C11/09" c-set-base-allowed="false" c-set-subsequent-allowed="true" date-revised="2013-01-01" status="published"><classification-symbol>C12C11/09</classification-symbol><class-title date-revised="2013-01-01"><title-part><text>Fermentation with immobilised yeast</text></title-part></class-title></classification-item>
<classification-item breakdown-code="false" not-allocatable="false" level="8" additional-only="false" sort-key="C12C11/11" definition-exists="true" ipc-concordant="C12C11/11" c-set-base-allowed="false" c-set-subsequent-allowed="true" date-revised="2019-02-01" status="published"><classification-symbol>C12C11/11</classification-symbol><class-title date-revised="2019-02-01"><title-part><text>Post fermentation treatments, e.g. carbonation, or concentration </text><reference><text>methods for reducing the alcohol content after fermentation <class-ref scheme="cpc">C12H3/00</class-ref>; methods for increasing the alcohol content after fermentation <class-ref scheme="cpc">C12H6/00</class-ref></text></reference></title-part></class-title></classification-item></classification-item>
<classification-item breakdown-code="false" not-allocatable="false" level="7" additional-only="false" sort-key="C12C12/00" definition-exists="true" ipc-concordant="C12C12/00" c-set-base-allowed="false" c-set-subsequent-allowed="true" date-revised="2013-01-01" status="published"><classification-symbol>C12C12/00</classification-symbol><class-title date-revised="2013-01-01"><title-part><text>Processes specially adapted for making special kinds of beer</text></title-part></class-title>
<classification-item breakdown-code="false" not-allocatable="false" level="8" additional-only="false" sort-key="C12C12/002" definition-exists="true" ipc-concordant="C12C12/00" c-set-base-allowed="false" c-set-subsequent-allowed="true" date-revised="2017-08-01" status="published"><classification-symbol>C12C12/002</classification-symbol><class-title date-revised="2017-08-01"><title-part><CPC-specific-text><text>using special microorganisms</text></CPC-specific-text></title-part></class-title>
<classification-item breakdown-code="false" not-allocatable="false" level="9" additional-only="false" sort-key="C12C12/004" definition-exists="true" ipc-concordant="C12C12/00" c-set-base-allowed="false" c-set-subsequent-allowed="true" date-revised="2017-08-01" status="published"><classification-symbol>C12C12/004</classification-symbol><class-title date-revised="2017-08-01"><title-part><CPC-specific-text><text>Genetically modified microorganisms</text></CPC-specific-text></title-part></class-title></classification-item>
<classification-item breakdown-code="false" not-allocatable="false" level="9" additional-only="false" sort-key="C12C12/006" definition-exists="true" ipc-concordant="C12C12/00" c-set-base-allowed="false" c-set-subsequent-allowed="true" date-revised="2013-01-01" status="published"><classification-symbol>C12C12/006</classification-symbol><class-title date-revised="2013-01-01"><title-part><CPC-specific-text><text>Yeasts </text><reference><text>processes for seeding <class-ref scheme="cpc">C12C11/02</class-ref></text></reference></CPC-specific-text></title-part></class-title></classification-item>
<classification-item breakdown-code="false" not-allocatable="false" level="9" additional-only="false" sort-key="C12C12/008" definition-exists="true" ipc-concordant="C12C12/00" c-set-base-allowed="false" c-set-subsequent-allowed="true" date-revised="2013-01-01" status="published"><classification-symbol>C12C12/008</classification-symbol><class-title date-revised="2013-01-01"><title-part><CPC-specific-text><text>Lactic acid bacteria</text></CPC-specific-text></title-part></class-title></classification-item></classification-item>
<classification-item breakdown-code="false" not-allocatable="false" level="8" additional-only="false" sort-key="C12C12/02" definition-exists="true" ipc-concordant="C12C12/02" c-set-base-allowed="false" c-set-subsequent-allowed="true" date-revised="2013-01-01" status="published"><classification-symbol>C12C12/02</classification-symbol><class-title date-revised="2013-01-01"><title-part><text>Beer with low calorie content </text><reference><text><class-ref scheme="cpc">C12C12/04</class-ref> takes precedence</text></reference></title-part></class-title></classification-item>
<classification-item breakdown-code="false" not-allocatable="false" level="8" additional-only="false" sort-key="C12C12/04" definition-exists="true" ipc-concordant="C12C12/04" c-set-base-allowed="false" c-set-subsequent-allowed="true" date-revised="2019-02-01" status="published"><classification-symbol>C12C12/04</classification-symbol><class-title date-revised="2019-02-01"><title-part><text>Beer with low alcohol content </text><reference><text>methods for reducing the alcohol content after fermentation <class-ref scheme="cpc">C12H3/00</class-ref></text></reference></title-part></class-title><notes-and-warnings><note type="warning"><note-paragraph warning-type="reclass-source">Group <class-ref scheme="cpc">C12C12/04</class-ref> is impacted by reclassification into groups <class-ref scheme="cpc">C12H3/00</class-ref>,  <class-ref scheme="cpc">C12H3/02</class-ref>, and <class-ref scheme="cpc">C12H3/04</class-ref>. <br/>All groups listed in this Warning should be considered in order to perform a complete search.</note-paragraph></note></notes-and-warnings></classification-item></classification-item>
<classification-item breakdown-code="false" not-allocatable="false" level="7" additional-only="false" sort-key="C12C13/00" definition-exists="true" ipc-concordant="C12C13/00" c-set-base-allowed="false" c-set-subsequent-allowed="true" date-revised="2016-05-01" status="published"><classification-symbol>C12C13/00</classification-symbol><class-title date-revised="2016-05-01"><title-part><text>Brewing devices, not covered by a single group of <class-ref scheme="cpc">C12C1/00</class-ref>&#160;-&#160;<class-ref scheme="cpc">C12C12/04</class-ref></text></title-part></class-title>
<classification-item breakdown-code="false" not-allocatable="false" level="8" additional-only="false" sort-key="C12C13/02" definition-exists="true" ipc-concordant="C12C13/02" c-set-base-allowed="false" c-set-subsequent-allowed="true" date-revised="2013-01-01" status="published"><classification-symbol>C12C13/02</classification-symbol><class-title date-revised="2013-01-01"><title-part><text>Brew kettles </text><CPC-specific-text><reference><text><class-ref scheme="cpc">C12C11/075</class-ref> takes precedence</text></reference></CPC-specific-text></title-part></class-title>
<classification-item breakdown-code="false" not-allocatable="false" level="9" additional-only="false" sort-key="C12C13/025" definition-exists="true" ipc-concordant="C12C13/02" c-set-base-allowed="false" c-set-subsequent-allowed="true" date-revised="2013-01-01" status="published"><classification-symbol>C12C13/025</classification-symbol><class-title date-revised="2013-01-01"><title-part><CPC-specific-text><text>heated with steam</text></CPC-specific-text></title-part></class-title></classification-item>
<classification-item breakdown-code="false" not-allocatable="false" level="9" additional-only="false" sort-key="C12C13/06" definition-exists="true" ipc-concordant="C12C13/06" c-set-base-allowed="false" c-set-subsequent-allowed="true" date-revised="2013-01-01" status="published"><classification-symbol>C12C13/06</classification-symbol><class-title date-revised="2013-01-01"><title-part><text>heated with fire</text></title-part></class-title></classification-item>
<classification-item breakdown-code="false" not-allocatable="false" level="9" additional-only="false" sort-key="C12C13/08" definition-exists="true" ipc-concordant="C12C13/08" c-set-base-allowed="false" c-set-subsequent-allowed="true" date-revised="2013-01-01" status="published"><classification-symbol>C12C13/08</classification-symbol><class-title date-revised="2013-01-01"><title-part><text>with internal heating elements</text></title-part></class-title></classification-item></classification-item>
<classification-item breakdown-code="false" not-allocatable="false" level="8" additional-only="false" sort-key="C12C13/10" definition-exists="true" ipc-concordant="C12C13/10" c-set-base-allowed="false" c-set-subsequent-allowed="true" date-revised="2013-01-01" status="published"><classification-symbol>C12C13/10</classification-symbol><class-title date-revised="2013-01-01"><title-part><text>Home brew equipment</text></title-part></class-title></classification-item></classification-item></classification-item>
<classification-item breakdown-code="false" not-allocatable="true" level="6" additional-only="true" sort-key="C12C200/00" date-revised="2013-01-01" status="published"><classification-symbol>C12C2200/00</classification-symbol>
<classification-item breakdown-code="true" not-allocatable="false" level="7" additional-only="true" sort-key="C12C200/00" definition-exists="false" ipc-concordant="CPCONLY" c-set-base-allowed="false" c-set-subsequent-allowed="true" date-revised="2013-01-01" status="published"><classification-symbol>C12C2200/00</classification-symbol><class-title date-revised="2013-01-01"><title-part><text>Special features</text></title-part></class-title>
<classification-item breakdown-code="true" not-allocatable="false" level="8" additional-only="true" sort-key="C12C200/01" definition-exists="false" ipc-concordant="CPCONLY" c-set-base-allowed="false" c-set-subsequent-allowed="true" date-revised="2013-01-01" status="published"><classification-symbol>C12C2200/01</classification-symbol><class-title date-revised="2013-01-01"><title-part><text>Use of specific genetic variants of barley or other sources of fermentable carbohydrates for beer brewing</text></title-part></class-title></classification-item>
<classification-item breakdown-code="true" not-allocatable="false" level="8" additional-only="true" sort-key="C12C200/05" definition-exists="false" ipc-concordant="CPCONLY" c-set-base-allowed="false" c-set-subsequent-allowed="true" date-revised="2013-01-01" status="published"><classification-symbol>C12C2200/05</classification-symbol><class-title date-revised="2013-01-01"><title-part><text>Use of genetically modified microorganisms in the preparation of beer</text></title-part></class-title></classification-item>
<classification-item breakdown-code="true" not-allocatable="false" level="8" additional-only="true" sort-key="C12C200/31" definition-exists="false" ipc-concordant="CPCONLY" c-set-base-allowed="false" c-set-subsequent-allowed="true" date-revised="2015-10-01" status="published"><classification-symbol>C12C2200/31</classification-symbol><class-title date-revised="2013-01-01"><title-part><text>Clarifying wort before or during or after cooling</text></title-part></class-title></classification-item>
<classification-item breakdown-code="true" not-allocatable="false" level="8" additional-only="true" sort-key="C12C200/35" definition-exists="false" ipc-concordant="CPCONLY" c-set-base-allowed="false" c-set-subsequent-allowed="true" date-revised="2013-01-01" status="published"><classification-symbol>C12C2200/35</classification-symbol><class-title date-revised="2013-01-01"><title-part><text>Dissolving, reconstituting or diluting concentrated or dried wort</text></title-part></class-title></classification-item></classification-item></classification-item></classification-item></class-scheme>