<?xml version="1.0" encoding="UTF-8"?>
<class-scheme publication-date="2021-05-01" scheme-type="cpc" publication-type="official">
<classification-item breakdown-code="false" not-allocatable="true" level="5" additional-only="false" sort-key="B67B" definition-exists="true" date-revised="2018-08-01" status="published"><classification-symbol>B67B</classification-symbol><class-title date-revised="2013-01-01"><title-part><text>APPLYING CLOSURE MEMBERS TO BOTTLES JARS, OR SIMILAR CONTAINERS</text></title-part><title-part><text>OPENING CLOSED CONTAINERS </text><reference><text>opening or closing devices attached to, or incorporated in, containers or container closures <class-ref scheme="cpc">B65D</class-ref></text></reference></title-part></class-title><notes-and-warnings date-revised="2013-01-01"><note type="warning"><note-paragraph warning-type="ipc-not-used">The following IPC groups are not in the CPC scheme. The subject matter for these IPC groups is classified in the following CPC groups: <table><row><entry><class-ref scheme="ipc">B67B7/46</class-ref></entry><entry> covered by </entry><entry><class-ref scheme="cpc">B67B7/30</class-ref>-<class-ref scheme="cpc">B67B7/385</class-ref></entry></row><row><entry><class-ref scheme="ipc">B67B7/48</class-ref>-<class-ref scheme="ipc">B67B7/52</class-ref></entry><entry> covered by </entry><entry><class-ref scheme="cpc">B67B7/24</class-ref>, <class-ref scheme="cpc">B67B7/26</class-ref>, <class-ref scheme="cpc">B67B7/28</class-ref></entry></row><row><entry><class-ref scheme="ipc">B67B7/54</class-ref>-<class-ref scheme="ipc">B67B7/90</class-ref></entry><entry> covered by </entry><entry><class-ref scheme="cpc">B67B7/30</class-ref>-<class-ref scheme="cpc">B67B7/385</class-ref></entry></row></table></note-paragraph><note-paragraph>In this subclass non-limiting references (in the sense of paragraph 39 of the Guide to the IPC) may still be displayed in the scheme.</note-paragraph></note></notes-and-warnings>
<classification-item breakdown-code="false" not-allocatable="true" level="6" additional-only="false" sort-key="B67B1/00" date-revised="2013-01-01" status="published"><classification-symbol>B67B1/00</classification-symbol>
<classification-item breakdown-code="false" not-allocatable="false" level="7" additional-only="false" sort-key="B67B1/00" definition-exists="true" ipc-concordant="B67B1/00" c-set-base-allowed="false" c-set-subsequent-allowed="true" date-revised="2013-01-01" status="published"><classification-symbol>B67B1/00</classification-symbol><class-title date-revised="2013-01-01"><title-part><text>Closing bottles, jars or similar containers by applying stoppers </text><reference><text>stoppers <u>per se</u> <class-ref scheme="cpc">B65D39/00</class-ref></text></reference></title-part></class-title>
<classification-item breakdown-code="false" not-allocatable="false" level="8" additional-only="false" sort-key="B67B1/005" definition-exists="true" ipc-concordant="B67B1/00" c-set-base-allowed="false" c-set-subsequent-allowed="true" date-revised="2013-01-01" status="published"><classification-symbol>B67B1/005</classification-symbol><class-title date-revised="2013-01-01"><title-part><CPC-specific-text><text>Feeding stoppers </text><reference><text>in general <class-ref scheme="cpc">B65G</class-ref></text></reference></CPC-specific-text></title-part></class-title></classification-item>
<classification-item breakdown-code="false" not-allocatable="false" level="8" additional-only="false" sort-key="B67B1/03" definition-exists="true" ipc-concordant="B67B1/03" c-set-base-allowed="false" c-set-subsequent-allowed="true" date-revised="2013-01-01" status="published"><classification-symbol>B67B1/03</classification-symbol><class-title date-revised="2013-01-01"><title-part><text>Pretreatment of stoppers, e.g. cleaning, steaming, heating, impregnating or coating</text></title-part><title-part><text>Applying resilient rings to stoppers </text><reference><text>mechanical working of cork <class-ref scheme="cpc">B27J5/00</class-ref></text></reference></title-part></class-title></classification-item>
<classification-item breakdown-code="false" not-allocatable="false" level="8" additional-only="false" sort-key="B67B1/04" definition-exists="true" ipc-concordant="B67B1/04" c-set-base-allowed="false" c-set-subsequent-allowed="true" date-revised="2017-08-01" status="published"><classification-symbol>B67B1/04</classification-symbol><class-title date-revised="2017-08-01"><title-part><text>by inserting threadless stoppers, e.g. corks</text></title-part></class-title>
<classification-item breakdown-code="false" not-allocatable="false" level="9" additional-only="false" sort-key="B67B1/045" definition-exists="false" ipc-concordant="B67B1/04" c-set-base-allowed="false" c-set-subsequent-allowed="true" date-revised="2013-01-01" status="published"><classification-symbol>B67B1/045</classification-symbol><class-title date-revised="2013-01-01"><title-part><CPC-specific-text><text>using hand operated devices</text></CPC-specific-text></title-part></class-title></classification-item></classification-item>
<classification-item breakdown-code="false" not-allocatable="false" level="8" additional-only="false" sort-key="B67B1/06" definition-exists="true" ipc-concordant="B67B1/06" c-set-base-allowed="false" c-set-subsequent-allowed="true" date-revised="2013-01-01" status="published"><classification-symbol>B67B1/06</classification-symbol><class-title date-revised="2013-01-01"><title-part><text>by inserting and rotating screw stoppers</text></title-part></class-title></classification-item>
<classification-item breakdown-code="false" not-allocatable="false" level="8" additional-only="false" sort-key="B67B1/08" definition-exists="true" ipc-concordant="B67B1/08" c-set-base-allowed="false" c-set-subsequent-allowed="true" date-revised="2013-01-01" status="published"><classification-symbol>B67B1/08</classification-symbol><class-title date-revised="2013-01-01"><title-part><text>Securing stoppers, e.g. swing stoppers, which are held in position by associated pressure-applying means coacting with the bottle neck</text></title-part></class-title></classification-item>
<classification-item breakdown-code="false" not-allocatable="false" level="8" additional-only="false" sort-key="B67B1/10" definition-exists="true" ipc-concordant="B67B1/10" c-set-base-allowed="false" c-set-subsequent-allowed="true" date-revised="2013-01-01" status="published"><classification-symbol>B67B1/10</classification-symbol><class-title date-revised="2013-01-01"><title-part><text>by inserting disc closures</text></title-part></class-title></classification-item></classification-item>
<classification-item breakdown-code="false" not-allocatable="false" level="7" additional-only="false" sort-key="B67B3/00" definition-exists="true" ipc-concordant="B67B3/00" c-set-base-allowed="false" c-set-subsequent-allowed="true" date-revised="2013-01-01" status="published"><classification-symbol>B67B3/00</classification-symbol><class-title date-revised="2013-01-01"><title-part><text>Closing bottles, jars or similar containers by applying caps </text><reference><text>caps <u>per se</u> <class-ref scheme="cpc">B65D41/00</class-ref></text></reference></title-part></class-title>
<classification-item breakdown-code="false" not-allocatable="false" level="8" additional-only="false" sort-key="B67B3/003" definition-exists="true" ipc-concordant="B67B3/00" c-set-base-allowed="false" c-set-subsequent-allowed="true" date-revised="2013-01-01" status="published"><classification-symbol>B67B3/003</classification-symbol><class-title date-revised="2013-01-01"><title-part><CPC-specific-text><text>Pretreatment of caps, e.g. cleaning, steaming, heating or sterilizing</text></CPC-specific-text></title-part></class-title></classification-item>
<classification-item breakdown-code="false" not-allocatable="false" level="8" additional-only="false" sort-key="B67B3/006" definition-exists="true" ipc-concordant="B67B3/00" c-set-base-allowed="false" c-set-subsequent-allowed="true" date-revised="2013-01-01" status="published"><classification-symbol>B67B3/006</classification-symbol><class-title date-revised="2013-01-01"><title-part><CPC-specific-text><text>Applying date marks, code marks, or the like, to caps during capping </text><reference><text>applying marks to labels <class-ref scheme="cpc">B65C9/46</class-ref></text></reference></CPC-specific-text></title-part></class-title></classification-item>
<classification-item breakdown-code="false" not-allocatable="false" level="8" additional-only="false" sort-key="B67B3/02" definition-exists="true" ipc-concordant="B67B3/02" c-set-base-allowed="false" c-set-subsequent-allowed="true" date-revised="2013-01-01" status="published"><classification-symbol>B67B3/02</classification-symbol><class-title date-revised="2013-01-01"><title-part><text>by applying flanged caps, e.g. crown caps, and securing by deformation of flanges</text></title-part></class-title>
<classification-item breakdown-code="false" not-allocatable="false" level="9" additional-only="false" sort-key="B67B3/023" definition-exists="false" ipc-concordant="B67B3/02" c-set-base-allowed="false" c-set-subsequent-allowed="true" date-revised="2013-01-01" status="published"><classification-symbol>B67B3/023</classification-symbol><class-title date-revised="2013-01-01"><title-part><CPC-specific-text><text>using additional means for securing the cap, e.g. adhesives</text></CPC-specific-text></title-part></class-title></classification-item>
<classification-item breakdown-code="false" not-allocatable="false" level="9" additional-only="false" sort-key="B67B3/026" definition-exists="false" ipc-concordant="B67B3/02" c-set-base-allowed="false" c-set-subsequent-allowed="true" date-revised="2013-01-01" status="published"><classification-symbol>B67B3/026</classification-symbol><class-title date-revised="2013-01-01"><title-part><CPC-specific-text><text>the caps being made of thermoplastic material </text><reference><text><class-ref scheme="cpc">B67B3/023</class-ref> takes precedence</text></reference></CPC-specific-text></title-part></class-title></classification-item>
<classification-item breakdown-code="false" not-allocatable="false" level="9" additional-only="false" sort-key="B67B3/04" definition-exists="false" ipc-concordant="B67B3/04" c-set-base-allowed="false" c-set-subsequent-allowed="true" date-revised="2013-01-01" status="published"><classification-symbol>B67B3/04</classification-symbol><class-title date-revised="2013-01-01"><title-part><text>Cutting caps from strip material in capping machines </text><reference><text>devices for registering moving strip material <class-ref scheme="cpc">B65H23/00</class-ref></text></reference></title-part></class-title></classification-item>
<classification-item breakdown-code="false" not-allocatable="false" level="9" additional-only="false" sort-key="B67B3/06" definition-exists="false" ipc-concordant="B67B3/06" c-set-base-allowed="false" c-set-subsequent-allowed="true" date-revised="2013-01-01" status="published"><classification-symbol>B67B3/06</classification-symbol><class-title date-revised="2013-01-01"><title-part><text>Feeding caps to capping heads</text></title-part></class-title>
<classification-item breakdown-code="false" not-allocatable="false" level="10" additional-only="false" sort-key="B67B3/061" definition-exists="false" ipc-concordant="B67B3/06" c-set-base-allowed="false" c-set-subsequent-allowed="true" date-revised="2013-01-01" status="published"><classification-symbol>B67B3/061</classification-symbol><class-title date-revised="2013-01-01"><title-part><CPC-specific-text><text>the caps having an asymmetric footprint, e.g. comprising a gripping lip</text></CPC-specific-text></title-part></class-title></classification-item>
<classification-item breakdown-code="false" not-allocatable="false" level="10" additional-only="false" sort-key="B67B3/062" definition-exists="false" ipc-concordant="B67B3/062" c-set-base-allowed="false" c-set-subsequent-allowed="true" date-revised="2013-01-01" status="published"><classification-symbol>B67B3/062</classification-symbol><class-title date-revised="2013-01-01"><title-part><text>from a magazine </text><CPC-specific-text><reference><text><class-ref scheme="cpc">B67B3/061</class-ref> takes precedence</text></reference></CPC-specific-text></title-part></class-title></classification-item>
<classification-item breakdown-code="false" not-allocatable="false" level="10" additional-only="false" sort-key="B67B3/064" definition-exists="false" ipc-concordant="B67B3/064" c-set-base-allowed="false" c-set-subsequent-allowed="true" date-revised="2013-01-01" status="published"><classification-symbol>B67B3/064</classification-symbol><class-title date-revised="2013-01-01"><title-part><text>from a hopper </text><CPC-specific-text><reference><text><class-ref scheme="cpc">B67B3/061</class-ref> takes precedence</text></reference></CPC-specific-text></title-part></class-title>
<classification-item breakdown-code="false" not-allocatable="false" level="11" additional-only="false" sort-key="B67B3/0645" definition-exists="false" ipc-concordant="B67B3/064" c-set-base-allowed="false" c-set-subsequent-allowed="true" date-revised="2013-01-01" status="published"><classification-symbol>B67B3/0645</classification-symbol><class-title date-revised="2013-01-01"><title-part><CPC-specific-text><text>with means for orientating the caps to a position ready to be applied to the container</text></CPC-specific-text></title-part></class-title></classification-item></classification-item></classification-item>
<classification-item breakdown-code="false" not-allocatable="false" level="9" additional-only="false" sort-key="B67B3/10" definition-exists="false" ipc-concordant="B67B3/10" c-set-base-allowed="false" c-set-subsequent-allowed="true" date-revised="2013-01-01" status="published"><classification-symbol>B67B3/10</classification-symbol><class-title date-revised="2013-01-01"><title-part><text>Capping heads for securing caps </text><CPC-specific-text><reference><text><class-ref scheme="cpc">B67B3/023</class-ref> takes precedence</text></reference></CPC-specific-text></title-part></class-title>
<classification-item breakdown-code="false" not-allocatable="false" level="10" additional-only="false" sort-key="B67B3/12" definition-exists="false" ipc-concordant="B67B3/12" c-set-base-allowed="false" c-set-subsequent-allowed="true" date-revised="2013-01-01" status="published"><classification-symbol>B67B3/12</classification-symbol><class-title date-revised="2013-01-01"><title-part><text>characterised by being movable axially relative to cap to deform flanges thereof, e.g. to press projecting flange rims inwardly</text></title-part></class-title></classification-item>
<classification-item breakdown-code="false" not-allocatable="false" level="10" additional-only="false" sort-key="B67B3/14" definition-exists="false" ipc-concordant="B67B3/14" c-set-base-allowed="false" c-set-subsequent-allowed="true" date-revised="2013-01-01" status="published"><classification-symbol>B67B3/14</classification-symbol><class-title date-revised="2013-01-01"><title-part><text>characterised by having movable elements, e.g. hinged fingers, for applying radial pressure to the flange of the cap </text><reference><text><class-ref scheme="cpc">B67B3/16</class-ref>, <class-ref scheme="cpc">B67B3/18</class-ref> take precedence</text></reference></title-part></class-title></classification-item>
<classification-item breakdown-code="false" not-allocatable="false" level="10" additional-only="false" sort-key="B67B3/16" definition-exists="false" ipc-concordant="B67B3/16" c-set-base-allowed="false" c-set-subsequent-allowed="true" date-revised="2013-01-01" status="published"><classification-symbol>B67B3/16</classification-symbol><class-title date-revised="2013-01-01"><title-part><text>characterised by having resilient deforming elements, e.g. resilient sleeves or collars </text><reference><text><class-ref scheme="cpc">B67B3/18</class-ref> takes precedence</text></reference></title-part></class-title></classification-item>
<classification-item breakdown-code="false" not-allocatable="false" level="10" additional-only="false" sort-key="B67B3/18" definition-exists="false" ipc-concordant="B67B3/18" c-set-base-allowed="false" c-set-subsequent-allowed="true" date-revised="2013-01-01" status="published"><classification-symbol>B67B3/18</classification-symbol><class-title date-revised="2013-01-01"><title-part><text>characterised by being rotatable, e.g. for forming screw threads <u>in situ</u></text></title-part></class-title></classification-item></classification-item></classification-item>
<classification-item breakdown-code="false" not-allocatable="false" level="8" additional-only="false" sort-key="B67B3/20" definition-exists="true" ipc-concordant="B67B3/20" c-set-base-allowed="false" c-set-subsequent-allowed="true" date-revised="2013-01-01" status="published"><classification-symbol>B67B3/20</classification-symbol><class-title date-revised="2013-01-01"><title-part><text>by applying and rotating preformed threaded caps </text><reference><text>forming threads <u>in situ</u> by resilient deforming means <class-ref scheme="cpc">B67B3/16</class-ref>, by rotary capping heads <class-ref scheme="cpc">B67B3/18</class-ref></text></reference></title-part></class-title>
<classification-item breakdown-code="false" not-allocatable="false" level="9" additional-only="false" sort-key="B67B3/2006" definition-exists="true" ipc-concordant="B67B3/20" c-set-base-allowed="false" c-set-subsequent-allowed="true" date-revised="2013-01-01" status="published"><classification-symbol>B67B3/2006</classification-symbol><class-title date-revised="2013-01-01"><title-part><CPC-specific-text><text>using manually-controlled or manually operated devices</text></CPC-specific-text></title-part></class-title></classification-item>
<classification-item breakdown-code="false" not-allocatable="false" level="9" additional-only="false" sort-key="B67B3/2013" definition-exists="false" ipc-concordant="B67B3/20" c-set-base-allowed="false" c-set-subsequent-allowed="true" date-revised="2013-01-01" status="published"><classification-symbol>B67B3/2013</classification-symbol><class-title date-revised="2013-01-01"><title-part><CPC-specific-text><text>by carousel-type capping machines</text></CPC-specific-text></title-part></class-title>
<classification-item breakdown-code="false" not-allocatable="false" level="10" additional-only="false" sort-key="B67B3/202" definition-exists="true" ipc-concordant="B67B3/20" c-set-base-allowed="false" c-set-subsequent-allowed="true" date-revised="2013-01-01" status="published"><classification-symbol>B67B3/202</classification-symbol><class-title date-revised="2013-01-01"><title-part><CPC-specific-text><text>using friction means for screwing the caps, e.g. belts or guides </text><reference><text><class-ref scheme="cpc">B67B3/2026</class-ref>, <class-ref scheme="cpc">B67B3/2033</class-ref> take precedence</text></reference></CPC-specific-text></title-part></class-title></classification-item>
<classification-item breakdown-code="false" not-allocatable="false" level="10" additional-only="false" sort-key="B67B3/2026" definition-exists="true" ipc-concordant="B67B3/20" c-set-base-allowed="false" c-set-subsequent-allowed="true" date-revised="2013-01-01" status="published"><classification-symbol>B67B3/2026</classification-symbol><class-title date-revised="2013-01-01"><title-part><CPC-specific-text><text>comprising stationary capping heads</text></CPC-specific-text></title-part></class-title></classification-item>
<classification-item breakdown-code="false" not-allocatable="false" level="10" additional-only="false" sort-key="B67B3/2033" definition-exists="true" ipc-concordant="B67B3/20" c-set-base-allowed="false" c-set-subsequent-allowed="true" date-revised="2013-01-01" status="published"><classification-symbol>B67B3/2033</classification-symbol><class-title date-revised="2013-01-01"><title-part><CPC-specific-text><text>comprising carousel co-rotating capping heads</text></CPC-specific-text></title-part></class-title></classification-item></classification-item>
<classification-item breakdown-code="false" not-allocatable="false" level="9" additional-only="false" sort-key="B67B3/204" definition-exists="true" ipc-concordant="B67B3/20" c-set-base-allowed="false" c-set-subsequent-allowed="true" date-revised="2013-01-01" status="published"><classification-symbol>B67B3/204</classification-symbol><class-title date-revised="2013-01-01"><title-part><CPC-specific-text><text>Linear-type capping machines</text></CPC-specific-text></title-part></class-title>
<classification-item breakdown-code="false" not-allocatable="false" level="10" additional-only="false" sort-key="B67B3/2046" definition-exists="true" ipc-concordant="B67B3/20" c-set-base-allowed="false" c-set-subsequent-allowed="true" date-revised="2013-01-01" status="published"><classification-symbol>B67B3/2046</classification-symbol><class-title date-revised="2013-01-01"><title-part><CPC-specific-text><text>using friction means for screwing the caps, e.g. belts or wheels </text><reference><text><class-ref scheme="cpc">B67B3/2053</class-ref> takes precedence</text></reference></CPC-specific-text></title-part></class-title></classification-item>
<classification-item breakdown-code="false" not-allocatable="false" level="10" additional-only="false" sort-key="B67B3/2053" definition-exists="true" ipc-concordant="B67B3/20" c-set-base-allowed="false" c-set-subsequent-allowed="true" date-revised="2013-01-01" status="published"><classification-symbol>B67B3/2053</classification-symbol><class-title date-revised="2013-01-01"><title-part><CPC-specific-text><text>comprising capping heads</text></CPC-specific-text></title-part></class-title></classification-item></classification-item>
<classification-item breakdown-code="false" not-allocatable="false" level="9" additional-only="false" sort-key="B67B3/206" definition-exists="true" ipc-concordant="B67B3/20" c-set-base-allowed="false" c-set-subsequent-allowed="true" date-revised="2013-01-01" status="published"><classification-symbol>B67B3/206</classification-symbol><class-title date-revised="2013-01-01"><title-part><CPC-specific-text><text>Means for preventing rotation of the container or cap</text></CPC-specific-text></title-part></class-title></classification-item>
<classification-item breakdown-code="false" not-allocatable="false" level="9" additional-only="false" sort-key="B67B3/2066" definition-exists="true" ipc-concordant="B67B3/20" c-set-base-allowed="false" c-set-subsequent-allowed="true" date-revised="2013-01-01" status="published"><classification-symbol>B67B3/2066</classification-symbol><class-title date-revised="2013-01-01"><title-part><CPC-specific-text><text>Details of capping heads </text><reference><text><class-ref scheme="cpc">B67B3/2073</class-ref> takes precedence</text></reference></CPC-specific-text></title-part></class-title></classification-item>
<classification-item breakdown-code="false" not-allocatable="false" level="9" additional-only="false" sort-key="B67B3/2073" definition-exists="true" ipc-concordant="B67B3/20" c-set-base-allowed="false" c-set-subsequent-allowed="true" date-revised="2013-01-01" status="published"><classification-symbol>B67B3/2073</classification-symbol><class-title date-revised="2013-01-01"><title-part><CPC-specific-text><text>comprising torque limiting means </text><reference><text>torque limiters in wrenches or screwdrivers <class-ref scheme="cpc">B25B23/14</class-ref>; couplings or clutches <u>per se</u> <class-ref scheme="cpc">F16D</class-ref></text></reference></CPC-specific-text></title-part></class-title>
<classification-item breakdown-code="false" not-allocatable="false" level="10" additional-only="false" sort-key="B67B3/208" definition-exists="false" ipc-concordant="B67B3/20" c-set-base-allowed="false" c-set-subsequent-allowed="true" date-revised="2013-01-01" status="published"><classification-symbol>B67B3/208</classification-symbol><class-title date-revised="2013-01-01"><title-part><CPC-specific-text><text>Electrical means responsive to the torque applied and acting on motor control means, e.g. strain gauges or power measurement means </text><reference><text><class-ref scheme="cpc">B67B3/2093</class-ref> takes precedence</text></reference></CPC-specific-text></title-part></class-title></classification-item>
<classification-item breakdown-code="false" not-allocatable="false" level="10" additional-only="false" sort-key="B67B3/2086" definition-exists="false" ipc-concordant="B67B3/20" c-set-base-allowed="false" c-set-subsequent-allowed="true" date-revised="2013-01-01" status="published"><classification-symbol>B67B3/2086</classification-symbol><class-title date-revised="2013-01-01"><title-part><CPC-specific-text><text>Magnetic or electromagnetic clutches</text></CPC-specific-text></title-part></class-title></classification-item>
<classification-item breakdown-code="false" not-allocatable="false" level="10" additional-only="false" sort-key="B67B3/2093" definition-exists="false" ipc-concordant="B67B3/20" c-set-base-allowed="false" c-set-subsequent-allowed="true" date-revised="2013-01-01" status="published"><classification-symbol>B67B3/2093</classification-symbol><class-title date-revised="2013-01-01"><title-part><CPC-specific-text><text>whereby the applied torque limit is varied</text></CPC-specific-text></title-part></class-title></classification-item></classification-item></classification-item>
<classification-item breakdown-code="false" not-allocatable="false" level="8" additional-only="false" sort-key="B67B3/22" definition-exists="true" ipc-concordant="B67B3/22" c-set-base-allowed="false" c-set-subsequent-allowed="true" date-revised="2013-01-01" status="published"><classification-symbol>B67B3/22</classification-symbol><class-title date-revised="2013-01-01"><title-part><text>by applying snap-on caps</text></title-part></class-title></classification-item>
<classification-item breakdown-code="false" not-allocatable="false" level="8" additional-only="false" sort-key="B67B3/24" definition-exists="true" ipc-concordant="B67B3/24" c-set-base-allowed="false" c-set-subsequent-allowed="true" date-revised="2013-01-01" status="published"><classification-symbol>B67B3/24</classification-symbol><class-title date-revised="2013-01-01"><title-part><text>Special measures for applying and securing caps under vacuum</text></title-part></class-title></classification-item>
<classification-item breakdown-code="false" not-allocatable="false" level="8" additional-only="false" sort-key="B67B3/26" definition-exists="true" ipc-concordant="B67B3/26" c-set-base-allowed="false" c-set-subsequent-allowed="true" date-revised="2013-01-01" status="published"><classification-symbol>B67B3/26</classification-symbol><class-title date-revised="2013-01-01"><title-part><text>Applications of control, warning, or safety devices in capping machinery</text></title-part></class-title>
<classification-item breakdown-code="false" not-allocatable="false" level="9" additional-only="false" sort-key="B67B3/261" definition-exists="false" ipc-concordant="B67B3/26" c-set-base-allowed="false" c-set-subsequent-allowed="true" date-revised="2013-01-01" status="published"><classification-symbol>B67B3/261</classification-symbol><class-title date-revised="2013-01-01"><title-part><CPC-specific-text><text>Devices for controlling the tightening of threaded caps, e.g. testing the release torque </text><reference><text>torque testers in general <class-ref scheme="cpc">G01L5/00</class-ref></text></reference></CPC-specific-text></title-part></class-title></classification-item>
<classification-item breakdown-code="false" not-allocatable="false" level="9" additional-only="false" sort-key="B67B3/262" definition-exists="false" ipc-concordant="B67B3/26" c-set-base-allowed="false" c-set-subsequent-allowed="true" date-revised="2013-01-01" status="published"><classification-symbol>B67B3/262</classification-symbol><class-title date-revised="2013-01-01"><title-part><CPC-specific-text><text>Devices for controlling the caps</text></CPC-specific-text></title-part></class-title>
<classification-item breakdown-code="false" not-allocatable="false" level="10" additional-only="false" sort-key="B67B3/264" definition-exists="false" ipc-concordant="B67B3/26" c-set-base-allowed="false" c-set-subsequent-allowed="true" date-revised="2013-01-01" status="published"><classification-symbol>B67B3/264</classification-symbol><class-title date-revised="2013-01-01"><title-part><CPC-specific-text><text>positioning of the caps</text></CPC-specific-text></title-part></class-title></classification-item>
<classification-item breakdown-code="false" not-allocatable="false" level="10" additional-only="false" sort-key="B67B3/265" definition-exists="false" ipc-concordant="B67B3/26" c-set-base-allowed="false" c-set-subsequent-allowed="true" date-revised="2013-01-01" status="published"><classification-symbol>B67B3/265</classification-symbol><class-title date-revised="2013-01-01"><title-part><CPC-specific-text><text>presence of a cap</text></CPC-specific-text></title-part></class-title></classification-item>
<classification-item breakdown-code="false" not-allocatable="false" level="10" additional-only="false" sort-key="B67B3/267" definition-exists="false" ipc-concordant="B67B3/26" c-set-base-allowed="false" c-set-subsequent-allowed="true" date-revised="2013-01-01" status="published"><classification-symbol>B67B3/267</classification-symbol><class-title date-revised="2013-01-01"><title-part><CPC-specific-text><text>positioning of the cap-label</text></CPC-specific-text></title-part></class-title></classification-item></classification-item>
<classification-item breakdown-code="false" not-allocatable="false" level="9" additional-only="false" sort-key="B67B3/268" definition-exists="false" ipc-concordant="B67B3/26" c-set-base-allowed="false" c-set-subsequent-allowed="true" date-revised="2013-01-01" status="published"><classification-symbol>B67B3/268</classification-symbol><class-title date-revised="2013-01-01"><title-part><CPC-specific-text><text>devices for avoiding damage to the closing machine</text></CPC-specific-text></title-part></class-title></classification-item></classification-item>
<classification-item breakdown-code="false" not-allocatable="false" level="8" additional-only="false" sort-key="B67B3/28" definition-exists="true" ipc-concordant="B67B3/28" c-set-base-allowed="false" c-set-subsequent-allowed="true" date-revised="2013-01-01" status="published"><classification-symbol>B67B3/28</classification-symbol><class-title date-revised="2013-01-01"><title-part><text>Mechanisms for causing relative movement between bottle or jar and capping head</text></title-part></class-title></classification-item></classification-item>
<classification-item breakdown-code="false" not-allocatable="false" level="7" additional-only="false" sort-key="B67B5/00" definition-exists="true" ipc-concordant="B67B5/00" c-set-base-allowed="false" c-set-subsequent-allowed="true" date-revised="2013-01-01" status="published"><classification-symbol>B67B5/00</classification-symbol><class-title date-revised="2013-01-01"><title-part><text>Applying protective or decorative covers to closures</text></title-part><title-part><text>Devices for securing bottle closures with wire </text><reference><text>infant feeding teats with means for fastening to bottles <class-ref scheme="cpc">A61J11/04</class-ref></text></reference></title-part></class-title>
<classification-item breakdown-code="false" not-allocatable="false" level="8" additional-only="false" sort-key="B67B5/03" definition-exists="true" ipc-concordant="B67B5/03" c-set-base-allowed="false" c-set-subsequent-allowed="true" date-revised="2013-01-01" status="published"><classification-symbol>B67B5/03</classification-symbol><class-title date-revised="2013-01-01"><title-part><text>Applying protective or decorative covers to closures, e.g. by forming <u>in situ</u></text></title-part></class-title>
<classification-item breakdown-code="false" not-allocatable="false" level="9" additional-only="false" sort-key="B67B5/032" definition-exists="false" ipc-concordant="B67B5/03" c-set-base-allowed="false" c-set-subsequent-allowed="true" date-revised="2013-01-01" status="published"><classification-symbol>B67B5/032</classification-symbol><class-title date-revised="2013-01-01"><title-part><CPC-specific-text><text>Dies for securing overcaps</text></CPC-specific-text></title-part></class-title></classification-item>
<classification-item breakdown-code="false" not-allocatable="false" level="9" additional-only="false" sort-key="B67B5/034" definition-exists="false" ipc-concordant="B67B5/03" c-set-base-allowed="false" c-set-subsequent-allowed="true" date-revised="2013-01-01" status="published"><classification-symbol>B67B5/034</classification-symbol><class-title date-revised="2013-01-01"><title-part><CPC-specific-text><text>the covers being elastic</text></CPC-specific-text></title-part></class-title></classification-item>
<classification-item breakdown-code="false" not-allocatable="false" level="9" additional-only="false" sort-key="B67B5/036" definition-exists="false" ipc-concordant="B67B5/03" c-set-base-allowed="false" c-set-subsequent-allowed="true" date-revised="2013-01-01" status="published"><classification-symbol>B67B5/036</classification-symbol><class-title date-revised="2013-01-01"><title-part><CPC-specific-text><text>the covers being heat-shrinkable</text></CPC-specific-text></title-part></class-title></classification-item>
<classification-item breakdown-code="false" not-allocatable="false" level="9" additional-only="false" sort-key="B67B5/038" definition-exists="false" ipc-concordant="B67B5/03" c-set-base-allowed="false" c-set-subsequent-allowed="true" date-revised="2013-01-01" status="published"><classification-symbol>B67B5/038</classification-symbol><class-title date-revised="2013-01-01"><title-part><CPC-specific-text><text>the covers being applied wet, whereby shrinkage occurs on drying</text></CPC-specific-text></title-part></class-title></classification-item>
<classification-item breakdown-code="false" not-allocatable="false" level="9" additional-only="false" sort-key="B67B5/05" definition-exists="false" ipc-concordant="B67B5/05" c-set-base-allowed="false" c-set-subsequent-allowed="true" date-revised="2013-01-01" status="published"><classification-symbol>B67B5/05</classification-symbol><class-title date-revised="2013-01-01"><title-part><text>by applying liquids, e.g. by dipping</text></title-part></class-title></classification-item></classification-item>
<classification-item breakdown-code="false" not-allocatable="false" level="8" additional-only="false" sort-key="B67B5/06" definition-exists="true" ipc-concordant="B67B5/06" c-set-base-allowed="false" c-set-subsequent-allowed="true" date-revised="2013-01-01" status="published"><classification-symbol>B67B5/06</classification-symbol><class-title date-revised="2013-01-01"><title-part><text>Devices for securing bottle closures with wire </text><reference><text><class-ref scheme="cpc">B67B1/08</class-ref> takes precedence</text></reference></title-part></class-title></classification-item></classification-item>
<classification-item breakdown-code="false" not-allocatable="false" level="7" additional-only="false" sort-key="B67B6/00" definition-exists="true" ipc-concordant="B67B6/00" c-set-base-allowed="false" c-set-subsequent-allowed="true" date-revised="2013-01-01" status="published"><classification-symbol>B67B6/00</classification-symbol><class-title date-revised="2013-01-01"><title-part><text>Closing bottles, jars or similar containers by applying closure members, not provided for in groups <class-ref scheme="cpc">B67B1/00</class-ref> - <class-ref scheme="cpc">B67B5/00</class-ref></text></title-part></class-title></classification-item>
<classification-item breakdown-code="false" not-allocatable="false" level="7" additional-only="false" sort-key="B67B7/00" definition-exists="true" ipc-concordant="B67B7/00" c-set-base-allowed="false" c-set-subsequent-allowed="true" date-revised="2016-08-01" status="published"><classification-symbol>B67B7/00</classification-symbol><class-title date-revised="2016-08-01"><title-part><text>Hand- or power-operated devices for opening closed containers </text><reference><text>nail pullers or extractors <class-ref scheme="cpc">B25C11/00</class-ref>; attached to, or incorporated in, containers or container closures </text><CPC-specific-text><text><class-ref scheme="cpc">B65D75/58</class-ref>, <class-ref scheme="cpc">B65D77/30</class-ref></text></CPC-specific-text></reference></title-part></class-title>
<classification-item breakdown-code="false" not-allocatable="false" level="8" additional-only="false" sort-key="B67B7/02" definition-exists="true" ipc-concordant="B67B7/02" c-set-base-allowed="false" c-set-subsequent-allowed="true" date-revised="2013-01-01" status="published"><classification-symbol>B67B7/02</classification-symbol><class-title date-revised="2013-01-01"><title-part><text>for removing stoppers</text></title-part></class-title>
<classification-item breakdown-code="false" not-allocatable="false" level="9" additional-only="false" sort-key="B67B7/04" definition-exists="true" ipc-concordant="B67B7/04" c-set-base-allowed="false" c-set-subsequent-allowed="true" date-revised="2013-01-01" status="published"><classification-symbol>B67B7/04</classification-symbol><class-title date-revised="2013-01-01"><title-part><text>Cork-screws</text></title-part></class-title>
<classification-item breakdown-code="false" not-allocatable="false" level="10" additional-only="false" sort-key="B67B7/0405" definition-exists="false" ipc-concordant="B67B7/04" c-set-base-allowed="false" c-set-subsequent-allowed="true" date-revised="2013-01-01" status="published"><classification-symbol>B67B7/0405</classification-symbol><class-title date-revised="2013-01-01"><title-part><CPC-specific-text><text>Power-operated cork-screws, e.g. operated by an electric motor</text></CPC-specific-text></title-part></class-title></classification-item>
<classification-item breakdown-code="false" not-allocatable="false" level="10" additional-only="false" sort-key="B67B7/0411" definition-exists="true" ipc-concordant="B67B7/04" c-set-base-allowed="false" c-set-subsequent-allowed="true" date-revised="2013-01-01" status="published"><classification-symbol>B67B7/0411</classification-symbol><class-title date-revised="2013-01-01"><title-part><CPC-specific-text><text>without supporting means for assisting the pulling action</text></CPC-specific-text></title-part></class-title></classification-item>
<classification-item breakdown-code="false" not-allocatable="false" level="10" additional-only="false" sort-key="B67B7/0417" definition-exists="false" ipc-concordant="B67B7/04" c-set-base-allowed="false" c-set-subsequent-allowed="true" date-revised="2013-01-01" status="published"><classification-symbol>B67B7/0417</classification-symbol><class-title date-revised="2013-01-01"><title-part><CPC-specific-text><text>with supporting means for assisting the pulling action</text></CPC-specific-text></title-part></class-title>
<classification-item breakdown-code="false" not-allocatable="false" level="11" additional-only="false" sort-key="B67B7/0423" definition-exists="true" ipc-concordant="B67B7/04" c-set-base-allowed="false" c-set-subsequent-allowed="true" date-revised="2013-01-01" status="published"><classification-symbol>B67B7/0423</classification-symbol><class-title date-revised="2013-01-01"><title-part><CPC-specific-text><text>of wine-waiter, i.e. sommelier type</text></CPC-specific-text></title-part></class-title>
<classification-item breakdown-code="false" not-allocatable="false" level="12" additional-only="false" sort-key="B67B7/0429" definition-exists="false" ipc-concordant="B67B7/04" c-set-base-allowed="false" c-set-subsequent-allowed="true" date-revised="2013-01-01" status="published"><classification-symbol>B67B7/0429</classification-symbol><class-title date-revised="2013-01-01"><title-part><CPC-specific-text><text>having means for varying the effective lever arm length</text></CPC-specific-text></title-part></class-title></classification-item></classification-item>
<classification-item breakdown-code="false" not-allocatable="false" level="11" additional-only="false" sort-key="B67B7/0435" definition-exists="false" ipc-concordant="B67B7/04" c-set-base-allowed="false" c-set-subsequent-allowed="true" date-revised="2013-01-01" status="published"><classification-symbol>B67B7/0435</classification-symbol><class-title date-revised="2013-01-01"><title-part><CPC-specific-text><text>with a pantograph extracting mechanism</text></CPC-specific-text></title-part></class-title></classification-item>
<classification-item breakdown-code="false" not-allocatable="false" level="11" additional-only="false" sort-key="B67B7/0441" definition-exists="false" ipc-concordant="B67B7/04" c-set-base-allowed="false" c-set-subsequent-allowed="true" date-revised="2013-01-01" status="published"><classification-symbol>B67B7/0441</classification-symbol><class-title date-revised="2013-01-01"><title-part><CPC-specific-text><text>whereby the supporting means abut around the whole periphery of the neck of the bottle</text></CPC-specific-text></title-part></class-title></classification-item>
<classification-item breakdown-code="false" not-allocatable="false" level="11" additional-only="false" sort-key="B67B7/0447" definition-exists="false" ipc-concordant="B67B7/04" c-set-base-allowed="false" c-set-subsequent-allowed="true" date-revised="2013-01-01" status="published"><classification-symbol>B67B7/0447</classification-symbol><class-title date-revised="2013-01-01"><title-part><CPC-specific-text><text>whereby the supporting means abut around parts of the periphery of the neck of the bottle</text></CPC-specific-text></title-part></class-title></classification-item></classification-item>
<classification-item breakdown-code="false" not-allocatable="false" level="10" additional-only="false" sort-key="B67B7/0452" definition-exists="false" ipc-concordant="B67B7/04" c-set-base-allowed="false" c-set-subsequent-allowed="true" date-revised="2013-01-01" status="published"><classification-symbol>B67B7/0452</classification-symbol><class-title date-revised="2013-01-01"><title-part><CPC-specific-text><text>adapted to be mounted on walls</text></CPC-specific-text></title-part></class-title></classification-item>
<classification-item breakdown-code="true" not-allocatable="false" level="10" additional-only="true" sort-key="B67B7/0458" definition-exists="false" ipc-concordant="B67B7/04" c-set-base-allowed="false" c-set-subsequent-allowed="true" date-revised="2013-01-01" status="published"><classification-symbol>B67B2007/0458</classification-symbol><class-title date-revised="2013-01-01"><title-part><CPC-specific-text><text>Means for cutting sealing capsules</text></CPC-specific-text></title-part></class-title></classification-item>
<classification-item breakdown-code="true" not-allocatable="false" level="10" additional-only="true" sort-key="B67B7/0464" definition-exists="false" ipc-concordant="B67B7/04" c-set-base-allowed="false" c-set-subsequent-allowed="true" date-revised="2013-01-01" status="published"><classification-symbol>B67B2007/0464</classification-symbol><class-title date-revised="2013-01-01"><title-part><CPC-specific-text><text>Means for counting</text></CPC-specific-text></title-part></class-title></classification-item>
<classification-item breakdown-code="true" not-allocatable="false" level="10" additional-only="true" sort-key="B67B7/047" definition-exists="false" ipc-concordant="B67B7/04" c-set-base-allowed="false" c-set-subsequent-allowed="true" date-revised="2013-01-01" status="published"><classification-symbol>B67B2007/047</classification-symbol><class-title date-revised="2013-01-01"><title-part><CPC-specific-text><text>Means for reducing friction</text></CPC-specific-text></title-part></class-title>
<classification-item breakdown-code="true" not-allocatable="false" level="11" additional-only="true" sort-key="B67B7/0476" definition-exists="false" ipc-concordant="B67B7/04" c-set-base-allowed="false" c-set-subsequent-allowed="true" date-revised="2013-01-01" status="published"><classification-symbol>B67B2007/0476</classification-symbol><class-title date-revised="2013-01-01"><title-part><CPC-specific-text><text>by coating the screw</text></CPC-specific-text></title-part></class-title></classification-item>
<classification-item breakdown-code="true" not-allocatable="false" level="11" additional-only="true" sort-key="B67B7/0482" definition-exists="false" ipc-concordant="B67B7/04" c-set-base-allowed="false" c-set-subsequent-allowed="true" date-revised="2013-01-01" status="published"><classification-symbol>B67B2007/0482</classification-symbol><class-title date-revised="2013-01-01"><title-part><CPC-specific-text><text>by using roller-bearings</text></CPC-specific-text></title-part></class-title></classification-item></classification-item>
<classification-item breakdown-code="true" not-allocatable="false" level="10" additional-only="true" sort-key="B67B7/0488" definition-exists="false" ipc-concordant="B67B7/04" c-set-base-allowed="false" c-set-subsequent-allowed="true" date-revised="2013-01-01" status="published"><classification-symbol>B67B2007/0488</classification-symbol><class-title date-revised="2013-01-01"><title-part><CPC-specific-text><text>Means for measuring temperature</text></CPC-specific-text></title-part></class-title></classification-item>
<classification-item breakdown-code="true" not-allocatable="false" level="10" additional-only="true" sort-key="B67B7/0494" definition-exists="false" ipc-concordant="B67B7/04" c-set-base-allowed="false" c-set-subsequent-allowed="true" date-revised="2013-01-01" status="published"><classification-symbol>B67B2007/0494</classification-symbol><class-title date-revised="2013-01-01"><title-part><CPC-specific-text><text>Means for varying the lever arm</text></CPC-specific-text></title-part></class-title></classification-item></classification-item>
<classification-item breakdown-code="false" not-allocatable="false" level="9" additional-only="false" sort-key="B67B7/06" definition-exists="false" ipc-concordant="B67B7/06" c-set-base-allowed="false" c-set-subsequent-allowed="true" date-revised="2013-01-01" status="published"><classification-symbol>B67B7/06</classification-symbol><class-title date-revised="2013-01-01"><title-part><text>Other cork removers</text></title-part></class-title>
<classification-item breakdown-code="false" not-allocatable="false" level="10" additional-only="false" sort-key="B67B7/063" definition-exists="false" ipc-concordant="B67B7/06" c-set-base-allowed="false" c-set-subsequent-allowed="true" date-revised="2013-01-01" status="published"><classification-symbol>B67B7/063</classification-symbol><class-title date-revised="2013-01-01"><title-part><CPC-specific-text><text>using one or more blades to be inserted between the cork and the inner surface of the bottle neck</text></CPC-specific-text></title-part></class-title></classification-item>
<classification-item breakdown-code="false" not-allocatable="false" level="10" additional-only="false" sort-key="B67B7/066" definition-exists="false" ipc-concordant="B67B7/06" c-set-base-allowed="false" c-set-subsequent-allowed="true" date-revised="2013-01-01" status="published"><classification-symbol>B67B7/066</classification-symbol><class-title date-revised="2013-01-01"><title-part><CPC-specific-text><text>specially adapted for opening pressurised bottles, e.g. champagne or sparkling wine bottles</text></CPC-specific-text></title-part></class-title></classification-item>
<classification-item breakdown-code="false" not-allocatable="false" level="10" additional-only="false" sort-key="B67B7/08" definition-exists="false" ipc-concordant="B67B7/08" c-set-base-allowed="false" c-set-subsequent-allowed="true" date-revised="2013-01-01" status="published"><classification-symbol>B67B7/08</classification-symbol><class-title date-revised="2013-01-01"><title-part><text>using air or gas pressure</text></title-part></class-title></classification-item></classification-item>
<classification-item breakdown-code="false" not-allocatable="false" level="9" additional-only="false" sort-key="B67B7/10" definition-exists="false" ipc-concordant="B67B7/10" c-set-base-allowed="false" c-set-subsequent-allowed="true" date-revised="2013-01-01" status="published"><classification-symbol>B67B7/10</classification-symbol><class-title date-revised="2013-01-01"><title-part><text>with means for retrieving stoppers from the interior of the container</text></title-part></class-title></classification-item></classification-item>
<classification-item breakdown-code="false" not-allocatable="false" level="8" additional-only="false" sort-key="B67B7/12" definition-exists="true" ipc-concordant="B67B7/12" c-set-base-allowed="false" c-set-subsequent-allowed="true" date-revised="2013-01-01" status="published"><classification-symbol>B67B7/12</classification-symbol><class-title date-revised="2013-01-01"><title-part><text>for removing disc-closures</text></title-part></class-title></classification-item>
<classification-item breakdown-code="false" not-allocatable="false" level="8" additional-only="false" sort-key="B67B7/14" definition-exists="true" ipc-concordant="B67B7/14" c-set-base-allowed="false" c-set-subsequent-allowed="true" date-revised="2013-01-01" status="published"><classification-symbol>B67B7/14</classification-symbol><class-title date-revised="2013-01-01"><title-part><text>for removing tightly-fitting lids or covers, e.g. of shoe-polish tins, by gripping and rotating</text></title-part></class-title>
<classification-item breakdown-code="false" not-allocatable="false" level="9" additional-only="false" sort-key="B67B7/15" definition-exists="false" ipc-concordant="B67B7/15" c-set-base-allowed="false" c-set-subsequent-allowed="true" date-revised="2013-01-01" status="published"><classification-symbol>B67B7/15</classification-symbol><class-title date-revised="2013-01-01"><title-part><text>finger grapple type</text></title-part></class-title></classification-item></classification-item>
<classification-item breakdown-code="false" not-allocatable="false" level="8" additional-only="false" sort-key="B67B7/16" definition-exists="true" ipc-concordant="B67B7/16" c-set-base-allowed="false" c-set-subsequent-allowed="true" date-revised="2013-01-01" status="published"><classification-symbol>B67B7/16</classification-symbol><class-title date-revised="2013-01-01"><title-part><text>for removing flanged caps, e.g. crown caps</text></title-part></class-title>
<classification-item breakdown-code="false" not-allocatable="false" level="9" additional-only="false" sort-key="B67B7/162" definition-exists="false" ipc-concordant="B67B7/16" c-set-base-allowed="false" c-set-subsequent-allowed="true" date-revised="2013-01-01" status="published"><classification-symbol>B67B7/162</classification-symbol><class-title date-revised="2013-01-01"><title-part><CPC-specific-text><text>the removing device being formed by at least two articulated parts, e.g. pliers </text><reference><text><class-ref scheme="cpc">B67B7/164</class-ref> takes precedence</text></reference></CPC-specific-text></title-part></class-title></classification-item>
<classification-item breakdown-code="false" not-allocatable="false" level="9" additional-only="false" sort-key="B67B7/164" definition-exists="false" ipc-concordant="B67B7/16" c-set-base-allowed="false" c-set-subsequent-allowed="true" date-revised="2013-01-01" status="published"><classification-symbol>B67B7/164</classification-symbol><class-title date-revised="2013-01-01"><title-part><CPC-specific-text><text>Power-operated devices</text></CPC-specific-text></title-part></class-title></classification-item>
<classification-item breakdown-code="true" not-allocatable="false" level="9" additional-only="true" sort-key="B67B7/166" definition-exists="false" ipc-concordant="B67B7/16" c-set-base-allowed="false" c-set-subsequent-allowed="true" date-revised="2013-01-01" status="published"><classification-symbol>B67B2007/166</classification-symbol><class-title date-revised="2013-01-01"><title-part><CPC-specific-text><text>Means for attaching the opener to fingers</text></CPC-specific-text></title-part></class-title></classification-item>
<classification-item breakdown-code="true" not-allocatable="false" level="9" additional-only="true" sort-key="B67B7/168" definition-exists="false" ipc-concordant="B67B7/16" c-set-base-allowed="false" c-set-subsequent-allowed="true" date-revised="2013-01-01" status="published"><classification-symbol>B67B2007/168</classification-symbol><class-title date-revised="2013-01-01"><title-part><CPC-specific-text><text>Means for counting</text></CPC-specific-text></title-part></class-title></classification-item></classification-item>
<classification-item breakdown-code="false" not-allocatable="false" level="8" additional-only="false" sort-key="B67B7/18" definition-exists="true" ipc-concordant="B67B7/18" c-set-base-allowed="false" c-set-subsequent-allowed="true" date-revised="2013-01-01" status="published"><classification-symbol>B67B7/18</classification-symbol><class-title date-revised="2013-01-01"><title-part><text>for removing threaded caps </text><reference><text><class-ref scheme="cpc">B67B7/14</class-ref> takes precedence; wrenches <class-ref scheme="cpc">B25B13/00</class-ref></text></reference></title-part></class-title>
<classification-item breakdown-code="false" not-allocatable="false" level="9" additional-only="false" sort-key="B67B7/182" definition-exists="false" ipc-concordant="B67B7/18" c-set-base-allowed="false" c-set-subsequent-allowed="true" date-revised="2013-01-01" status="published"><classification-symbol>B67B7/182</classification-symbol><class-title date-revised="2013-01-01"><title-part><CPC-specific-text><text>power-operated</text></CPC-specific-text></title-part></class-title></classification-item>
<classification-item breakdown-code="false" not-allocatable="false" level="9" additional-only="false" sort-key="B67B7/184" definition-exists="false" ipc-concordant="B67B7/18" c-set-base-allowed="false" c-set-subsequent-allowed="true" date-revised="2013-01-01" status="published"><classification-symbol>B67B7/184</classification-symbol><class-title date-revised="2013-01-01"><title-part><CPC-specific-text><text>by use of a flexible loop gripping the cap skirt or the container body by friction</text></CPC-specific-text></title-part></class-title>
<classification-item breakdown-code="false" not-allocatable="false" level="10" additional-only="false" sort-key="B67B7/186" definition-exists="false" ipc-concordant="B67B7/18" c-set-base-allowed="false" c-set-subsequent-allowed="true" date-revised="2013-01-01" status="published"><classification-symbol>B67B7/186</classification-symbol><class-title date-revised="2013-01-01"><title-part><CPC-specific-text><text>the loop having an adjustable length</text></CPC-specific-text></title-part></class-title></classification-item></classification-item>
<classification-item breakdown-code="true" not-allocatable="false" level="9" additional-only="true" sort-key="B67B7/188" definition-exists="false" ipc-concordant="B67B7/18" c-set-base-allowed="false" c-set-subsequent-allowed="true" date-revised="2013-01-01" status="published"><classification-symbol>B67B2007/188</classification-symbol><class-title date-revised="2013-01-01"><title-part><CPC-specific-text><text>Means for attaching the opener to fingers</text></CPC-specific-text></title-part></class-title></classification-item></classification-item>
<classification-item breakdown-code="false" not-allocatable="false" level="8" additional-only="false" sort-key="B67B7/20" definition-exists="true" ipc-concordant="B67B7/20" c-set-base-allowed="false" c-set-subsequent-allowed="true" date-revised="2013-01-01" status="published"><classification-symbol>B67B7/20</classification-symbol><class-title date-revised="2013-01-01"><title-part><text>for breaking vacuum seals between lids or covers and bodies of preserving jars, e.g. by wedge action</text></title-part></class-title>
<classification-item breakdown-code="false" not-allocatable="false" level="9" additional-only="false" sort-key="B67B7/22" definition-exists="false" ipc-concordant="B67B7/22" c-set-base-allowed="false" c-set-subsequent-allowed="true" date-revised="2013-01-01" status="published"><classification-symbol>B67B7/22</classification-symbol><class-title date-revised="2013-01-01"><title-part><text>incorporating loops, e.g. of wire, which are tightened around seal</text></title-part></class-title></classification-item></classification-item>
<classification-item breakdown-code="false" not-allocatable="false" level="8" additional-only="false" sort-key="B67B7/24" definition-exists="true" ipc-concordant="B67B7/00" c-set-base-allowed="false" c-set-subsequent-allowed="true" date-revised="2015-10-01" status="published"><classification-symbol>B67B7/24</classification-symbol><class-title date-revised="2015-10-01"><title-part><CPC-specific-text><text>Hole-piercing devices</text></CPC-specific-text></title-part></class-title>
<classification-item breakdown-code="false" not-allocatable="false" level="9" additional-only="false" sort-key="B67B7/26" definition-exists="true" ipc-concordant="B67B7/00" c-set-base-allowed="false" c-set-subsequent-allowed="true" date-revised="2015-10-01" status="published"><classification-symbol>B67B7/26</classification-symbol><class-title date-revised="2015-10-01"><title-part><CPC-specific-text><text>combined with spouts</text></CPC-specific-text></title-part></class-title>
<classification-item breakdown-code="false" not-allocatable="false" level="10" additional-only="false" sort-key="B67B7/28" definition-exists="true" ipc-concordant="B67B7/86" c-set-base-allowed="false" c-set-subsequent-allowed="true" date-revised="2015-10-01" status="published"><classification-symbol>B67B7/28</classification-symbol><class-title date-revised="2015-10-01"><title-part><CPC-specific-text><text>and associated with receptacle hodlers</text></CPC-specific-text></title-part></class-title></classification-item></classification-item></classification-item>
<classification-item breakdown-code="false" not-allocatable="false" level="8" additional-only="false" sort-key="B67B7/30" definition-exists="true" ipc-concordant="B67B7/46" c-set-base-allowed="false" c-set-subsequent-allowed="true" date-revised="2016-11-01" status="published"><classification-symbol>B67B7/30</classification-symbol><class-title date-revised="2016-11-01"><title-part><CPC-specific-text><text>Hand-operated cutting devices</text></CPC-specific-text></title-part></class-title>
<classification-item breakdown-code="true" not-allocatable="false" level="9" additional-only="true" sort-key="B67B7/303" definition-exists="false" ipc-concordant="B67B7/46" c-set-base-allowed="false" c-set-subsequent-allowed="true" date-revised="2013-01-01" status="published"><classification-symbol>B67B2007/303</classification-symbol><class-title date-revised="2013-01-01"><title-part><CPC-specific-text><text>can openers</text></CPC-specific-text></title-part></class-title>
<classification-item breakdown-code="true" not-allocatable="false" level="10" additional-only="true" sort-key="B67B7/306" definition-exists="false" ipc-concordant="B67B7/46" c-set-base-allowed="false" c-set-subsequent-allowed="true" date-revised="2013-01-01" status="published"><classification-symbol>B67B2007/306</classification-symbol><class-title date-revised="2013-01-01"><title-part><CPC-specific-text><text>Means for counting</text></CPC-specific-text></title-part></class-title></classification-item></classification-item>
<classification-item breakdown-code="false" not-allocatable="false" level="9" additional-only="false" sort-key="B67B7/32" definition-exists="true" ipc-concordant="B67B7/70" c-set-base-allowed="false" c-set-subsequent-allowed="true" date-revised="2016-11-01" status="published"><classification-symbol>B67B7/32</classification-symbol><class-title date-revised="2016-11-01"><title-part><CPC-specific-text><text>propelled by rotary gears or wheels around periphery of container</text></CPC-specific-text></title-part></class-title></classification-item>
<classification-item breakdown-code="false" not-allocatable="false" level="9" additional-only="false" sort-key="B67B7/34" definition-exists="true" ipc-concordant="B67B7/46" c-set-base-allowed="false" c-set-subsequent-allowed="true" date-revised="2016-11-01" status="published"><classification-symbol>B67B7/34</classification-symbol><class-title date-revised="2016-11-01"><title-part><CPC-specific-text><text>with rotatable cutters</text></CPC-specific-text></title-part></class-title></classification-item>
<classification-item breakdown-code="false" not-allocatable="false" level="9" additional-only="false" sort-key="B67B7/36" definition-exists="true" ipc-concordant="B67B7/46" c-set-base-allowed="false" c-set-subsequent-allowed="true" date-revised="2016-11-01" status="published"><classification-symbol>B67B7/36</classification-symbol><class-title date-revised="2016-11-01"><title-part><CPC-specific-text><text>adapted to be mounted on walls</text></CPC-specific-text></title-part></class-title></classification-item></classification-item>
<classification-item breakdown-code="false" not-allocatable="false" level="8" additional-only="false" sort-key="B67B7/38" definition-exists="true" ipc-concordant="B67B7/00" c-set-base-allowed="false" c-set-subsequent-allowed="true" date-revised="2015-10-01" status="published"><classification-symbol>B67B7/38</classification-symbol><class-title date-revised="2015-10-01"><title-part><CPC-specific-text><text>Power-operated cutting devices </text><reference><text>machines for domestic use with a plurality of interchangeable units <class-ref scheme="cpc">A47J43/06</class-ref>, <class-ref scheme="cpc">A47J44/00</class-ref></text></reference></CPC-specific-text></title-part></class-title>
<classification-item breakdown-code="false" not-allocatable="false" level="9" additional-only="false" sort-key="B67B7/385" definition-exists="false" ipc-concordant="B67B7/00" c-set-base-allowed="false" c-set-subsequent-allowed="true" date-revised="2013-01-01" status="published"><classification-symbol>B67B7/385</classification-symbol><class-title date-revised="2013-01-01"><title-part><CPC-specific-text><text>specially adapted to be hand-held</text></CPC-specific-text></title-part></class-title></classification-item></classification-item>
<classification-item breakdown-code="false" not-allocatable="false" level="8" additional-only="false" sort-key="B67B7/40" definition-exists="true" ipc-concordant="B67B7/40" c-set-base-allowed="false" c-set-subsequent-allowed="true" date-revised="2013-01-01" status="published"><classification-symbol>B67B7/40</classification-symbol><class-title date-revised="2013-01-01"><title-part><text>Devices for engaging tags, strips, or tongues for opening by tearing, e.g. slotted keys for opening sardine tins</text></title-part></class-title>
<classification-item breakdown-code="false" not-allocatable="false" level="9" additional-only="false" sort-key="B67B7/403" definition-exists="true" ipc-concordant="B67B7/40" c-set-base-allowed="false" c-set-subsequent-allowed="true" date-revised="2013-01-01" status="published"><classification-symbol>B67B7/403</classification-symbol><class-title date-revised="2013-01-01"><title-part><CPC-specific-text><text>adapted for engaging the ring of a pull tab for opening an aperture</text></CPC-specific-text></title-part></class-title>
<classification-item breakdown-code="false" not-allocatable="false" level="10" additional-only="false" sort-key="B67B7/406" definition-exists="true" ipc-concordant="B67B7/40" c-set-base-allowed="false" c-set-subsequent-allowed="true" date-revised="2013-01-01" status="published"><classification-symbol>B67B7/406</classification-symbol><class-title date-revised="2013-01-01"><title-part><CPC-specific-text><text>and subsequently tearing off the top of the can</text></CPC-specific-text></title-part></class-title></classification-item></classification-item></classification-item>
<classification-item breakdown-code="false" not-allocatable="false" level="8" additional-only="false" sort-key="B67B7/42" definition-exists="true" ipc-concordant="B67B7/42" c-set-base-allowed="false" c-set-subsequent-allowed="true" date-revised="2013-01-01" status="published"><classification-symbol>B67B7/42</classification-symbol><class-title date-revised="2013-01-01"><title-part><text>Devices for removing barrel bungs</text></title-part></class-title></classification-item>
<classification-item breakdown-code="false" not-allocatable="false" level="8" additional-only="false" sort-key="B67B7/44" definition-exists="true" ipc-concordant="B67B7/44" c-set-base-allowed="false" c-set-subsequent-allowed="true" date-revised="2013-01-01" status="published"><classification-symbol>B67B7/44</classification-symbol><class-title date-revised="2013-01-01"><title-part><text>Combination tools, e.g. comprising cork-screws, can piercers, crowncap removers </text><reference><text>combinations of opening devices with cutting tools <class-ref scheme="cpc">B26</class-ref>; with devices serving other purposes, <u>see</u> appropriate subclasses, e.g. <class-ref scheme="cpc">B25F</class-ref>; <class-ref scheme="cpc">B43K29/00</class-ref></text></reference></title-part></class-title></classification-item>
<classification-item breakdown-code="false" not-allocatable="false" level="8" additional-only="false" sort-key="B67B7/92" definition-exists="true" ipc-concordant="B67B7/92" c-set-base-allowed="false" c-set-subsequent-allowed="true" date-revised="2013-01-01" status="published"><classification-symbol>B67B7/92</classification-symbol><class-title date-revised="2013-01-01"><title-part><text>by breaking, e.g. for ampoules</text></title-part></class-title></classification-item></classification-item></classification-item>
<classification-item breakdown-code="false" not-allocatable="true" level="6" additional-only="true" sort-key="B67B201/00" date-revised="2013-01-01" status="published"><classification-symbol>B67B2201/00</classification-symbol>
<classification-item breakdown-code="true" not-allocatable="false" level="7" additional-only="true" sort-key="B67B201/00" definition-exists="false" ipc-concordant="CPCONLY" c-set-base-allowed="false" c-set-subsequent-allowed="true" date-revised="2013-01-01" status="published"><classification-symbol>B67B2201/00</classification-symbol><class-title date-revised="2013-01-01"><title-part><text>Indexing codes relating to constructional features of closing machines</text></title-part></class-title>
<classification-item breakdown-code="true" not-allocatable="false" level="8" additional-only="true" sort-key="B67B201/01" definition-exists="false" ipc-concordant="CPCONLY" c-set-base-allowed="false" c-set-subsequent-allowed="true" date-revised="2013-01-01" status="published"><classification-symbol>B67B2201/01</classification-symbol><class-title date-revised="2013-01-01"><title-part><text>Orienting closure means</text></title-part></class-title>
<classification-item breakdown-code="true" not-allocatable="false" level="9" additional-only="true" sort-key="B67B201/012" definition-exists="false" ipc-concordant="CPCONLY" c-set-base-allowed="false" c-set-subsequent-allowed="true" date-revised="2013-01-01" status="published"><classification-symbol>B67B2201/012</classification-symbol><class-title date-revised="2013-01-01"><title-part><text>Stoppers</text></title-part></class-title>
<classification-item breakdown-code="true" not-allocatable="false" level="10" additional-only="true" sort-key="B67B201/015" definition-exists="false" ipc-concordant="CPCONLY" c-set-base-allowed="false" c-set-subsequent-allowed="true" date-revised="2013-01-01" status="published"><classification-symbol>B67B2201/015</classification-symbol><class-title date-revised="2013-01-01"><title-part><text>Cylindrical stoppers</text></title-part></class-title></classification-item></classification-item>
<classification-item breakdown-code="true" not-allocatable="false" level="9" additional-only="true" sort-key="B67B201/017" definition-exists="false" ipc-concordant="CPCONLY" c-set-base-allowed="false" c-set-subsequent-allowed="true" date-revised="2013-01-01" status="published"><classification-symbol>B67B2201/017</classification-symbol><class-title date-revised="2013-01-01"><title-part><text>Caps</text></title-part></class-title></classification-item></classification-item>
<classification-item breakdown-code="true" not-allocatable="false" level="8" additional-only="true" sort-key="B67B201/03" definition-exists="false" ipc-concordant="CPCONLY" c-set-base-allowed="false" c-set-subsequent-allowed="true" date-revised="2013-01-01" status="published"><classification-symbol>B67B2201/03</classification-symbol><class-title date-revised="2013-01-01"><title-part><text>applying two closures on a container</text></title-part></class-title></classification-item>
<classification-item breakdown-code="true" not-allocatable="false" level="8" additional-only="true" sort-key="B67B201/06" definition-exists="false" ipc-concordant="CPCONLY" c-set-base-allowed="false" c-set-subsequent-allowed="true" date-revised="2013-01-01" status="published"><classification-symbol>B67B2201/06</classification-symbol><class-title date-revised="2013-01-01"><title-part><text>Details of cap feeding devices</text></title-part></class-title>
<classification-item breakdown-code="true" not-allocatable="false" level="9" additional-only="true" sort-key="B67B201/065" definition-exists="false" ipc-concordant="CPCONLY" c-set-base-allowed="false" c-set-subsequent-allowed="true" date-revised="2013-01-01" status="published"><classification-symbol>B67B2201/065</classification-symbol><class-title date-revised="2013-01-01"><title-part><text>Use of magnets</text></title-part></class-title></classification-item></classification-item>
<classification-item breakdown-code="true" not-allocatable="false" level="8" additional-only="true" sort-key="B67B201/08" definition-exists="false" ipc-concordant="CPCONLY" c-set-base-allowed="false" c-set-subsequent-allowed="true" date-revised="2013-01-01" status="published"><classification-symbol>B67B2201/08</classification-symbol><class-title date-revised="2013-01-01"><title-part><text>Aseptic features</text></title-part></class-title></classification-item>
<classification-item breakdown-code="true" not-allocatable="false" level="8" additional-only="true" sort-key="B67B201/10" definition-exists="false" ipc-concordant="CPCONLY" c-set-base-allowed="false" c-set-subsequent-allowed="true" date-revised="2013-01-01" status="published"><classification-symbol>B67B2201/10</classification-symbol><class-title date-revised="2013-01-01"><title-part><text>Quick or easy connection means for connecting a capping head to a spindle</text></title-part></class-title></classification-item>
<classification-item breakdown-code="true" not-allocatable="false" level="8" additional-only="true" sort-key="B67B201/12" definition-exists="false" ipc-concordant="CPCONLY" c-set-base-allowed="false" c-set-subsequent-allowed="true" date-revised="2013-01-01" status="published"><classification-symbol>B67B2201/12</classification-symbol><class-title date-revised="2013-01-01"><title-part><text>Details related to spray caps, i.e. caps comprising a pump and a tube for dispensing content from a container</text></title-part></class-title></classification-item></classification-item></classification-item></classification-item></class-scheme>