<?xml version="1.0" encoding="UTF-8"?>
<class-scheme publication-date="2021-05-01" scheme-type="cpc" publication-type="official">
<classification-item breakdown-code="false" not-allocatable="true" level="5" additional-only="false" sort-key="G02C" definition-exists="true" date-revised="2018-08-01" status="published"><classification-symbol>G02C</classification-symbol><class-title date-revised="2013-01-01"><title-part><text>SPECTACLES</text></title-part><title-part><text>SUNGLASSES OR GOGGLES INSOFAR AS THEY HAVE THE SAME FEATURES AS SPECTACLES</text></title-part><title-part><text>CONTACT LENSES </text><reference><text>trial frames for testing the eyes <class-ref scheme="cpc">A61B3/04</class-ref>; goggles or eyeshields not having the same features as spectacles <class-ref scheme="cpc">A61F9/00</class-ref></text></reference></title-part></class-title><notes-and-warnings date-revised="2013-01-01"><note type="note"><note-paragraph>This subclass also covers monocles, pince-nez or lorgnettes.</note-paragraph></note><note type="warning"><note-paragraph>In this subclass non-limiting references (in the sense of paragraph 39 of the Guide to the IPC) may still be displayed in the scheme.</note-paragraph></note></notes-and-warnings>
<classification-item breakdown-code="false" not-allocatable="true" level="6" additional-only="false" sort-key="G02C1/00" date-revised="2013-01-01" status="published"><classification-symbol>G02C1/00</classification-symbol>
<classification-item breakdown-code="false" not-allocatable="false" level="7" additional-only="false" sort-key="G02C1/00" definition-exists="true" ipc-concordant="G02C1/00" c-set-base-allowed="false" c-set-subsequent-allowed="true" date-revised="2013-01-01" status="published"><classification-symbol>G02C1/00</classification-symbol><class-title date-revised="2013-01-01"><title-part><text>Assemblies of lenses with bridges or browbars</text></title-part></class-title>
<classification-item breakdown-code="false" not-allocatable="false" level="8" additional-only="false" sort-key="G02C1/02" definition-exists="true" ipc-concordant="G02C1/02" c-set-base-allowed="false" c-set-subsequent-allowed="true" date-revised="2013-01-01" status="published"><classification-symbol>G02C1/02</classification-symbol><class-title date-revised="2013-01-01"><title-part><text>Bridge or browbar secured to lenses without the use of rims</text></title-part></class-title>
<classification-item breakdown-code="false" not-allocatable="false" level="9" additional-only="false" sort-key="G02C1/023" definition-exists="true" ipc-concordant="G02C1/02" c-set-base-allowed="false" c-set-subsequent-allowed="true" date-revised="2016-05-01" status="published"><classification-symbol>G02C1/023</classification-symbol><class-title date-revised="2016-05-01"><title-part><CPC-specific-text><text>with lenses secured to the fixing parts by clamping, luting, soldering, gluing without holes or recesses in the lenses </text><reference><text><class-ref scheme="cpc">G02C1/04</class-ref>&#160;-&#160;<class-ref scheme="cpc">G02C1/08</class-ref> take precedence</text></reference></CPC-specific-text></title-part></class-title></classification-item>
<classification-item breakdown-code="false" not-allocatable="false" level="9" additional-only="false" sort-key="G02C1/026" definition-exists="true" ipc-concordant="G02C1/02" c-set-base-allowed="false" c-set-subsequent-allowed="true" date-revised="2016-05-01" status="published"><classification-symbol>G02C1/026</classification-symbol><class-title date-revised="2016-05-01"><title-part><CPC-specific-text><text>with auxiliary bars </text><reference><text><class-ref scheme="cpc">G02C1/04</class-ref>&#160;-&#160;<class-ref scheme="cpc">G02C1/08</class-ref> take precedence</text></reference></CPC-specific-text></title-part></class-title></classification-item></classification-item>
<classification-item breakdown-code="false" not-allocatable="false" level="8" additional-only="false" sort-key="G02C1/04" definition-exists="true" ipc-concordant="G02C1/04" c-set-base-allowed="false" c-set-subsequent-allowed="true" date-revised="2013-01-01" status="published"><classification-symbol>G02C1/04</classification-symbol><class-title date-revised="2013-01-01"><title-part><text>Bridge or browbar secured to or integral with partial rims, e.g. with partially-flexible rim for holding lens</text></title-part></class-title></classification-item>
<classification-item breakdown-code="false" not-allocatable="false" level="8" additional-only="false" sort-key="G02C1/06" definition-exists="true" ipc-concordant="G02C1/06" c-set-base-allowed="false" c-set-subsequent-allowed="true" date-revised="2013-01-01" status="published"><classification-symbol>G02C1/06</classification-symbol><class-title date-revised="2013-01-01"><title-part><text>Bridge or browbar secured to or integral with closed rigid rims for the lenses</text></title-part></class-title>
<classification-item breakdown-code="false" not-allocatable="false" level="9" additional-only="false" sort-key="G02C1/08" definition-exists="true" ipc-concordant="G02C1/08" c-set-base-allowed="false" c-set-subsequent-allowed="true" date-revised="2013-01-01" status="published"><classification-symbol>G02C1/08</classification-symbol><class-title date-revised="2013-01-01"><title-part><text>the rims being tranversely split and provided with securing means</text></title-part></class-title></classification-item></classification-item>
<classification-item breakdown-code="false" not-allocatable="false" level="8" additional-only="false" sort-key="G02C1/10" definition-exists="true" ipc-concordant="G02C1/00" c-set-base-allowed="false" c-set-subsequent-allowed="true" date-revised="2013-01-01" status="published"><classification-symbol>G02C1/10</classification-symbol><class-title date-revised="2013-01-01"><title-part><CPC-specific-text><text>Special mounting grooves in the rim or on the lens</text></CPC-specific-text></title-part></class-title></classification-item></classification-item>
<classification-item breakdown-code="false" not-allocatable="false" level="7" additional-only="false" sort-key="G02C3/00" definition-exists="true" ipc-concordant="G02C3/00" c-set-base-allowed="false" c-set-subsequent-allowed="true" date-revised="2013-01-01" status="published"><classification-symbol>G02C3/00</classification-symbol><class-title date-revised="2013-01-01"><title-part><text>Special supporting arrangements for lens assemblies or monocles </text><reference><text>lenses therefor <class-ref scheme="cpc">G02C7/00</class-ref>; by walking-sticks <class-ref scheme="cpc">A45B3/00</class-ref></text></reference></title-part></class-title>
<classification-item breakdown-code="false" not-allocatable="false" level="8" additional-only="false" sort-key="G02C3/003" definition-exists="true" ipc-concordant="G02C3/00" c-set-base-allowed="false" c-set-subsequent-allowed="true" date-revised="2013-01-01" status="published"><classification-symbol>G02C3/003</classification-symbol><class-title date-revised="2013-01-01"><title-part><CPC-specific-text><text>Arrangements for fitting and securing to the head in the position of use</text></CPC-specific-text></title-part></class-title></classification-item>
<classification-item breakdown-code="false" not-allocatable="false" level="8" additional-only="false" sort-key="G02C3/006" definition-exists="true" ipc-concordant="G02C3/00" c-set-base-allowed="false" c-set-subsequent-allowed="true" date-revised="2013-01-01" status="published"><classification-symbol>G02C3/006</classification-symbol><class-title date-revised="2013-01-01"><title-part><CPC-specific-text><text>Arrangements for fitting and securing to the head or neck not in the position of use</text></CPC-specific-text></title-part></class-title></classification-item>
<classification-item breakdown-code="false" not-allocatable="false" level="8" additional-only="false" sort-key="G02C3/02" definition-exists="true" ipc-concordant="G02C3/02" c-set-base-allowed="false" c-set-subsequent-allowed="true" date-revised="2013-01-01" status="published"><classification-symbol>G02C3/02</classification-symbol><class-title date-revised="2013-01-01"><title-part><text>Arrangements for supporting by headgear</text></title-part></class-title></classification-item>
<classification-item breakdown-code="false" not-allocatable="false" level="8" additional-only="false" sort-key="G02C3/04" definition-exists="true" ipc-concordant="G02C3/04" c-set-base-allowed="false" c-set-subsequent-allowed="true" date-revised="2013-01-01" status="published"><classification-symbol>G02C3/04</classification-symbol><class-title date-revised="2013-01-01"><title-part><text>Arrangements for supporting by hand, e.g. lorgnette, Arrangements for supporting by articles </text><reference><text>by walking-sticks <class-ref scheme="cpc">A45B3/00</class-ref></text></reference></title-part></class-title></classification-item></classification-item>
<classification-item breakdown-code="false" not-allocatable="false" level="7" additional-only="false" sort-key="G02C5/00" definition-exists="true" ipc-concordant="G02C5/00" c-set-base-allowed="false" c-set-subsequent-allowed="true" date-revised="2017-08-01" status="published"><classification-symbol>G02C5/00</classification-symbol><class-title date-revised="2017-08-01"><title-part><text>Constructions of non-optical parts</text></title-part></class-title>
<classification-item breakdown-code="false" not-allocatable="false" level="8" additional-only="false" sort-key="G02C5/001" definition-exists="true" ipc-concordant="G02C5/00" c-set-base-allowed="false" c-set-subsequent-allowed="true" date-revised="2013-01-01" status="published"><classification-symbol>G02C5/001</classification-symbol><class-title date-revised="2013-01-01"><title-part><CPC-specific-text><text>specially adapted for particular purposes, not otherwise provided for or not fully classifiable according to technical characteristics, e.g. therapeutic glasses</text></CPC-specific-text></title-part></class-title>
<classification-item breakdown-code="false" not-allocatable="false" level="9" additional-only="false" sort-key="G02C5/003" definition-exists="true" ipc-concordant="G02C5/00" c-set-base-allowed="false" c-set-subsequent-allowed="true" date-revised="2013-01-01" status="published"><classification-symbol>G02C5/003</classification-symbol><class-title date-revised="2013-01-01"><title-part><CPC-specific-text><text>Shooting or aiming glasses</text></CPC-specific-text></title-part></class-title></classification-item>
<classification-item breakdown-code="false" not-allocatable="false" level="9" additional-only="false" sort-key="G02C5/005" definition-exists="true" ipc-concordant="G02C5/00" c-set-base-allowed="false" c-set-subsequent-allowed="true" date-revised="2013-01-01" status="published"><classification-symbol>G02C5/005</classification-symbol><class-title date-revised="2013-01-01"><title-part><CPC-specific-text><text>Glasses allowing access to one eye, e.g. for make-up application</text></CPC-specific-text></title-part></class-title></classification-item></classification-item>
<classification-item breakdown-code="false" not-allocatable="false" level="8" additional-only="false" sort-key="G02C5/006" definition-exists="true" ipc-concordant="G02C5/00" c-set-base-allowed="false" c-set-subsequent-allowed="true" date-revised="2013-01-01" status="published"><classification-symbol>G02C5/006</classification-symbol><class-title date-revised="2013-01-01"><title-part><CPC-specific-text><text>Collapsible frames</text></CPC-specific-text></title-part></class-title></classification-item>
<classification-item breakdown-code="false" not-allocatable="false" level="8" additional-only="false" sort-key="G02C5/008" definition-exists="true" ipc-concordant="G02C5/00" c-set-base-allowed="false" c-set-subsequent-allowed="true" date-revised="2013-01-01" status="published"><classification-symbol>G02C5/008</classification-symbol><class-title date-revised="2013-01-01"><title-part><CPC-specific-text><text>Spectacles frames characterized by their material, material structure and material properties</text></CPC-specific-text></title-part></class-title></classification-item>
<classification-item breakdown-code="false" not-allocatable="false" level="8" additional-only="false" sort-key="G02C5/02" definition-exists="true" ipc-concordant="G02C5/02" c-set-base-allowed="false" c-set-subsequent-allowed="true" date-revised="2013-01-01" status="published"><classification-symbol>G02C5/02</classification-symbol><class-title date-revised="2013-01-01"><title-part><text>Bridges</text></title-part><title-part><text>Browbars</text></title-part><title-part><text>Intermediate bars </text><reference><text>nose engaging-surfaces <class-ref scheme="cpc">G02C5/12</class-ref></text></reference></title-part></class-title>
<classification-item breakdown-code="false" not-allocatable="false" level="9" additional-only="false" sort-key="G02C5/04" definition-exists="false" ipc-concordant="G02C5/04" c-set-base-allowed="false" c-set-subsequent-allowed="true" date-revised="2013-01-01" status="published"><classification-symbol>G02C5/04</classification-symbol><class-title date-revised="2013-01-01"><title-part><text>with adjustable means</text></title-part></class-title>
<classification-item breakdown-code="false" not-allocatable="false" level="10" additional-only="false" sort-key="G02C5/045" definition-exists="false" ipc-concordant="G02C5/04" c-set-base-allowed="false" c-set-subsequent-allowed="true" date-revised="2013-01-01" status="published"><classification-symbol>G02C5/045</classification-symbol><class-title date-revised="2013-01-01"><title-part><CPC-specific-text><text>for varying the horizontal distance of the lenses</text></CPC-specific-text></title-part></class-title></classification-item></classification-item>
<classification-item breakdown-code="false" not-allocatable="false" level="9" additional-only="false" sort-key="G02C5/06" definition-exists="false" ipc-concordant="G02C5/06" c-set-base-allowed="false" c-set-subsequent-allowed="true" date-revised="2013-01-01" status="published"><classification-symbol>G02C5/06</classification-symbol><class-title date-revised="2013-01-01"><title-part><text>with resilient means</text></title-part></class-title></classification-item>
<classification-item breakdown-code="false" not-allocatable="false" level="9" additional-only="false" sort-key="G02C5/08" definition-exists="true" ipc-concordant="G02C5/08" c-set-base-allowed="false" c-set-subsequent-allowed="true" date-revised="2013-01-01" status="published"><classification-symbol>G02C5/08</classification-symbol><class-title date-revised="2013-01-01"><title-part><text>foldable</text></title-part></class-title></classification-item>
<classification-item breakdown-code="false" not-allocatable="false" level="9" additional-only="false" sort-key="G02C5/10" definition-exists="true" ipc-concordant="G02C5/10" c-set-base-allowed="false" c-set-subsequent-allowed="true" date-revised="2013-01-01" status="published"><classification-symbol>G02C5/10</classification-symbol><class-title date-revised="2013-01-01"><title-part><text>Intermediate bars or bars between bridge and side-members</text></title-part></class-title></classification-item></classification-item>
<classification-item breakdown-code="false" not-allocatable="false" level="8" additional-only="false" sort-key="G02C5/12" definition-exists="true" ipc-concordant="G02C5/12" c-set-base-allowed="false" c-set-subsequent-allowed="true" date-revised="2013-01-01" status="published"><classification-symbol>G02C5/12</classification-symbol><class-title date-revised="2013-01-01"><title-part><text>Nose pads</text></title-part><title-part><text>Nose-engaging surfaces of bridges or rims</text></title-part></class-title>
<classification-item breakdown-code="false" not-allocatable="false" level="9" additional-only="false" sort-key="G02C5/122" definition-exists="true" ipc-concordant="G02C5/12" c-set-base-allowed="false" c-set-subsequent-allowed="true" date-revised="2013-01-01" status="published"><classification-symbol>G02C5/122</classification-symbol><class-title date-revised="2013-01-01"><title-part><CPC-specific-text><text>with adjustable means</text></CPC-specific-text></title-part></class-title>
<classification-item breakdown-code="false" not-allocatable="false" level="10" additional-only="false" sort-key="G02C5/124" definition-exists="true" ipc-concordant="G02C5/12" c-set-base-allowed="false" c-set-subsequent-allowed="true" date-revised="2013-01-01" status="published"><classification-symbol>G02C5/124</classification-symbol><class-title date-revised="2013-01-01"><title-part><CPC-specific-text><text>for vertically varying the position of the lenses</text></CPC-specific-text></title-part></class-title></classification-item></classification-item>
<classification-item breakdown-code="false" not-allocatable="false" level="9" additional-only="false" sort-key="G02C5/126" definition-exists="true" ipc-concordant="G02C5/12" c-set-base-allowed="false" c-set-subsequent-allowed="true" date-revised="2013-01-01" status="published"><classification-symbol>G02C5/126</classification-symbol><class-title date-revised="2013-01-01"><title-part><CPC-specific-text><text>exchangeable or otherwise fitted to the shape of the nose</text></CPC-specific-text></title-part></class-title></classification-item>
<classification-item breakdown-code="false" not-allocatable="false" level="9" additional-only="false" sort-key="G02C5/128" definition-exists="true" ipc-concordant="G02C5/12" c-set-base-allowed="false" c-set-subsequent-allowed="true" date-revised="2013-01-01" status="published"><classification-symbol>G02C5/128</classification-symbol><class-title date-revised="2013-01-01"><title-part><CPC-specific-text><text>Pince-nez</text></CPC-specific-text></title-part></class-title></classification-item></classification-item>
<classification-item breakdown-code="false" not-allocatable="false" level="8" additional-only="false" sort-key="G02C5/14" definition-exists="true" ipc-concordant="G02C5/14" c-set-base-allowed="false" c-set-subsequent-allowed="true" date-revised="2013-01-01" status="published"><classification-symbol>G02C5/14</classification-symbol><class-title date-revised="2013-01-01"><title-part><text>Side-members</text></title-part></class-title>
<classification-item breakdown-code="false" not-allocatable="false" level="9" additional-only="false" sort-key="G02C5/143" definition-exists="true" ipc-concordant="G02C5/14" c-set-base-allowed="false" c-set-subsequent-allowed="true" date-revised="2013-01-01" status="published"><classification-symbol>G02C5/143</classification-symbol><class-title date-revised="2013-01-01"><title-part><CPC-specific-text><text>having special ear pieces</text></CPC-specific-text></title-part></class-title></classification-item>
<classification-item breakdown-code="false" not-allocatable="false" level="9" additional-only="false" sort-key="G02C5/146" definition-exists="true" ipc-concordant="G02C5/14" c-set-base-allowed="false" c-set-subsequent-allowed="true" date-revised="2013-01-01" status="published"><classification-symbol>G02C5/146</classification-symbol><class-title date-revised="2013-01-01"><title-part><CPC-specific-text><text>having special front end</text></CPC-specific-text></title-part></class-title></classification-item>
<classification-item breakdown-code="false" not-allocatable="false" level="9" additional-only="false" sort-key="G02C5/16" definition-exists="true" ipc-concordant="G02C5/16" c-set-base-allowed="false" c-set-subsequent-allowed="true" date-revised="2013-01-01" status="published"><classification-symbol>G02C5/16</classification-symbol><class-title date-revised="2013-01-01"><title-part><text>resilient or with resilient parts</text></title-part></class-title></classification-item>
<classification-item breakdown-code="false" not-allocatable="false" level="9" additional-only="false" sort-key="G02C5/18" definition-exists="true" ipc-concordant="G02C5/18" c-set-base-allowed="false" c-set-subsequent-allowed="true" date-revised="2013-01-01" status="published"><classification-symbol>G02C5/18</classification-symbol><class-title date-revised="2013-01-01"><title-part><text>reinforced</text></title-part></class-title></classification-item>
<classification-item breakdown-code="false" not-allocatable="false" level="9" additional-only="false" sort-key="G02C5/20" definition-exists="true" ipc-concordant="G02C5/20" c-set-base-allowed="false" c-set-subsequent-allowed="true" date-revised="2013-01-01" status="published"><classification-symbol>G02C5/20</classification-symbol><class-title date-revised="2013-01-01"><title-part><text>adjustable, e.g. telescopic</text></title-part></class-title></classification-item></classification-item>
<classification-item breakdown-code="false" not-allocatable="false" level="8" additional-only="false" sort-key="G02C5/22" definition-exists="true" ipc-concordant="G02C5/22" c-set-base-allowed="false" c-set-subsequent-allowed="true" date-revised="2013-01-01" status="published"><classification-symbol>G02C5/22</classification-symbol><class-title date-revised="2013-01-01"><title-part><text>Hinges </text><reference><text>pivotal connection in general <class-ref scheme="cpc">F16C11/00</class-ref></text></reference></title-part></class-title>
<classification-item breakdown-code="false" not-allocatable="false" level="9" additional-only="false" sort-key="G02C5/2209" definition-exists="true" ipc-concordant="G02C5/22" c-set-base-allowed="false" c-set-subsequent-allowed="true" date-revised="2013-01-01" status="published"><classification-symbol>G02C5/2209</classification-symbol><class-title date-revised="2013-01-01"><title-part><CPC-specific-text><text>Pivot bearings and hinge bolts other than screws</text></CPC-specific-text></title-part></class-title></classification-item>
<classification-item breakdown-code="false" not-allocatable="false" level="9" additional-only="false" sort-key="G02C5/2218" definition-exists="true" ipc-concordant="G02C5/22" c-set-base-allowed="false" c-set-subsequent-allowed="true" date-revised="2013-01-01" status="published"><classification-symbol>G02C5/2218</classification-symbol><class-title date-revised="2013-01-01"><title-part><CPC-specific-text><text>Resilient hinges</text></CPC-specific-text></title-part></class-title>
<classification-item breakdown-code="false" not-allocatable="false" level="10" additional-only="false" sort-key="G02C5/2227" definition-exists="true" ipc-concordant="G02C5/22" c-set-base-allowed="false" c-set-subsequent-allowed="true" date-revised="2013-01-01" status="published"><classification-symbol>G02C5/2227</classification-symbol><class-title date-revised="2013-01-01"><title-part><CPC-specific-text><text>comprising a fixed hinge member and a coil spring</text></CPC-specific-text></title-part></class-title></classification-item>
<classification-item breakdown-code="false" not-allocatable="false" level="10" additional-only="false" sort-key="G02C5/2236" definition-exists="true" ipc-concordant="G02C5/22" c-set-base-allowed="false" c-set-subsequent-allowed="true" date-revised="2013-01-01" status="published"><classification-symbol>G02C5/2236</classification-symbol><class-title date-revised="2013-01-01"><title-part><CPC-specific-text><text>comprising a sliding hinge member and a coil spring</text></CPC-specific-text></title-part></class-title>
<classification-item breakdown-code="false" not-allocatable="false" level="11" additional-only="false" sort-key="G02C5/2245" definition-exists="true" ipc-concordant="G02C5/22" c-set-base-allowed="false" c-set-subsequent-allowed="true" date-revised="2013-01-01" status="published"><classification-symbol>G02C5/2245</classification-symbol><class-title date-revised="2013-01-01"><title-part><CPC-specific-text><text>comprising a sliding box containing a spring</text></CPC-specific-text></title-part></class-title></classification-item></classification-item>
<classification-item breakdown-code="false" not-allocatable="false" level="10" additional-only="false" sort-key="G02C5/2254" definition-exists="true" ipc-concordant="G02C5/22" c-set-base-allowed="false" c-set-subsequent-allowed="true" date-revised="2013-01-01" status="published"><classification-symbol>G02C5/2254</classification-symbol><class-title date-revised="2013-01-01"><title-part><CPC-specific-text><text>comprising elastic means other than coil spring</text></CPC-specific-text></title-part></class-title></classification-item></classification-item>
<classification-item breakdown-code="false" not-allocatable="false" level="9" additional-only="false" sort-key="G02C5/2263" definition-exists="true" ipc-concordant="G02C5/22" c-set-base-allowed="false" c-set-subsequent-allowed="true" date-revised="2013-01-01" status="published"><classification-symbol>G02C5/2263</classification-symbol><class-title date-revised="2013-01-01"><title-part><CPC-specific-text><text>Composite hinges, e.g. for varying the inclination of the lenses</text></CPC-specific-text></title-part></class-title></classification-item>
<classification-item breakdown-code="false" not-allocatable="false" level="9" additional-only="false" sort-key="G02C5/2272" definition-exists="true" ipc-concordant="G02C5/22" c-set-base-allowed="false" c-set-subsequent-allowed="true" date-revised="2013-01-01" status="published"><classification-symbol>G02C5/2272</classification-symbol><class-title date-revised="2013-01-01"><title-part><CPC-specific-text><text>Hinges without well-defined pivot axis</text></CPC-specific-text></title-part></class-title></classification-item>
<classification-item breakdown-code="false" not-allocatable="false" level="9" additional-only="false" sort-key="G02C5/2281" definition-exists="true" ipc-concordant="G02C5/22" c-set-base-allowed="false" c-set-subsequent-allowed="true" date-revised="2013-01-01" status="published"><classification-symbol>G02C5/2281</classification-symbol><class-title date-revised="2013-01-01"><title-part><CPC-specific-text><text>Special hinge screws</text></CPC-specific-text></title-part></class-title></classification-item>
<classification-item breakdown-code="false" not-allocatable="false" level="9" additional-only="false" sort-key="G02C5/229" definition-exists="true" ipc-concordant="G02C5/22" c-set-base-allowed="false" c-set-subsequent-allowed="true" date-revised="2013-01-01" status="published"><classification-symbol>G02C5/229</classification-symbol><class-title date-revised="2013-01-01"><title-part><CPC-specific-text><text>Oblique hinge axis</text></CPC-specific-text></title-part></class-title></classification-item></classification-item></classification-item>
<classification-item breakdown-code="false" not-allocatable="false" level="7" additional-only="false" sort-key="G02C7/00" definition-exists="true" ipc-concordant="G02C7/00" c-set-base-allowed="false" c-set-subsequent-allowed="true" date-revised="2013-01-01" status="published"><classification-symbol>G02C7/00</classification-symbol><class-title date-revised="2013-01-01"><title-part><text>Optical parts </text><reference><text>characterised by the material <class-ref scheme="cpc">G02B1/00</class-ref></text></reference></title-part></class-title>
<classification-item breakdown-code="false" not-allocatable="false" level="8" additional-only="false" sort-key="G02C7/02" definition-exists="true" ipc-concordant="G02C7/02" c-set-base-allowed="false" c-set-subsequent-allowed="true" date-revised="2017-08-01" status="published"><classification-symbol>G02C7/02</classification-symbol><class-title date-revised="2017-08-01"><title-part><text>Lenses</text></title-part><title-part><text>Lens systems </text><CPC-specific-text><text>; Methods of designing lenses</text></CPC-specific-text></title-part></class-title>
<classification-item breakdown-code="false" not-allocatable="false" level="9" additional-only="false" sort-key="G02C7/021" definition-exists="true" ipc-concordant="G02C7/02" c-set-base-allowed="false" c-set-subsequent-allowed="true" date-revised="2016-05-01" status="published"><classification-symbol>G02C7/021</classification-symbol><class-title date-revised="2016-05-01"><title-part><CPC-specific-text><text>with pattern for identification or with cosmetic or therapeutic effects </text><reference><text>methods and processes take preference, e.g. printing, marking or copying processes <class-ref scheme="cpc">B41M</class-ref>; identification in general <class-ref scheme="cpc">G09F3/00</class-ref>; producing decorative effects in general <class-ref scheme="cpc">B44C</class-ref>; surface treatment of glass <class-ref scheme="cpc">C03C15/00</class-ref>&#160;-&#160;<class-ref scheme="cpc">C03C23/00</class-ref>; positioning or marking of lenses <class-ref scheme="cpc">B24B13/0055</class-ref></text></reference></CPC-specific-text></title-part></class-title></classification-item>
<classification-item breakdown-code="false" not-allocatable="false" level="9" additional-only="false" sort-key="G02C7/022" definition-exists="true" ipc-concordant="G02C7/02" c-set-base-allowed="false" c-set-subsequent-allowed="true" date-revised="2013-01-01" status="published"><classification-symbol>G02C7/022</classification-symbol><class-title date-revised="2013-01-01"><title-part><CPC-specific-text><text>Ophthalmic lenses having special refractive features achieved by special materials or material structures </text><reference><text><class-ref scheme="cpc">G02C7/049</class-ref> takes precedence</text></reference></CPC-specific-text></title-part></class-title></classification-item>
<classification-item breakdown-code="false" not-allocatable="false" level="9" additional-only="false" sort-key="G02C7/024" definition-exists="true" ipc-concordant="G02C7/02" c-set-base-allowed="false" c-set-subsequent-allowed="true" date-revised="2013-01-01" status="published"><classification-symbol>G02C7/024</classification-symbol><class-title date-revised="2013-01-01"><title-part><CPC-specific-text><text>Methods of designing ophthalmic lenses</text></CPC-specific-text></title-part></class-title>
<classification-item breakdown-code="false" not-allocatable="false" level="10" additional-only="false" sort-key="G02C7/025" definition-exists="true" ipc-concordant="G02C7/02" c-set-base-allowed="false" c-set-subsequent-allowed="true" date-revised="2013-01-01" status="published"><classification-symbol>G02C7/025</classification-symbol><class-title date-revised="2013-01-01"><title-part><CPC-specific-text><text>considering parameters of the viewed object</text></CPC-specific-text></title-part></class-title></classification-item>
<classification-item breakdown-code="false" not-allocatable="false" level="10" additional-only="false" sort-key="G02C7/027" definition-exists="true" ipc-concordant="G02C7/02" c-set-base-allowed="false" c-set-subsequent-allowed="true" date-revised="2013-01-01" status="published"><classification-symbol>G02C7/027</classification-symbol><class-title date-revised="2013-01-01"><title-part><CPC-specific-text><text>considering wearer&apos;s parameters</text></CPC-specific-text></title-part></class-title></classification-item>
<classification-item breakdown-code="false" not-allocatable="false" level="10" additional-only="false" sort-key="G02C7/028" definition-exists="true" ipc-concordant="G02C7/02" c-set-base-allowed="false" c-set-subsequent-allowed="true" date-revised="2013-01-01" status="published"><classification-symbol>G02C7/028</classification-symbol><class-title date-revised="2013-01-01"><title-part><CPC-specific-text><text>Special mathematical design techniques</text></CPC-specific-text></title-part></class-title></classification-item></classification-item>
<classification-item breakdown-code="false" not-allocatable="false" level="9" additional-only="false" sort-key="G02C7/04" definition-exists="true" ipc-concordant="G02C7/04" c-set-base-allowed="false" c-set-subsequent-allowed="true" date-revised="2013-01-01" status="published"><classification-symbol>G02C7/04</classification-symbol><class-title date-revised="2013-01-01"><title-part><text>Contact lenses for the eyes </text><reference><text>disinfection or sterilisation of contact lenses <class-ref scheme="cpc">A61L12/00</class-ref></text></reference></title-part></class-title>
<classification-item breakdown-code="false" not-allocatable="false" level="10" additional-only="false" sort-key="G02C7/041" definition-exists="true" ipc-concordant="G02C7/04" c-set-base-allowed="false" c-set-subsequent-allowed="true" date-revised="2013-01-01" status="published"><classification-symbol>G02C7/041</classification-symbol><class-title date-revised="2013-01-01"><title-part><CPC-specific-text><text>bifocal; multifocal</text></CPC-specific-text></title-part></class-title>
<classification-item breakdown-code="false" not-allocatable="false" level="11" additional-only="false" sort-key="G02C7/042" definition-exists="true" ipc-concordant="G02C7/04" c-set-base-allowed="false" c-set-subsequent-allowed="true" date-revised="2013-01-01" status="published"><classification-symbol>G02C7/042</classification-symbol><class-title date-revised="2013-01-01"><title-part><CPC-specific-text><text>Simultaneous type</text></CPC-specific-text></title-part></class-title></classification-item>
<classification-item breakdown-code="false" not-allocatable="false" level="11" additional-only="false" sort-key="G02C7/043" definition-exists="true" ipc-concordant="G02C7/04" c-set-base-allowed="false" c-set-subsequent-allowed="true" date-revised="2013-01-01" status="published"><classification-symbol>G02C7/043</classification-symbol><class-title date-revised="2013-01-01"><title-part><CPC-specific-text><text>Translating type</text></CPC-specific-text></title-part></class-title></classification-item>
<classification-item breakdown-code="false" not-allocatable="false" level="11" additional-only="false" sort-key="G02C7/044" definition-exists="true" ipc-concordant="G02C7/04" c-set-base-allowed="false" c-set-subsequent-allowed="true" date-revised="2013-01-01" status="published"><classification-symbol>G02C7/044</classification-symbol><class-title date-revised="2013-01-01"><title-part><CPC-specific-text><text>Annular configuration, e.g. pupil tuned</text></CPC-specific-text></title-part></class-title></classification-item>
<classification-item breakdown-code="false" not-allocatable="false" level="11" additional-only="false" sort-key="G02C7/045" definition-exists="true" ipc-concordant="G02C7/04" c-set-base-allowed="false" c-set-subsequent-allowed="true" date-revised="2013-01-01" status="published"><classification-symbol>G02C7/045</classification-symbol><class-title date-revised="2013-01-01"><title-part><CPC-specific-text><text>Sectorial configuration</text></CPC-specific-text></title-part></class-title></classification-item></classification-item>
<classification-item breakdown-code="false" not-allocatable="false" level="10" additional-only="false" sort-key="G02C7/046" definition-exists="true" ipc-concordant="G02C7/04" c-set-base-allowed="false" c-set-subsequent-allowed="true" date-revised="2013-01-01" status="published"><classification-symbol>G02C7/046</classification-symbol><class-title date-revised="2013-01-01"><title-part><CPC-specific-text><text>Contact lenses having an iris pattern</text></CPC-specific-text></title-part></class-title></classification-item>
<classification-item breakdown-code="false" not-allocatable="false" level="10" additional-only="false" sort-key="G02C7/047" definition-exists="true" ipc-concordant="G02C7/04" c-set-base-allowed="false" c-set-subsequent-allowed="true" date-revised="2013-01-01" status="published"><classification-symbol>G02C7/047</classification-symbol><class-title date-revised="2013-01-01"><title-part><CPC-specific-text><text>Contact lens fitting; Contact lenses for orthokeratology; Contact lenses for specially shaped corneae</text></CPC-specific-text></title-part></class-title></classification-item>
<classification-item breakdown-code="false" not-allocatable="false" level="10" additional-only="false" sort-key="G02C7/048" definition-exists="true" ipc-concordant="G02C7/04" c-set-base-allowed="false" c-set-subsequent-allowed="true" date-revised="2013-01-01" status="published"><classification-symbol>G02C7/048</classification-symbol><class-title date-revised="2013-01-01"><title-part><CPC-specific-text><text>Means for stabilising the orientation of lenses in the eye</text></CPC-specific-text></title-part></class-title></classification-item>
<classification-item breakdown-code="false" not-allocatable="false" level="10" additional-only="false" sort-key="G02C7/049" definition-exists="true" ipc-concordant="G02C7/04" c-set-base-allowed="false" c-set-subsequent-allowed="true" date-revised="2013-01-01" status="published"><classification-symbol>G02C7/049</classification-symbol><class-title date-revised="2013-01-01"><title-part><CPC-specific-text><text>Contact lenses having special fitting or structural features achieved by special materials or material structures</text></CPC-specific-text></title-part></class-title></classification-item></classification-item>
<classification-item breakdown-code="false" not-allocatable="false" level="9" additional-only="false" sort-key="G02C7/06" definition-exists="true" ipc-concordant="G02C7/06" c-set-base-allowed="false" c-set-subsequent-allowed="true" date-revised="2017-08-01" status="published"><classification-symbol>G02C7/06</classification-symbol><class-title date-revised="2017-08-01"><title-part><text>bifocal</text></title-part><title-part><text>multifocal </text><CPC-specific-text><text>; progressive </text><reference><text><class-ref scheme="cpc">G02C7/041</class-ref> takes precedence</text></reference></CPC-specific-text></title-part></class-title>
<classification-item breakdown-code="false" not-allocatable="false" level="10" additional-only="false" sort-key="G02C7/061" definition-exists="true" ipc-concordant="G02C7/06" c-set-base-allowed="false" c-set-subsequent-allowed="true" date-revised="2013-01-01" status="published"><classification-symbol>G02C7/061</classification-symbol><class-title date-revised="2013-01-01"><title-part><CPC-specific-text><text>Spectacle lenses with progressively varying focal power</text></CPC-specific-text></title-part></class-title>
<classification-item breakdown-code="false" not-allocatable="false" level="11" additional-only="false" sort-key="G02C7/063" definition-exists="true" ipc-concordant="G02C7/06" c-set-base-allowed="false" c-set-subsequent-allowed="true" date-revised="2013-01-01" status="published"><classification-symbol>G02C7/063</classification-symbol><class-title date-revised="2013-01-01"><title-part><CPC-specific-text><text>Shape of the progressive surface</text></CPC-specific-text></title-part></class-title>
<classification-item breakdown-code="false" not-allocatable="false" level="12" additional-only="false" sort-key="G02C7/065" definition-exists="true" ipc-concordant="G02C7/06" c-set-base-allowed="false" c-set-subsequent-allowed="true" date-revised="2013-01-01" status="published"><classification-symbol>G02C7/065</classification-symbol><class-title date-revised="2013-01-01"><title-part><CPC-specific-text><text>Properties on the principal line</text></CPC-specific-text></title-part></class-title></classification-item>
<classification-item breakdown-code="false" not-allocatable="false" level="12" additional-only="false" sort-key="G02C7/066" definition-exists="true" ipc-concordant="G02C7/06" c-set-base-allowed="false" c-set-subsequent-allowed="true" date-revised="2013-01-01" status="published"><classification-symbol>G02C7/066</classification-symbol><class-title date-revised="2013-01-01"><title-part><CPC-specific-text><text>Shape, location or size of the viewing zones</text></CPC-specific-text></title-part></class-title></classification-item></classification-item>
<classification-item breakdown-code="false" not-allocatable="false" level="11" additional-only="false" sort-key="G02C7/068" definition-exists="true" ipc-concordant="G02C7/06" c-set-base-allowed="false" c-set-subsequent-allowed="true" date-revised="2013-01-01" status="published"><classification-symbol>G02C7/068</classification-symbol><class-title date-revised="2013-01-01"><title-part><CPC-specific-text><text>Special properties achieved by the combination of the front and back surfaces</text></CPC-specific-text></title-part></class-title></classification-item></classification-item></classification-item>
<classification-item breakdown-code="false" not-allocatable="false" level="9" additional-only="false" sort-key="G02C7/08" definition-exists="true" ipc-concordant="G02C7/08" c-set-base-allowed="false" c-set-subsequent-allowed="true" date-revised="2013-01-01" status="published"><classification-symbol>G02C7/08</classification-symbol><class-title date-revised="2013-01-01"><title-part><text>Auxiliary lenses</text></title-part><title-part><text>Arrangements for varying focal length</text></title-part></class-title>
<classification-item breakdown-code="false" not-allocatable="false" level="10" additional-only="false" sort-key="G02C7/081" definition-exists="true" ipc-concordant="G02C7/08" c-set-base-allowed="false" c-set-subsequent-allowed="true" date-revised="2013-01-01" status="published"><classification-symbol>G02C7/081</classification-symbol><class-title date-revised="2013-01-01"><title-part><CPC-specific-text><text>Ophthalmic lenses with variable focal length</text></CPC-specific-text></title-part></class-title>
<classification-item breakdown-code="false" not-allocatable="false" level="11" additional-only="false" sort-key="G02C7/083" definition-exists="true" ipc-concordant="G02C7/08" c-set-base-allowed="false" c-set-subsequent-allowed="true" date-revised="2013-01-01" status="published"><classification-symbol>G02C7/083</classification-symbol><class-title date-revised="2013-01-01"><title-part><CPC-specific-text><text>Electrooptic lenses</text></CPC-specific-text></title-part></class-title></classification-item>
<classification-item breakdown-code="false" not-allocatable="false" level="11" additional-only="false" sort-key="G02C7/085" definition-exists="true" ipc-concordant="G02C7/08" c-set-base-allowed="false" c-set-subsequent-allowed="true" date-revised="2013-01-01" status="published"><classification-symbol>G02C7/085</classification-symbol><class-title date-revised="2013-01-01"><title-part><CPC-specific-text><text>Fluid-filled lenses, e.g. electro-wetting lenses</text></CPC-specific-text></title-part></class-title></classification-item></classification-item>
<classification-item breakdown-code="false" not-allocatable="false" level="10" additional-only="false" sort-key="G02C7/086" definition-exists="true" ipc-concordant="G02C7/08" c-set-base-allowed="false" c-set-subsequent-allowed="true" date-revised="2013-01-01" status="published"><classification-symbol>G02C7/086</classification-symbol><class-title date-revised="2013-01-01"><title-part><CPC-specific-text><text>Auxiliary lenses located directly on a main spectacle lens or in the immediate vicinity of main spectacles</text></CPC-specific-text></title-part></class-title></classification-item>
<classification-item breakdown-code="false" not-allocatable="false" level="10" additional-only="false" sort-key="G02C7/088" definition-exists="true" ipc-concordant="G02C7/08" c-set-base-allowed="false" c-set-subsequent-allowed="true" date-revised="2013-01-01" status="published"><classification-symbol>G02C7/088</classification-symbol><class-title date-revised="2013-01-01"><title-part><CPC-specific-text><text>Lens systems mounted to spectacles</text></CPC-specific-text></title-part></class-title></classification-item></classification-item></classification-item>
<classification-item breakdown-code="false" not-allocatable="false" level="8" additional-only="false" sort-key="G02C7/10" definition-exists="true" ipc-concordant="G02C7/10" c-set-base-allowed="false" c-set-subsequent-allowed="true" date-revised="2017-08-01" status="published"><classification-symbol>G02C7/10</classification-symbol><class-title date-revised="2017-08-01"><title-part><text>Filters, e.g. for facilitating adaptation of the eyes to the dark</text></title-part><title-part><text>Sunglasses</text></title-part></class-title>
<classification-item breakdown-code="false" not-allocatable="false" level="9" additional-only="false" sort-key="G02C7/101" definition-exists="true" ipc-concordant="G02C7/10" c-set-base-allowed="false" c-set-subsequent-allowed="true" date-revised="2013-01-01" status="published"><classification-symbol>G02C7/101</classification-symbol><class-title date-revised="2013-01-01"><title-part><CPC-specific-text><text>having an electro-optical light valve </text><reference><text>electro-optical elements <u>per se</u> <class-ref scheme="cpc">G02F</class-ref></text></reference></CPC-specific-text></title-part></class-title></classification-item>
<classification-item breakdown-code="false" not-allocatable="false" level="9" additional-only="false" sort-key="G02C7/102" definition-exists="true" ipc-concordant="G02C7/10" c-set-base-allowed="false" c-set-subsequent-allowed="true" date-revised="2013-01-01" status="published"><classification-symbol>G02C7/102</classification-symbol><class-title date-revised="2013-01-01"><title-part><CPC-specific-text><text>Photochromic filters</text></CPC-specific-text></title-part></class-title></classification-item>
<classification-item breakdown-code="false" not-allocatable="false" level="9" additional-only="false" sort-key="G02C7/104" definition-exists="true" ipc-concordant="G02C7/10" c-set-base-allowed="false" c-set-subsequent-allowed="true" date-revised="2013-01-01" status="published"><classification-symbol>G02C7/104</classification-symbol><class-title date-revised="2013-01-01"><title-part><CPC-specific-text><text>having spectral characteristics for purposes other than sun-protection</text></CPC-specific-text></title-part></class-title></classification-item>
<classification-item breakdown-code="false" not-allocatable="false" level="9" additional-only="false" sort-key="G02C7/105" definition-exists="true" ipc-concordant="G02C7/10" c-set-base-allowed="false" c-set-subsequent-allowed="true" date-revised="2013-01-01" status="published"><classification-symbol>G02C7/105</classification-symbol><class-title date-revised="2013-01-01"><title-part><CPC-specific-text><text>having inhomogeneously distributed colouring</text></CPC-specific-text></title-part></class-title></classification-item>
<classification-item breakdown-code="false" not-allocatable="false" level="9" additional-only="false" sort-key="G02C7/107" definition-exists="true" ipc-concordant="G02C7/10" c-set-base-allowed="false" c-set-subsequent-allowed="true" date-revised="2013-01-01" status="published"><classification-symbol>G02C7/107</classification-symbol><class-title date-revised="2013-01-01"><title-part><CPC-specific-text><text>Interference colour filters</text></CPC-specific-text></title-part></class-title></classification-item>
<classification-item breakdown-code="false" not-allocatable="false" level="9" additional-only="false" sort-key="G02C7/108" definition-exists="true" ipc-concordant="G02C7/10" c-set-base-allowed="false" c-set-subsequent-allowed="true" date-revised="2013-01-01" status="published"><classification-symbol>G02C7/108</classification-symbol><class-title date-revised="2013-01-01"><title-part><CPC-specific-text><text>Colouring materials</text></CPC-specific-text></title-part></class-title></classification-item></classification-item>
<classification-item breakdown-code="false" not-allocatable="false" level="8" additional-only="false" sort-key="G02C7/12" definition-exists="true" ipc-concordant="G02C7/12" c-set-base-allowed="false" c-set-subsequent-allowed="true" date-revised="2013-01-01" status="published"><classification-symbol>G02C7/12</classification-symbol><class-title date-revised="2013-01-01"><title-part><text>Polarisers</text></title-part></class-title></classification-item>
<classification-item breakdown-code="false" not-allocatable="false" level="8" additional-only="false" sort-key="G02C7/14" definition-exists="true" ipc-concordant="G02C7/14" c-set-base-allowed="false" c-set-subsequent-allowed="true" date-revised="2013-01-01" status="published"><classification-symbol>G02C7/14</classification-symbol><class-title date-revised="2013-01-01"><title-part><text>Mirrors</text></title-part><title-part><text>Prisms</text></title-part></class-title></classification-item>
<classification-item breakdown-code="false" not-allocatable="false" level="8" additional-only="false" sort-key="G02C7/16" definition-exists="true" ipc-concordant="G02C7/16" c-set-base-allowed="false" c-set-subsequent-allowed="true" date-revised="2013-01-01" status="published"><classification-symbol>G02C7/16</classification-symbol><class-title date-revised="2013-01-01"><title-part><text>Shades</text></title-part><title-part><text>shields</text></title-part><title-part><text>Obturators, e.g. with pinhole, with slot </text><CPC-specific-text><reference><text><class-ref scheme="cpc">G02C5/003</class-ref> takes precedence</text></reference></CPC-specific-text></title-part></class-title>
<classification-item breakdown-code="false" not-allocatable="false" level="9" additional-only="false" sort-key="G02C7/165" definition-exists="true" ipc-concordant="G02C7/16" c-set-base-allowed="false" c-set-subsequent-allowed="true" date-revised="2013-01-01" status="published"><classification-symbol>G02C7/165</classification-symbol><class-title date-revised="2013-01-01"><title-part><CPC-specific-text><text>with stenopaeic apertures</text></CPC-specific-text></title-part></class-title></classification-item></classification-item></classification-item>
<classification-item breakdown-code="false" not-allocatable="false" level="7" additional-only="false" sort-key="G02C9/00" definition-exists="true" ipc-concordant="G02C9/00" c-set-base-allowed="false" c-set-subsequent-allowed="true" date-revised="2016-05-01" status="published"><classification-symbol>G02C9/00</classification-symbol><class-title date-revised="2016-05-01"><title-part><text>Attaching auxiliary optical parts </text><reference><text>auxiliary optical parts <u>per se</u> <class-ref scheme="cpc">G02C7/08</class-ref>&#160;-&#160;<class-ref scheme="cpc">G02C7/16</class-ref></text></reference></title-part></class-title>
<classification-item breakdown-code="false" not-allocatable="false" level="8" additional-only="false" sort-key="G02C9/02" definition-exists="false" ipc-concordant="G02C9/02" c-set-base-allowed="false" c-set-subsequent-allowed="true" date-revised="2013-01-01" status="published"><classification-symbol>G02C9/02</classification-symbol><class-title date-revised="2013-01-01"><title-part><text>by hinging</text></title-part></class-title></classification-item>
<classification-item breakdown-code="false" not-allocatable="false" level="8" additional-only="false" sort-key="G02C9/04" definition-exists="false" ipc-concordant="G02C9/04" c-set-base-allowed="false" c-set-subsequent-allowed="true" date-revised="2013-01-01" status="published"><classification-symbol>G02C9/04</classification-symbol><class-title date-revised="2013-01-01"><title-part><text>by fitting over or clamping on</text></title-part></class-title></classification-item></classification-item>
<classification-item breakdown-code="false" not-allocatable="false" level="7" additional-only="false" sort-key="G02C11/00" definition-exists="true" ipc-concordant="G02C11/00" c-set-base-allowed="false" c-set-subsequent-allowed="true" date-revised="2013-01-01" status="published"><classification-symbol>G02C11/00</classification-symbol><class-title date-revised="2013-01-01"><title-part><text>Non-optical adjuncts</text></title-part><title-part><text>Attachment thereof </text><reference><text><class-ref scheme="cpc">G02C7/16</class-ref> takes precedence</text></reference></title-part></class-title>
<classification-item breakdown-code="false" not-allocatable="false" level="8" additional-only="false" sort-key="G02C11/02" definition-exists="true" ipc-concordant="G02C11/02" c-set-base-allowed="false" c-set-subsequent-allowed="true" date-revised="2013-01-01" status="published"><classification-symbol>G02C11/02</classification-symbol><class-title date-revised="2013-01-01"><title-part><text>Ornaments, e.g. exchangeable</text></title-part></class-title></classification-item>
<classification-item breakdown-code="false" not-allocatable="false" level="8" additional-only="false" sort-key="G02C11/04" definition-exists="true" ipc-concordant="G02C11/04" c-set-base-allowed="false" c-set-subsequent-allowed="true" date-revised="2013-01-01" status="published"><classification-symbol>G02C11/04</classification-symbol><class-title date-revised="2013-01-01"><title-part><text>Illuminating means</text></title-part></class-title></classification-item>
<classification-item breakdown-code="false" not-allocatable="false" level="8" additional-only="false" sort-key="G02C11/06" definition-exists="true" ipc-concordant="G02C11/06" c-set-base-allowed="false" c-set-subsequent-allowed="true" date-revised="2013-01-01" status="published"><classification-symbol>G02C11/06</classification-symbol><class-title date-revised="2013-01-01"><title-part><text>Hearing aids </text><reference><text>construction of hearing aids <class-ref scheme="cpc">H04R25/00</class-ref></text></reference></title-part></class-title></classification-item>
<classification-item breakdown-code="false" not-allocatable="false" level="8" additional-only="false" sort-key="G02C11/08" definition-exists="true" ipc-concordant="G02C11/08" c-set-base-allowed="false" c-set-subsequent-allowed="true" date-revised="2013-01-01" status="published"><classification-symbol>G02C11/08</classification-symbol><class-title date-revised="2013-01-01"><title-part><text>Anti-misting means, e.g. ventilating, heating </text><reference><text><class-ref scheme="cpc">H05B3/84</class-ref> takes precedence</text></reference></title-part><title-part><text>Wipers</text></title-part></class-title></classification-item>
<classification-item breakdown-code="false" not-allocatable="false" level="8" additional-only="false" sort-key="G02C11/10" definition-exists="true" ipc-concordant="G02C11/00" c-set-base-allowed="false" c-set-subsequent-allowed="true" date-revised="2013-01-01" status="published"><classification-symbol>G02C11/10</classification-symbol><class-title date-revised="2013-01-01"><title-part><CPC-specific-text><text>Electronic devices other than hearing aids</text></CPC-specific-text></title-part></class-title></classification-item>
<classification-item breakdown-code="false" not-allocatable="false" level="8" additional-only="false" sort-key="G02C11/12" definition-exists="true" ipc-concordant="G02C11/00" c-set-base-allowed="false" c-set-subsequent-allowed="true" date-revised="2013-01-01" status="published"><classification-symbol>G02C11/12</classification-symbol><class-title date-revised="2013-01-01"><title-part><CPC-specific-text><text>Side shields for protection of the eyes</text></CPC-specific-text></title-part></class-title></classification-item></classification-item>
<classification-item breakdown-code="false" not-allocatable="false" level="7" additional-only="false" sort-key="G02C13/00" definition-exists="true" ipc-concordant="G02C13/00" c-set-base-allowed="false" c-set-subsequent-allowed="true" date-revised="2013-01-01" status="published"><classification-symbol>G02C13/00</classification-symbol><class-title date-revised="2013-01-01"><title-part><text>Assembling </text><reference><text>producing spectacle frames from plastics or from substances in a plastic state <class-ref scheme="cpc">B29D12/02</class-ref></text></reference></title-part><title-part><text>Repairing</text></title-part><title-part><text>Cleaning </text><reference><text>disinfection or sterilisation of contact lenses <class-ref scheme="cpc">A61L12/00</class-ref></text></reference></title-part></class-title>
<classification-item breakdown-code="false" not-allocatable="false" level="8" additional-only="false" sort-key="G02C13/001" definition-exists="true" ipc-concordant="G02C13/00" c-set-base-allowed="false" c-set-subsequent-allowed="true" date-revised="2013-01-01" status="published"><classification-symbol>G02C13/001</classification-symbol><class-title date-revised="2013-01-01"><title-part><CPC-specific-text><text>Assembling; Repairing</text></CPC-specific-text></title-part></class-title></classification-item>
<classification-item breakdown-code="false" not-allocatable="false" level="8" additional-only="false" sort-key="G02C13/003" definition-exists="true" ipc-concordant="G02C13/00" c-set-base-allowed="false" c-set-subsequent-allowed="true" date-revised="2013-01-01" status="published"><classification-symbol>G02C13/003</classification-symbol><class-title date-revised="2013-01-01"><title-part><CPC-specific-text><text>Measuring during assembly or fitting of spectacles</text></CPC-specific-text></title-part></class-title>
<classification-item breakdown-code="false" not-allocatable="false" level="9" additional-only="false" sort-key="G02C13/005" definition-exists="true" ipc-concordant="G02C13/00" c-set-base-allowed="false" c-set-subsequent-allowed="true" date-revised="2013-01-01" status="published"><classification-symbol>G02C13/005</classification-symbol><class-title date-revised="2013-01-01"><title-part><CPC-specific-text><text>Measuring geometric parameters required to locate ophtalmic lenses in spectacles frames </text><reference><text>apparatus for testing or instruments for examining the eyes <u>per se</u> <class-ref scheme="cpc">A61B3/00</class-ref>; machines or devices and accessories for grinding the edges of lenses using spectacles as a template <class-ref scheme="cpc">B24B9/144</class-ref></text></reference></CPC-specific-text></title-part></class-title></classification-item></classification-item>
<classification-item breakdown-code="false" not-allocatable="false" level="8" additional-only="false" sort-key="G02C13/006" definition-exists="false" ipc-concordant="G02C13/00" c-set-base-allowed="false" c-set-subsequent-allowed="true" date-revised="2013-01-01" status="published"><classification-symbol>G02C13/006</classification-symbol><class-title date-revised="2013-01-01"><title-part><CPC-specific-text><text>Devices specially adapted for cleaning spectacles frame or lenses</text></CPC-specific-text></title-part></class-title></classification-item>
<classification-item breakdown-code="false" not-allocatable="false" level="8" additional-only="false" sort-key="G02C13/008" definition-exists="false" ipc-concordant="G02C13/00" c-set-base-allowed="false" c-set-subsequent-allowed="true" date-revised="2013-01-01" status="published"><classification-symbol>G02C13/008</classification-symbol><class-title date-revised="2013-01-01"><title-part><CPC-specific-text><text>Devices specially adapted for cleaning contact lenses</text></CPC-specific-text></title-part></class-title></classification-item></classification-item></classification-item>
<classification-item breakdown-code="false" not-allocatable="true" level="6" additional-only="true" sort-key="G02C200/00" date-revised="2013-01-01" status="published"><classification-symbol>G02C2200/00</classification-symbol>
<classification-item breakdown-code="true" not-allocatable="false" level="7" additional-only="true" sort-key="G02C200/00" definition-exists="true" ipc-concordant="CPCONLY" c-set-base-allowed="false" c-set-subsequent-allowed="true" date-revised="2016-05-01" status="published"><classification-symbol>G02C2200/00</classification-symbol><class-title date-revised="2016-05-01"><title-part><text>Generic mechanical aspects applicable to one or more of the groups <class-ref scheme="cpc">G02C1/00</class-ref>&#160;-&#160;<class-ref scheme="cpc">G02C5/00</class-ref> and <class-ref scheme="cpc">G02C9/00</class-ref>&#160;-&#160;<class-ref scheme="cpc">G02C13/00</class-ref> and their subgroups</text></title-part></class-title>
<classification-item breakdown-code="true" not-allocatable="false" level="8" additional-only="true" sort-key="G02C200/02" definition-exists="true" ipc-concordant="CPCONLY" c-set-base-allowed="false" c-set-subsequent-allowed="true" date-revised="2013-01-01" status="published"><classification-symbol>G02C2200/02</classification-symbol><class-title date-revised="2013-01-01"><title-part><text>Magnetic means</text></title-part></class-title></classification-item>
<classification-item breakdown-code="true" not-allocatable="false" level="8" additional-only="true" sort-key="G02C200/04" definition-exists="true" ipc-concordant="CPCONLY" c-set-base-allowed="false" c-set-subsequent-allowed="true" date-revised="2013-01-01" status="published"><classification-symbol>G02C2200/04</classification-symbol><class-title date-revised="2013-01-01"><title-part><text>Junctions between frame elements having a click function</text></title-part></class-title></classification-item>
<classification-item breakdown-code="true" not-allocatable="false" level="8" additional-only="true" sort-key="G02C200/06" definition-exists="true" ipc-concordant="CPCONLY" c-set-base-allowed="false" c-set-subsequent-allowed="true" date-revised="2013-01-01" status="published"><classification-symbol>G02C2200/06</classification-symbol><class-title date-revised="2013-01-01"><title-part><text>Locking elements</text></title-part></class-title></classification-item>
<classification-item breakdown-code="true" not-allocatable="false" level="8" additional-only="true" sort-key="G02C200/08" definition-exists="true" ipc-concordant="CPCONLY" c-set-base-allowed="false" c-set-subsequent-allowed="true" date-revised="2013-01-01" status="published"><classification-symbol>G02C2200/08</classification-symbol><class-title date-revised="2013-01-01"><title-part><text>Modular frames, easily exchangeable frame parts and lenses</text></title-part></class-title></classification-item>
<classification-item breakdown-code="true" not-allocatable="false" level="8" additional-only="true" sort-key="G02C200/10" definition-exists="true" ipc-concordant="CPCONLY" c-set-base-allowed="false" c-set-subsequent-allowed="true" date-revised="2013-01-01" status="published"><classification-symbol>G02C2200/10</classification-symbol><class-title date-revised="2013-01-01"><title-part><text>Frame or frame portions made from wire</text></title-part></class-title></classification-item>
<classification-item breakdown-code="true" not-allocatable="false" level="8" additional-only="true" sort-key="G02C200/12" definition-exists="true" ipc-concordant="CPCONLY" c-set-base-allowed="false" c-set-subsequent-allowed="true" date-revised="2013-01-01" status="published"><classification-symbol>G02C2200/12</classification-symbol><class-title date-revised="2013-01-01"><title-part><text>Frame or frame portions made from sheet type material</text></title-part></class-title></classification-item>
<classification-item breakdown-code="true" not-allocatable="false" level="8" additional-only="true" sort-key="G02C200/14" definition-exists="true" ipc-concordant="CPCONLY" c-set-base-allowed="false" c-set-subsequent-allowed="true" date-revised="2013-01-01" status="published"><classification-symbol>G02C2200/14</classification-symbol><class-title date-revised="2013-01-01"><title-part><text>Laminated frame or frame portions</text></title-part></class-title></classification-item>
<classification-item breakdown-code="true" not-allocatable="false" level="8" additional-only="true" sort-key="G02C200/16" definition-exists="true" ipc-concordant="CPCONLY" c-set-base-allowed="false" c-set-subsequent-allowed="true" date-revised="2013-01-01" status="published"><classification-symbol>G02C2200/16</classification-symbol><class-title date-revised="2013-01-01"><title-part><text>Frame or frame portions made from rubber</text></title-part></class-title></classification-item>
<classification-item breakdown-code="true" not-allocatable="false" level="8" additional-only="true" sort-key="G02C200/18" definition-exists="true" ipc-concordant="CPCONLY" c-set-base-allowed="false" c-set-subsequent-allowed="true" date-revised="2013-01-01" status="published"><classification-symbol>G02C2200/18</classification-symbol><class-title date-revised="2013-01-01"><title-part><text>Adjustment ridges or notches</text></title-part></class-title></classification-item>
<classification-item breakdown-code="true" not-allocatable="false" level="8" additional-only="true" sort-key="G02C200/20" definition-exists="true" ipc-concordant="CPCONLY" c-set-base-allowed="false" c-set-subsequent-allowed="true" date-revised="2013-01-01" status="published"><classification-symbol>G02C2200/20</classification-symbol><class-title date-revised="2013-01-01"><title-part><text>Friction elements</text></title-part></class-title></classification-item>
<classification-item breakdown-code="true" not-allocatable="false" level="8" additional-only="true" sort-key="G02C200/22" definition-exists="true" ipc-concordant="CPCONLY" c-set-base-allowed="false" c-set-subsequent-allowed="true" date-revised="2013-01-01" status="published"><classification-symbol>G02C2200/22</classification-symbol><class-title date-revised="2013-01-01"><title-part><text>Leaf spring</text></title-part></class-title></classification-item>
<classification-item breakdown-code="true" not-allocatable="false" level="8" additional-only="true" sort-key="G02C200/24" definition-exists="true" ipc-concordant="CPCONLY" c-set-base-allowed="false" c-set-subsequent-allowed="true" date-revised="2013-01-01" status="published"><classification-symbol>G02C2200/24</classification-symbol><class-title date-revised="2013-01-01"><title-part><text>Coil spring pulled upon actuation</text></title-part></class-title></classification-item>
<classification-item breakdown-code="true" not-allocatable="false" level="8" additional-only="true" sort-key="G02C200/26" definition-exists="true" ipc-concordant="CPCONLY" c-set-base-allowed="false" c-set-subsequent-allowed="true" date-revised="2013-01-01" status="published"><classification-symbol>G02C2200/26</classification-symbol><class-title date-revised="2013-01-01"><title-part><text>Coil spring pushed upon actuation</text></title-part></class-title></classification-item>
<classification-item breakdown-code="true" not-allocatable="false" level="8" additional-only="true" sort-key="G02C200/28" definition-exists="true" ipc-concordant="CPCONLY" c-set-base-allowed="false" c-set-subsequent-allowed="true" date-revised="2013-01-01" status="published"><classification-symbol>G02C2200/28</classification-symbol><class-title date-revised="2013-01-01"><title-part><text>Coil spring twisted upon actuation</text></title-part></class-title></classification-item>
<classification-item breakdown-code="true" not-allocatable="false" level="8" additional-only="true" sort-key="G02C200/30" definition-exists="true" ipc-concordant="CPCONLY" c-set-base-allowed="false" c-set-subsequent-allowed="true" date-revised="2013-01-01" status="published"><classification-symbol>G02C2200/30</classification-symbol><class-title date-revised="2013-01-01"><title-part><text>Piston</text></title-part></class-title></classification-item>
<classification-item breakdown-code="true" not-allocatable="false" level="8" additional-only="true" sort-key="G02C200/32" definition-exists="true" ipc-concordant="CPCONLY" c-set-base-allowed="false" c-set-subsequent-allowed="true" date-revised="2013-01-01" status="published"><classification-symbol>G02C2200/32</classification-symbol><class-title date-revised="2013-01-01"><title-part><text>Oblong hole</text></title-part></class-title></classification-item></classification-item>
<classification-item breakdown-code="true" not-allocatable="false" level="7" additional-only="true" sort-key="G02C202/00" definition-exists="true" ipc-concordant="CPCONLY" c-set-base-allowed="false" c-set-subsequent-allowed="true" date-revised="2013-01-01" status="published"><classification-symbol>G02C2202/00</classification-symbol><class-title date-revised="2013-01-01"><title-part><text>Generic optical aspects applicable to one or more of the subgroups of <class-ref scheme="cpc">G02C7/00</class-ref></text></title-part></class-title>
<classification-item breakdown-code="true" not-allocatable="false" level="8" additional-only="true" sort-key="G02C202/02" definition-exists="true" ipc-concordant="CPCONLY" c-set-base-allowed="false" c-set-subsequent-allowed="true" date-revised="2013-01-01" status="published"><classification-symbol>G02C2202/02</classification-symbol><class-title date-revised="2013-01-01"><title-part><text>Mislocation tolerant lenses or lens systems</text></title-part></class-title></classification-item>
<classification-item breakdown-code="true" not-allocatable="false" level="8" additional-only="true" sort-key="G02C202/04" definition-exists="true" ipc-concordant="CPCONLY" c-set-base-allowed="false" c-set-subsequent-allowed="true" date-revised="2013-01-01" status="published"><classification-symbol>G02C2202/04</classification-symbol><class-title date-revised="2013-01-01"><title-part><text>Lenses comprising decentered structures</text></title-part></class-title></classification-item>
<classification-item breakdown-code="true" not-allocatable="false" level="8" additional-only="true" sort-key="G02C202/06" definition-exists="true" ipc-concordant="CPCONLY" c-set-base-allowed="false" c-set-subsequent-allowed="true" date-revised="2013-01-01" status="published"><classification-symbol>G02C2202/06</classification-symbol><class-title date-revised="2013-01-01"><title-part><text>Special ophthalmologic or optometric aspects</text></title-part></class-title></classification-item>
<classification-item breakdown-code="true" not-allocatable="false" level="8" additional-only="true" sort-key="G02C202/08" definition-exists="true" ipc-concordant="CPCONLY" c-set-base-allowed="false" c-set-subsequent-allowed="true" date-revised="2013-01-01" status="published"><classification-symbol>G02C2202/08</classification-symbol><class-title date-revised="2013-01-01"><title-part><text>Series of lenses, lens blanks</text></title-part></class-title></classification-item>
<classification-item breakdown-code="true" not-allocatable="false" level="8" additional-only="true" sort-key="G02C202/10" definition-exists="true" ipc-concordant="CPCONLY" c-set-base-allowed="false" c-set-subsequent-allowed="true" date-revised="2013-01-01" status="published"><classification-symbol>G02C2202/10</classification-symbol><class-title date-revised="2013-01-01"><title-part><text>Optical elements and systems for visual disorders other than refractive errors, low vision</text></title-part></class-title></classification-item>
<classification-item breakdown-code="true" not-allocatable="false" level="8" additional-only="true" sort-key="G02C202/12" definition-exists="true" ipc-concordant="CPCONLY" c-set-base-allowed="false" c-set-subsequent-allowed="true" date-revised="2013-01-01" status="published"><classification-symbol>G02C2202/12</classification-symbol><class-title date-revised="2013-01-01"><title-part><text>Locally varying refractive index, gradient index lenses</text></title-part></class-title></classification-item>
<classification-item breakdown-code="true" not-allocatable="false" level="8" additional-only="true" sort-key="G02C202/14" definition-exists="true" ipc-concordant="CPCONLY" c-set-base-allowed="false" c-set-subsequent-allowed="true" date-revised="2013-01-01" status="published"><classification-symbol>G02C2202/14</classification-symbol><class-title date-revised="2013-01-01"><title-part><text>Photorefractive lens material</text></title-part></class-title></classification-item>
<classification-item breakdown-code="true" not-allocatable="false" level="8" additional-only="true" sort-key="G02C202/16" definition-exists="true" ipc-concordant="CPCONLY" c-set-base-allowed="false" c-set-subsequent-allowed="true" date-revised="2013-01-01" status="published"><classification-symbol>G02C2202/16</classification-symbol><class-title date-revised="2013-01-01"><title-part><text>Laminated or compound lenses</text></title-part></class-title></classification-item>
<classification-item breakdown-code="true" not-allocatable="false" level="8" additional-only="true" sort-key="G02C202/18" definition-exists="true" ipc-concordant="CPCONLY" c-set-base-allowed="false" c-set-subsequent-allowed="true" date-revised="2013-01-01" status="published"><classification-symbol>G02C2202/18</classification-symbol><class-title date-revised="2013-01-01"><title-part><text>Cellular lens surfaces</text></title-part></class-title></classification-item>
<classification-item breakdown-code="true" not-allocatable="false" level="8" additional-only="true" sort-key="G02C202/20" definition-exists="true" ipc-concordant="CPCONLY" c-set-base-allowed="false" c-set-subsequent-allowed="true" date-revised="2013-01-01" status="published"><classification-symbol>G02C2202/20</classification-symbol><class-title date-revised="2013-01-01"><title-part><text>Diffractive and Fresnel lenses or lens portions</text></title-part></class-title></classification-item>
<classification-item breakdown-code="true" not-allocatable="false" level="8" additional-only="true" sort-key="G02C202/22" definition-exists="true" ipc-concordant="CPCONLY" c-set-base-allowed="false" c-set-subsequent-allowed="true" date-revised="2013-01-01" status="published"><classification-symbol>G02C2202/22</classification-symbol><class-title date-revised="2013-01-01"><title-part><text>Correction of higher order and chromatic aberrations, wave front measurement and calculation</text></title-part></class-title></classification-item>
<classification-item breakdown-code="true" not-allocatable="false" level="8" additional-only="true" sort-key="G02C202/24" definition-exists="true" ipc-concordant="CPCONLY" c-set-base-allowed="false" c-set-subsequent-allowed="true" date-revised="2013-01-01" status="published"><classification-symbol>G02C2202/24</classification-symbol><class-title date-revised="2013-01-01"><title-part><text>Myopia progression prevention</text></title-part></class-title></classification-item></classification-item></classification-item></classification-item></class-scheme>