<?xml version="1.0" encoding="UTF-8"?>
<class-scheme publication-date="2021-05-01" scheme-type="cpc" publication-type="official">
<classification-item breakdown-code="false" not-allocatable="true" level="5" additional-only="false" sort-key="G09D" definition-exists="true" date-revised="2020-05-01" status="published"><classification-symbol>G09D</classification-symbol><class-title date-revised="2013-01-01"><title-part><text>RAILWAY OR LIKE TIME OR FARE TABLES</text></title-part><title-part><text>PERPETUAL CALENDARS </text><reference><text>calendar blocks <class-ref scheme="cpc">B42D5/04</class-ref>; clockwork driven <class-ref scheme="cpc">G04B</class-ref>; comprising computing means <class-ref scheme="cpc">G06C</class-ref></text></reference></title-part></class-title><notes-and-warnings><note type="warning"><note-paragraph>In this subclass non-limiting references (in the sense of paragraph 39 of the Guide to the IPC) may still be displayed in the scheme.</note-paragraph></note></notes-and-warnings>
<classification-item breakdown-code="false" not-allocatable="true" level="6" additional-only="false" sort-key="G09D1/00" date-revised="2013-01-01" status="published"><classification-symbol>G09D1/00</classification-symbol>
<classification-item breakdown-code="false" not-allocatable="false" level="7" additional-only="false" sort-key="G09D1/00" definition-exists="true" ipc-concordant="G09D1/00" c-set-base-allowed="false" c-set-subsequent-allowed="true" date-revised="2013-01-01" status="published"><classification-symbol>G09D1/00</classification-symbol><class-title date-revised="2013-01-01"><title-part><text>Railway or like time or fare tables</text></title-part><title-part><text>Indicating or reading aids therefor </text><reference><text>essentially incorporating maps or route diagrams <class-ref scheme="cpc">G09B</class-ref>; railway routing charts <class-ref scheme="cpc">G09B</class-ref>; display devices, e.g. railway indicator boards <class-ref scheme="cpc">G09F</class-ref></text></reference></title-part></class-title></classification-item>
<classification-item breakdown-code="false" not-allocatable="false" level="7" additional-only="false" sort-key="G09D3/00" definition-exists="false" ipc-concordant="G09D3/00" c-set-base-allowed="false" c-set-subsequent-allowed="true" date-revised="2013-01-01" status="published"><classification-symbol>G09D3/00</classification-symbol><class-title date-revised="2013-01-01"><title-part><text>Perpetual calendars</text></title-part></class-title>
<classification-item breakdown-code="false" not-allocatable="false" level="8" additional-only="false" sort-key="G09D3/02" definition-exists="false" ipc-concordant="G09D3/02" c-set-base-allowed="false" c-set-subsequent-allowed="true" date-revised="2013-01-01" status="published"><classification-symbol>G09D3/02</classification-symbol><class-title date-revised="2013-01-01"><title-part><text>with interchangeable members bearing the indicia</text></title-part></class-title></classification-item>
<classification-item breakdown-code="false" not-allocatable="false" level="8" additional-only="false" sort-key="G09D3/04" definition-exists="false" ipc-concordant="G09D3/04" c-set-base-allowed="false" c-set-subsequent-allowed="true" date-revised="2013-01-01" status="published"><classification-symbol>G09D3/04</classification-symbol><class-title date-revised="2013-01-01"><title-part><text>wherein members bearing the indicia are movably mounted in the calendar</text></title-part></class-title>
<classification-item breakdown-code="false" not-allocatable="false" level="9" additional-only="false" sort-key="G09D3/06" definition-exists="false" ipc-concordant="G09D3/06" c-set-base-allowed="false" c-set-subsequent-allowed="true" date-revised="2013-01-01" status="published"><classification-symbol>G09D3/06</classification-symbol><class-title date-revised="2013-01-01"><title-part><text>with rotatable members</text></title-part></class-title>
<classification-item breakdown-code="false" not-allocatable="false" level="10" additional-only="false" sort-key="G09D3/08" definition-exists="false" ipc-concordant="G09D3/08" c-set-base-allowed="false" c-set-subsequent-allowed="true" date-revised="2013-01-01" status="published"><classification-symbol>G09D3/08</classification-symbol><class-title date-revised="2013-01-01"><title-part><text>of disc form</text></title-part></class-title></classification-item></classification-item>
<classification-item breakdown-code="false" not-allocatable="false" level="9" additional-only="false" sort-key="G09D3/10" definition-exists="false" ipc-concordant="G09D3/10" c-set-base-allowed="false" c-set-subsequent-allowed="true" date-revised="2013-01-01" status="published"><classification-symbol>G09D3/10</classification-symbol><class-title date-revised="2013-01-01"><title-part><text>with members in band form</text></title-part></class-title></classification-item></classification-item>
<classification-item breakdown-code="false" not-allocatable="false" level="8" additional-only="false" sort-key="G09D3/12" definition-exists="false" ipc-concordant="G09D3/12" c-set-base-allowed="false" c-set-subsequent-allowed="true" date-revised="2013-01-01" status="published"><classification-symbol>G09D3/12</classification-symbol><class-title date-revised="2013-01-01"><title-part><text>electrically operated</text></title-part></class-title></classification-item></classification-item></classification-item></classification-item></class-scheme>