<?xml version="1.0" encoding="UTF-8"?>
<class-scheme publication-date="2021-05-01" scheme-type="cpc" publication-type="official">
<classification-item breakdown-code="false" not-allocatable="true" level="5" additional-only="false" sort-key="B62H" definition-exists="true" date-revised="2020-02-01" status="published"><classification-symbol>B62H</classification-symbol><class-title date-revised="2013-01-01"><title-part><text>CYCLE STANDS</text></title-part><title-part><text>SUPPORTS OR HOLDERS FOR PARKING OR STORING CYCLES</text></title-part><title-part><text>APPLIANCES PREVENTING OR INDICATING UNAUTHORIZED USE OR THEFT OF CYCLES</text></title-part><title-part><text>LOCKS INTEGRAL WITH CYCLES</text></title-part><title-part><text>DEVICES FOR LEARNING TO RIDE CYCLES</text></title-part></class-title><notes-and-warnings date-revised="2013-01-01"><note type="note"><note-paragraph>In this subclass, the term &quot;cycles&quot; also embraces scooters.</note-paragraph><note-paragraph><CPC-specific-note>&quot;Cycles&quot; includes single or plural wheeled straddle type vehicles having a handlebar, self-balancing vehicles and kid scooters.</CPC-specific-note></note-paragraph></note><note type="warning"><note-paragraph warning-type="ipc-not-used">The following IPC groups are not in the CPC scheme. The subject matter for these IPC groups is classified in the following CPC groups: <table><row><entry><class-ref scheme="ipc">B62H5/16</class-ref></entry><entry> covered by </entry><entry><class-ref scheme="cpc">B62H5/14</class-ref></entry></row></table></note-paragraph><note-paragraph>In this subclass non-limiting references (in the sense of paragraph 39 of the Guide to the IPC) may still be displayed in the scheme.</note-paragraph></note></notes-and-warnings>
<classification-item breakdown-code="false" not-allocatable="true" level="6" additional-only="false" sort-key="B62H1/00" date-revised="2013-01-01" status="published"><classification-symbol>B62H1/00</classification-symbol>
<classification-item breakdown-code="false" not-allocatable="false" level="7" additional-only="false" sort-key="B62H1/00" definition-exists="true" ipc-concordant="B62H1/00" c-set-base-allowed="false" c-set-subsequent-allowed="true" date-revised="2013-01-01" status="published"><classification-symbol>B62H1/00</classification-symbol><class-title date-revised="2013-01-01"><title-part><text>Supports or stands forming part of or attached to cycles</text></title-part></class-title>
<classification-item breakdown-code="false" not-allocatable="false" level="8" additional-only="false" sort-key="B62H1/02" definition-exists="false" ipc-concordant="B62H1/02" c-set-base-allowed="false" c-set-subsequent-allowed="true" date-revised="2013-01-01" status="published"><classification-symbol>B62H1/02</classification-symbol><class-title date-revised="2013-01-01"><title-part><text>Articulated stands, e.g. in the shape of hinged arms </text><reference><text><class-ref scheme="cpc">B62H1/10</class-ref> takes precedence</text></reference></title-part></class-title>
<classification-item breakdown-code="false" not-allocatable="false" level="9" additional-only="false" sort-key="B62H1/04" definition-exists="false" ipc-concordant="B62H1/04" c-set-base-allowed="false" c-set-subsequent-allowed="true" date-revised="2013-01-01" status="published"><classification-symbol>B62H1/04</classification-symbol><class-title date-revised="2013-01-01"><title-part><text>Substantially U-shaped stands for embracing the rear wheel</text></title-part></class-title></classification-item></classification-item>
<classification-item breakdown-code="false" not-allocatable="false" level="8" additional-only="false" sort-key="B62H1/06" definition-exists="false" ipc-concordant="B62H1/06" c-set-base-allowed="false" c-set-subsequent-allowed="true" date-revised="2013-01-01" status="published"><classification-symbol>B62H1/06</classification-symbol><class-title date-revised="2013-01-01"><title-part><text>Extensible stands, e.g. with telescopic parts </text><reference><text><class-ref scheme="cpc">B62H1/10</class-ref> takes precedence</text></reference></title-part></class-title></classification-item>
<classification-item breakdown-code="false" not-allocatable="false" level="8" additional-only="false" sort-key="B62H1/08" definition-exists="false" ipc-concordant="B62H1/08" c-set-base-allowed="false" c-set-subsequent-allowed="true" date-revised="2013-01-01" status="published"><classification-symbol>B62H1/08</classification-symbol><class-title date-revised="2013-01-01"><title-part><text>Pedal supports</text></title-part></class-title></classification-item>
<classification-item breakdown-code="false" not-allocatable="false" level="8" additional-only="false" sort-key="B62H1/10" definition-exists="true" ipc-concordant="B62H1/10" c-set-base-allowed="false" c-set-subsequent-allowed="true" date-revised="2013-01-01" status="published"><classification-symbol>B62H1/10</classification-symbol><class-title date-revised="2013-01-01"><title-part><text>involving means providing for a stabilised ride </text><reference><text>training appliances or apparatus for cycling sport <class-ref scheme="cpc">A63B69/16</class-ref></text></reference></title-part></class-title>
<classification-item breakdown-code="false" not-allocatable="false" level="9" additional-only="false" sort-key="B62H1/12" definition-exists="true" ipc-concordant="B62H1/12" c-set-base-allowed="false" c-set-subsequent-allowed="true" date-revised="2013-01-01" status="published"><classification-symbol>B62H1/12</classification-symbol><class-title date-revised="2013-01-01"><title-part><text>using additional wheels</text></title-part></class-title></classification-item>
<classification-item breakdown-code="false" not-allocatable="false" level="9" additional-only="false" sort-key="B62H1/14" definition-exists="true" ipc-concordant="B62H1/14" c-set-base-allowed="false" c-set-subsequent-allowed="true" date-revised="2013-01-01" status="published"><classification-symbol>B62H1/14</classification-symbol><class-title date-revised="2013-01-01"><title-part><text>using runners for riding on ice or snow </text><reference><text>runners for carrying wheeled vehicles to facilitate travel on ice or snow <class-ref scheme="cpc">B62B19/00</class-ref></text></reference></title-part></class-title></classification-item></classification-item></classification-item>
<classification-item breakdown-code="false" not-allocatable="false" level="7" additional-only="false" sort-key="B62H3/00" definition-exists="true" ipc-concordant="B62H3/00" c-set-base-allowed="false" c-set-subsequent-allowed="true" date-revised="2013-01-01" status="published"><classification-symbol>B62H3/00</classification-symbol><class-title date-revised="2013-01-01"><title-part><text>Separate supports or holders for parking or storing cycles </text><reference><text>cycle supports used during maintenance <class-ref scheme="cpc">B25H</class-ref>; building aspects <class-ref scheme="cpc">E04H</class-ref></text></reference></title-part></class-title>
<classification-item breakdown-code="true" not-allocatable="false" level="8" additional-only="true" sort-key="B62H3/005" definition-exists="false" ipc-concordant="B62H3/00" c-set-base-allowed="false" c-set-subsequent-allowed="true" date-revised="2013-01-01" status="published"><classification-symbol>B62H2003/005</classification-symbol><class-title date-revised="2013-01-01"><title-part><CPC-specific-text><text>Supports or holders associated with means for bike rental</text></CPC-specific-text></title-part></class-title></classification-item>
<classification-item breakdown-code="false" not-allocatable="false" level="8" additional-only="false" sort-key="B62H3/02" definition-exists="false" ipc-concordant="B62H3/02" c-set-base-allowed="false" c-set-subsequent-allowed="true" date-revised="2013-01-01" status="published"><classification-symbol>B62H3/02</classification-symbol><class-title date-revised="2013-01-01"><title-part><text>involving means for gripping the cycle by the handlebars or by the upper part of the frame</text></title-part></class-title></classification-item>
<classification-item breakdown-code="false" not-allocatable="false" level="8" additional-only="false" sort-key="B62H3/04" definition-exists="false" ipc-concordant="B62H3/04" c-set-base-allowed="false" c-set-subsequent-allowed="true" date-revised="2013-01-01" status="published"><classification-symbol>B62H3/04</classification-symbol><class-title date-revised="2013-01-01"><title-part><text>involving forked supports of brackets for holding a wheel </text><reference><text><class-ref scheme="cpc">B62H3/08</class-ref> takes precedence</text></reference></title-part></class-title>
<classification-item breakdown-code="false" not-allocatable="false" level="9" additional-only="false" sort-key="B62H3/06" definition-exists="false" ipc-concordant="B62H3/06" c-set-base-allowed="false" c-set-subsequent-allowed="true" date-revised="2013-01-01" status="published"><classification-symbol>B62H3/06</classification-symbol><class-title date-revised="2013-01-01"><title-part><text>collapsible</text></title-part></class-title></classification-item></classification-item>
<classification-item breakdown-code="false" not-allocatable="false" level="8" additional-only="false" sort-key="B62H3/08" definition-exists="false" ipc-concordant="B62H3/08" c-set-base-allowed="false" c-set-subsequent-allowed="true" date-revised="2013-01-01" status="published"><classification-symbol>B62H3/08</classification-symbol><class-title date-revised="2013-01-01"><title-part><text>involving recesses or channelled rails for embracing the bottom part of a wheel</text></title-part></class-title></classification-item>
<classification-item breakdown-code="false" not-allocatable="false" level="8" additional-only="false" sort-key="B62H3/10" definition-exists="false" ipc-concordant="B62H3/10" c-set-base-allowed="false" c-set-subsequent-allowed="true" date-revised="2013-01-01" status="published"><classification-symbol>B62H3/10</classification-symbol><class-title date-revised="2013-01-01"><title-part><text>involving forked supports or brackets embracing the bottom part of the frame</text></title-part></class-title></classification-item>
<classification-item breakdown-code="false" not-allocatable="false" level="8" additional-only="false" sort-key="B62H3/12" definition-exists="false" ipc-concordant="B62H3/12" c-set-base-allowed="false" c-set-subsequent-allowed="true" date-revised="2013-01-01" status="published"><classification-symbol>B62H3/12</classification-symbol><class-title date-revised="2013-01-01"><title-part><text>Hanging-up devices</text></title-part></class-title></classification-item></classification-item>
<classification-item breakdown-code="false" not-allocatable="false" level="7" additional-only="false" sort-key="B62H5/00" definition-exists="true" ipc-concordant="B62H5/00" c-set-base-allowed="false" c-set-subsequent-allowed="true" date-revised="2017-08-01" status="published"><classification-symbol>B62H5/00</classification-symbol><class-title date-revised="2017-08-01"><title-part><text>Appliances preventing or indicating unauthorised use or theft of cycles</text></title-part><title-part><text>Locks integral with cycles </text><reference><text>fittings for preventing or indicating use or theft of vehicles in general <class-ref scheme="cpc">B60R</class-ref>; general features of locks <class-ref scheme="cpc">E05B</class-ref></text></reference></title-part></class-title>
<classification-item breakdown-code="false" not-allocatable="false" level="8" additional-only="false" sort-key="B62H5/001" definition-exists="true" ipc-concordant="B62H5/00" c-set-base-allowed="false" c-set-subsequent-allowed="true" date-revised="2013-01-01" status="published"><classification-symbol>B62H5/001</classification-symbol><class-title date-revised="2013-01-01"><title-part><CPC-specific-text><text>Preventing theft of parts or accessories used on cycles, e.g. lamp, dynamo </text><reference><text><class-ref scheme="cpc">B62H5/006</class-ref> takes precedence; devices for attaching pumps to cycles <class-ref scheme="cpc">B62J11/02</class-ref></text></reference></CPC-specific-text></title-part></class-title></classification-item>
<classification-item breakdown-code="false" not-allocatable="false" level="8" additional-only="false" sort-key="B62H5/003" definition-exists="true" ipc-concordant="B62H5/00" c-set-base-allowed="false" c-set-subsequent-allowed="true" date-revised="2013-01-01" status="published"><classification-symbol>B62H5/003</classification-symbol><class-title date-revised="2013-01-01"><title-part><CPC-specific-text><text>using chains or cables </text><reference><text>chain or cable locks <u>per se</u> <class-ref scheme="cpc">E05B67/003</class-ref>; with alarm <class-ref scheme="cpc">E05B45/005</class-ref></text></reference></CPC-specific-text></title-part></class-title></classification-item>
<classification-item breakdown-code="false" not-allocatable="false" level="8" additional-only="false" sort-key="B62H5/005" definition-exists="false" ipc-concordant="B62H5/00" c-set-base-allowed="false" c-set-subsequent-allowed="true" date-revised="2013-01-01" status="published"><classification-symbol>B62H5/005</classification-symbol><class-title date-revised="2013-01-01"><title-part><CPC-specific-text><text>acting on the stand</text></CPC-specific-text></title-part></class-title></classification-item>
<classification-item breakdown-code="false" not-allocatable="false" level="8" additional-only="false" sort-key="B62H5/006" definition-exists="false" ipc-concordant="B62H5/00" c-set-base-allowed="false" c-set-subsequent-allowed="true" date-revised="2013-01-01" status="published"><classification-symbol>B62H5/006</classification-symbol><class-title date-revised="2013-01-01"><title-part><CPC-specific-text><text>acting on the saddle</text></CPC-specific-text></title-part></class-title></classification-item>
<classification-item breakdown-code="true" not-allocatable="false" level="8" additional-only="true" sort-key="B62H5/008" definition-exists="false" ipc-concordant="B62H5/00" c-set-base-allowed="false" c-set-subsequent-allowed="true" date-revised="2013-01-01" status="published"><classification-symbol>B62H2005/008</classification-symbol><class-title date-revised="2013-01-01"><title-part><CPC-specific-text><text>Arrangements or adaptations for supporting U-locks on cycles</text></CPC-specific-text></title-part></class-title></classification-item>
<classification-item breakdown-code="false" not-allocatable="false" level="8" additional-only="false" sort-key="B62H5/02" definition-exists="false" ipc-concordant="B62H5/02" c-set-base-allowed="false" c-set-subsequent-allowed="true" date-revised="2013-01-01" status="published"><classification-symbol>B62H5/02</classification-symbol><class-title date-revised="2013-01-01"><title-part><text>for locking the steering mechanism</text></title-part></class-title>
<classification-item breakdown-code="false" not-allocatable="false" level="9" additional-only="false" sort-key="B62H5/04" definition-exists="false" ipc-concordant="B62H5/04" c-set-base-allowed="false" c-set-subsequent-allowed="true" date-revised="2013-01-01" status="published"><classification-symbol>B62H5/04</classification-symbol><class-title date-revised="2013-01-01"><title-part><text>acting on the handlebars or equivalent</text></title-part></class-title></classification-item>
<classification-item breakdown-code="false" not-allocatable="false" level="9" additional-only="false" sort-key="B62H5/06" definition-exists="false" ipc-concordant="B62H5/06" c-set-base-allowed="false" c-set-subsequent-allowed="true" date-revised="2013-01-01" status="published"><classification-symbol>B62H5/06</classification-symbol><class-title date-revised="2013-01-01"><title-part><text>acting on the front wheel fork or steering head tube</text></title-part></class-title></classification-item></classification-item>
<classification-item breakdown-code="false" not-allocatable="false" level="8" additional-only="false" sort-key="B62H5/08" definition-exists="true" ipc-concordant="B62H5/08" c-set-base-allowed="false" c-set-subsequent-allowed="true" date-revised="2013-01-01" status="published"><classification-symbol>B62H5/08</classification-symbol><class-title date-revised="2013-01-01"><title-part><text>preventing the drive </text><reference><text>by acting on powered drive <class-ref scheme="cpc">B62M</class-ref></text></reference></title-part></class-title>
<classification-item breakdown-code="false" not-allocatable="false" level="9" additional-only="false" sort-key="B62H5/10" definition-exists="false" ipc-concordant="B62H5/10" c-set-base-allowed="false" c-set-subsequent-allowed="true" date-revised="2013-01-01" status="published"><classification-symbol>B62H5/10</classification-symbol><class-title date-revised="2013-01-01"><title-part><text>acting on a pedal crank</text></title-part></class-title></classification-item>
<classification-item breakdown-code="false" not-allocatable="false" level="9" additional-only="false" sort-key="B62H5/12" definition-exists="false" ipc-concordant="B62H5/12" c-set-base-allowed="false" c-set-subsequent-allowed="true" date-revised="2013-01-01" status="published"><classification-symbol>B62H5/12</classification-symbol><class-title date-revised="2013-01-01"><title-part><text>acting on the chain wheel or the chain</text></title-part></class-title></classification-item></classification-item>
<classification-item breakdown-code="false" not-allocatable="false" level="8" additional-only="false" sort-key="B62H5/14" definition-exists="false" ipc-concordant="B62H5/14" c-set-base-allowed="false" c-set-subsequent-allowed="true" date-revised="2013-01-01" status="published"><classification-symbol>B62H5/14</classification-symbol><class-title date-revised="2013-01-01"><title-part><text>preventing wheel rotation </text><CPC-specific-text><reference><text><class-ref scheme="cpc">B62H5/003</class-ref> takes precedence</text></reference></CPC-specific-text></title-part></class-title>
<classification-item breakdown-code="false" not-allocatable="false" level="9" additional-only="false" sort-key="B62H5/141" definition-exists="true" ipc-concordant="B62H5/14" c-set-base-allowed="false" c-set-subsequent-allowed="true" date-revised="2013-01-01" status="published"><classification-symbol>B62H5/141</classification-symbol><class-title date-revised="2013-01-01"><title-part><CPC-specific-text><text>by means of sliding bolts </text><reference><text>removable <class-ref scheme="cpc">B62H5/145</class-ref></text></reference></CPC-specific-text></title-part></class-title></classification-item>
<classification-item breakdown-code="false" not-allocatable="false" level="9" additional-only="false" sort-key="B62H5/142" definition-exists="false" ipc-concordant="B62H5/14" c-set-base-allowed="false" c-set-subsequent-allowed="true" date-revised="2013-01-01" status="published"><classification-symbol>B62H5/142</classification-symbol><class-title date-revised="2013-01-01"><title-part><CPC-specific-text><text>by means of pivoting, or pivoting and sliding bolts</text></CPC-specific-text></title-part></class-title>
<classification-item breakdown-code="false" not-allocatable="false" level="10" additional-only="false" sort-key="B62H5/144" definition-exists="true" ipc-concordant="B62H5/14" c-set-base-allowed="false" c-set-subsequent-allowed="true" date-revised="2013-01-01" status="published"><classification-symbol>B62H5/144</classification-symbol><class-title date-revised="2013-01-01"><title-part><CPC-specific-text><text>pincer-like </text><reference><text>pincer-like padlocks <class-ref scheme="cpc">E05B67/32</class-ref></text></reference></CPC-specific-text></title-part></class-title></classification-item></classification-item>
<classification-item breakdown-code="false" not-allocatable="false" level="9" additional-only="false" sort-key="B62H5/145" definition-exists="false" ipc-concordant="B62H5/14" c-set-base-allowed="false" c-set-subsequent-allowed="true" date-revised="2013-01-01" status="published"><classification-symbol>B62H5/145</classification-symbol><class-title date-revised="2013-01-01"><title-part><CPC-specific-text><text>by means of removable bolts</text></CPC-specific-text></title-part></class-title></classification-item>
<classification-item breakdown-code="false" not-allocatable="false" level="9" additional-only="false" sort-key="B62H5/147" definition-exists="true" ipc-concordant="B62H5/14" c-set-base-allowed="false" c-set-subsequent-allowed="true" date-revised="2013-01-01" status="published"><classification-symbol>B62H5/147</classification-symbol><class-title date-revised="2013-01-01"><title-part><CPC-specific-text><text>by means of circular bolts </text><reference><text>padlocks <class-ref scheme="cpc">E05B67/28</class-ref></text></reference></CPC-specific-text></title-part></class-title></classification-item>
<classification-item breakdown-code="false" not-allocatable="false" level="9" additional-only="false" sort-key="B62H5/148" definition-exists="false" ipc-concordant="B62H5/14" c-set-base-allowed="false" c-set-subsequent-allowed="true" date-revised="2013-01-01" status="published"><classification-symbol>B62H5/148</classification-symbol><class-title date-revised="2013-01-01"><title-part><CPC-specific-text><text>acting on the hub</text></CPC-specific-text></title-part></class-title></classification-item>
<classification-item breakdown-code="false" not-allocatable="false" level="9" additional-only="false" sort-key="B62H5/18" definition-exists="true" ipc-concordant="B62H5/18" c-set-base-allowed="false" c-set-subsequent-allowed="true" date-revised="2013-01-01" status="published"><classification-symbol>B62H5/18</classification-symbol><class-title date-revised="2013-01-01"><title-part><text>acting on a braking device </text><reference><text>locking cycle brake actuating mechanisms <class-ref scheme="cpc">B62L3/06</class-ref></text></reference></title-part></class-title></classification-item></classification-item>
<classification-item breakdown-code="false" not-allocatable="false" level="8" additional-only="false" sort-key="B62H5/20" definition-exists="true" ipc-concordant="B62H5/20" c-set-base-allowed="false" c-set-subsequent-allowed="true" date-revised="2017-08-01" status="published"><classification-symbol>B62H5/20</classification-symbol><class-title date-revised="2017-08-01"><title-part><text>indicating unauthorised use, e.g. acting on signalling devices </text><CPC-specific-text><reference><text>alarm locks in general <class-ref scheme="cpc">E05B45/00</class-ref>, e.g. alarm cable or chain lock <class-ref scheme="cpc">E05B45/005</class-ref></text></reference></CPC-specific-text></title-part></class-title></classification-item></classification-item>
<classification-item breakdown-code="false" not-allocatable="false" level="7" additional-only="false" sort-key="B62H7/00" definition-exists="false" ipc-concordant="B62H7/00" c-set-base-allowed="false" c-set-subsequent-allowed="true" date-revised="2013-01-01" status="published"><classification-symbol>B62H7/00</classification-symbol><class-title date-revised="2013-01-01"><title-part><text>Devices for learning to ride cycles, not otherwise provided for, e.g. assisting balance</text></title-part></class-title></classification-item></classification-item>
<classification-item breakdown-code="false" not-allocatable="true" level="6" additional-only="true" sort-key="B62H700/00" date-revised="2013-01-01" status="published"><classification-symbol>B62H2700/00</classification-symbol>
<classification-item breakdown-code="true" not-allocatable="false" level="7" additional-only="true" sort-key="B62H700/00" definition-exists="false" ipc-concordant="CPCONLY" c-set-base-allowed="false" c-set-subsequent-allowed="true" date-revised="2013-01-01" status="published"><classification-symbol>B62H2700/00</classification-symbol><class-title date-revised="2013-01-01"><title-part><text>Supports or stands for two-wheel vehicles</text></title-part></class-title>
<classification-item breakdown-code="true" not-allocatable="false" level="8" additional-only="true" sort-key="B62H700/005" definition-exists="false" ipc-concordant="CPCONLY" c-set-base-allowed="false" c-set-subsequent-allowed="true" date-revised="2013-01-01" status="published"><classification-symbol>B62H2700/005</classification-symbol><class-title date-revised="2013-01-01"><title-part><text>Stands or support attached to bicycle pedals, stands or supports in combination with locking devices, stands to be used as luggage carrier</text></title-part></class-title></classification-item></classification-item></classification-item></classification-item></class-scheme>