<?xml version="1.0" encoding="UTF-8"?>
<class-scheme publication-date="2021-05-01" scheme-type="cpc" publication-type="official">
<classification-item breakdown-code="false" not-allocatable="true" level="5" additional-only="false" sort-key="G08C" definition-exists="true" date-revised="2020-05-01" status="published"><classification-symbol>G08C</classification-symbol><class-title date-revised="2020-05-01"><title-part><text>TRANSMISSION SYSTEMS FOR MEASURED VALUES, CONTROL OR SIMILAR SIGNALS </text><reference><text>fluid pressure transmitting systems <class-ref scheme="cpc">F15B</class-ref>; mechanical means for transferring the output of a sensing member into a different variable <class-ref scheme="cpc">G01D5/00</class-ref>; mechanical control system <class-ref scheme="cpc">G05G</class-ref></text></reference></title-part></class-title>
<classification-item breakdown-code="false" not-allocatable="true" level="6" additional-only="false" sort-key="G08C13/00" date-revised="2013-01-01" status="published"><classification-symbol>G08C13/00</classification-symbol>
<classification-item breakdown-code="false" not-allocatable="false" level="7" additional-only="false" sort-key="G08C13/00" definition-exists="true" ipc-concordant="G08C13/00" c-set-base-allowed="false" c-set-subsequent-allowed="true" date-revised="2020-05-01" status="published"><classification-symbol>G08C13/00</classification-symbol><class-title date-revised="2020-05-01"><title-part><text>Arrangements for influencing the relationship between signals at input and output, e.g. differentiating, delaying</text></title-part></class-title>
<classification-item breakdown-code="false" not-allocatable="false" level="8" additional-only="false" sort-key="G08C13/02" definition-exists="false" ipc-concordant="G08C13/02" c-set-base-allowed="false" c-set-subsequent-allowed="true" date-revised="2013-01-01" status="published"><classification-symbol>G08C13/02</classification-symbol><class-title date-revised="2013-01-01"><title-part><text>to yield a signal which is a function of two or more signals, e.g. sum, product</text></title-part></class-title></classification-item></classification-item>
<classification-item breakdown-code="false" not-allocatable="false" level="7" additional-only="false" sort-key="G08C15/00" definition-exists="true" ipc-concordant="G08C15/00" c-set-base-allowed="false" c-set-subsequent-allowed="true" date-revised="2020-05-01" status="published"><classification-symbol>G08C15/00</classification-symbol><class-title date-revised="2020-05-01"><title-part><text>Arrangements characterised by the use of multiplexing for the transmission of a plurality of signals over a common path</text></title-part></class-title>
<classification-item breakdown-code="false" not-allocatable="false" level="8" additional-only="false" sort-key="G08C15/02" definition-exists="false" ipc-concordant="G08C15/02" c-set-base-allowed="false" c-set-subsequent-allowed="true" date-revised="2013-01-01" status="published"><classification-symbol>G08C15/02</classification-symbol><class-title date-revised="2013-01-01"><title-part><text>simultaneously, i.e. using frequency division</text></title-part></class-title>
<classification-item breakdown-code="false" not-allocatable="false" level="9" additional-only="false" sort-key="G08C15/04" definition-exists="false" ipc-concordant="G08C15/04" c-set-base-allowed="false" c-set-subsequent-allowed="true" date-revised="2013-01-01" status="published"><classification-symbol>G08C15/04</classification-symbol><class-title date-revised="2013-01-01"><title-part><text>the signals being modulated on carrier frequencies</text></title-part></class-title></classification-item></classification-item>
<classification-item breakdown-code="false" not-allocatable="false" level="8" additional-only="false" sort-key="G08C15/06" definition-exists="false" ipc-concordant="G08C15/06" c-set-base-allowed="false" c-set-subsequent-allowed="true" date-revised="2013-01-01" status="published"><classification-symbol>G08C15/06</classification-symbol><class-title date-revised="2013-01-01"><title-part><text>successively, i.e. using time division</text></title-part></class-title>
<classification-item breakdown-code="false" not-allocatable="false" level="9" additional-only="false" sort-key="G08C15/08" definition-exists="false" ipc-concordant="G08C15/08" c-set-base-allowed="false" c-set-subsequent-allowed="true" date-revised="2013-01-01" status="published"><classification-symbol>G08C15/08</classification-symbol><class-title date-revised="2013-01-01"><title-part><text>the signals being represented by amplitude of current or voltage in transmission link</text></title-part></class-title></classification-item>
<classification-item breakdown-code="false" not-allocatable="false" level="9" additional-only="false" sort-key="G08C15/10" definition-exists="false" ipc-concordant="G08C15/10" c-set-base-allowed="false" c-set-subsequent-allowed="true" date-revised="2013-01-01" status="published"><classification-symbol>G08C15/10</classification-symbol><class-title date-revised="2013-01-01"><title-part><text>the signals being represented by frequencies or phase of current or voltage in transmission link</text></title-part></class-title></classification-item>
<classification-item breakdown-code="false" not-allocatable="false" level="9" additional-only="false" sort-key="G08C15/12" definition-exists="false" ipc-concordant="G08C15/12" c-set-base-allowed="false" c-set-subsequent-allowed="true" date-revised="2013-01-01" status="published"><classification-symbol>G08C15/12</classification-symbol><class-title date-revised="2013-01-01"><title-part><text>the signals being represented by pulse characteristics in transmission link</text></title-part></class-title></classification-item></classification-item></classification-item>
<classification-item breakdown-code="false" not-allocatable="false" level="7" additional-only="false" sort-key="G08C17/00" definition-exists="true" ipc-concordant="G08C17/00" c-set-base-allowed="false" c-set-subsequent-allowed="true" date-revised="2013-01-01" status="published"><classification-symbol>G08C17/00</classification-symbol><class-title date-revised="2013-01-01"><title-part><text>Arrangements for transmitting signals characterised by the use of a wireless electrical link</text></title-part></class-title>
<classification-item breakdown-code="false" not-allocatable="false" level="8" additional-only="false" sort-key="G08C17/02" definition-exists="false" ipc-concordant="G08C17/02" c-set-base-allowed="false" c-set-subsequent-allowed="true" date-revised="2013-01-01" status="published"><classification-symbol>G08C17/02</classification-symbol><class-title date-revised="2013-01-01"><title-part><text>using a radio link</text></title-part></class-title></classification-item>
<classification-item breakdown-code="false" not-allocatable="false" level="8" additional-only="false" sort-key="G08C17/04" definition-exists="false" ipc-concordant="G08C17/04" c-set-base-allowed="false" c-set-subsequent-allowed="true" date-revised="2013-01-01" status="published"><classification-symbol>G08C17/04</classification-symbol><class-title date-revised="2013-01-01"><title-part><text>using magnetically coupled devices</text></title-part></class-title></classification-item>
<classification-item breakdown-code="false" not-allocatable="false" level="8" additional-only="false" sort-key="G08C17/06" definition-exists="false" ipc-concordant="G08C17/06" c-set-base-allowed="false" c-set-subsequent-allowed="true" date-revised="2013-01-01" status="published"><classification-symbol>G08C17/06</classification-symbol><class-title date-revised="2013-01-01"><title-part><text>using capacity coupling</text></title-part></class-title></classification-item></classification-item>
<classification-item breakdown-code="false" not-allocatable="false" level="7" additional-only="false" sort-key="G08C19/00" definition-exists="true" ipc-concordant="G08C19/00" c-set-base-allowed="false" c-set-subsequent-allowed="true" date-revised="2013-01-01" status="published"><classification-symbol>G08C19/00</classification-symbol><class-title date-revised="2013-01-01"><title-part><text>Electric signal transmission systems </text><reference><text><class-ref scheme="cpc">G08C17/00</class-ref> takes precedence</text></reference></title-part></class-title>
<classification-item breakdown-code="false" not-allocatable="false" level="8" additional-only="false" sort-key="G08C19/02" definition-exists="false" ipc-concordant="G08C19/02" c-set-base-allowed="false" c-set-subsequent-allowed="true" date-revised="2013-01-01" status="published"><classification-symbol>G08C19/02</classification-symbol><class-title date-revised="2013-01-01"><title-part><text>in which the signal transmitted is magnitude of current or voltage </text><reference><text><class-ref scheme="cpc">G08C19/36</class-ref>, <class-ref scheme="cpc">G08C19/38</class-ref> take precedence</text></reference></title-part></class-title>
<classification-item breakdown-code="false" not-allocatable="false" level="9" additional-only="false" sort-key="G08C19/025" definition-exists="false" ipc-concordant="G08C19/02" c-set-base-allowed="false" c-set-subsequent-allowed="true" date-revised="2013-01-01" status="published"><classification-symbol>G08C19/025</classification-symbol><class-title date-revised="2013-01-01"><title-part><CPC-specific-text><text>using fixed values of magnitude of current or voltage</text></CPC-specific-text></title-part></class-title></classification-item>
<classification-item breakdown-code="false" not-allocatable="false" level="9" additional-only="false" sort-key="G08C19/04" definition-exists="false" ipc-concordant="G08C19/04" c-set-base-allowed="false" c-set-subsequent-allowed="true" date-revised="2013-01-01" status="published"><classification-symbol>G08C19/04</classification-symbol><class-title date-revised="2013-01-01"><title-part><text>using variable resistance</text></title-part></class-title></classification-item>
<classification-item breakdown-code="false" not-allocatable="false" level="9" additional-only="false" sort-key="G08C19/06" definition-exists="false" ipc-concordant="G08C19/06" c-set-base-allowed="false" c-set-subsequent-allowed="true" date-revised="2013-01-01" status="published"><classification-symbol>G08C19/06</classification-symbol><class-title date-revised="2013-01-01"><title-part><text>using variable inductance</text></title-part></class-title>
<classification-item breakdown-code="false" not-allocatable="false" level="10" additional-only="false" sort-key="G08C19/08" definition-exists="false" ipc-concordant="G08C19/08" c-set-base-allowed="false" c-set-subsequent-allowed="true" date-revised="2013-01-01" status="published"><classification-symbol>G08C19/08</classification-symbol><class-title date-revised="2013-01-01"><title-part><text>differentially influencing two coils</text></title-part></class-title></classification-item></classification-item>
<classification-item breakdown-code="false" not-allocatable="false" level="9" additional-only="false" sort-key="G08C19/10" definition-exists="false" ipc-concordant="G08C19/10" c-set-base-allowed="false" c-set-subsequent-allowed="true" date-revised="2013-01-01" status="published"><classification-symbol>G08C19/10</classification-symbol><class-title date-revised="2013-01-01"><title-part><text>using variable capacitance</text></title-part></class-title></classification-item></classification-item>
<classification-item breakdown-code="false" not-allocatable="false" level="8" additional-only="false" sort-key="G08C19/12" definition-exists="false" ipc-concordant="G08C19/12" c-set-base-allowed="false" c-set-subsequent-allowed="true" date-revised="2013-01-01" status="published"><classification-symbol>G08C19/12</classification-symbol><class-title date-revised="2013-01-01"><title-part><text>in which the signal transmitted is frequency or phase of ac</text></title-part></class-title>
<classification-item breakdown-code="false" not-allocatable="false" level="9" additional-only="false" sort-key="G08C19/14" definition-exists="false" ipc-concordant="G08C19/14" c-set-base-allowed="false" c-set-subsequent-allowed="true" date-revised="2013-01-01" status="published"><classification-symbol>G08C19/14</classification-symbol><class-title date-revised="2013-01-01"><title-part><text>using combination of fixed frequencies</text></title-part></class-title></classification-item></classification-item>
<classification-item breakdown-code="false" not-allocatable="false" level="8" additional-only="false" sort-key="G08C19/16" definition-exists="false" ipc-concordant="G08C19/16" c-set-base-allowed="false" c-set-subsequent-allowed="true" date-revised="2013-01-01" status="published"><classification-symbol>G08C19/16</classification-symbol><class-title date-revised="2013-01-01"><title-part><text>in which transmission is by pulses</text></title-part></class-title>
<classification-item breakdown-code="false" not-allocatable="false" level="9" additional-only="false" sort-key="G08C19/18" definition-exists="false" ipc-concordant="G08C19/18" c-set-base-allowed="false" c-set-subsequent-allowed="true" date-revised="2013-01-01" status="published"><classification-symbol>G08C19/18</classification-symbol><class-title date-revised="2013-01-01"><title-part><text>using a variable number of pulses in a train</text></title-part></class-title>
<classification-item breakdown-code="false" not-allocatable="false" level="10" additional-only="false" sort-key="G08C19/20" definition-exists="false" ipc-concordant="G08C19/20" c-set-base-allowed="false" c-set-subsequent-allowed="true" date-revised="2013-01-01" status="published"><classification-symbol>G08C19/20</classification-symbol><class-title date-revised="2013-01-01"><title-part><text>operating on dynamo-electric devices, e.g. step motor</text></title-part></class-title></classification-item></classification-item>
<classification-item breakdown-code="false" not-allocatable="false" level="9" additional-only="false" sort-key="G08C19/22" definition-exists="false" ipc-concordant="G08C19/22" c-set-base-allowed="false" c-set-subsequent-allowed="true" date-revised="2013-01-01" status="published"><classification-symbol>G08C19/22</classification-symbol><class-title date-revised="2013-01-01"><title-part><text>by varying the duration of individual pulses</text></title-part></class-title></classification-item>
<classification-item breakdown-code="false" not-allocatable="false" level="9" additional-only="false" sort-key="G08C19/24" definition-exists="false" ipc-concordant="G08C19/24" c-set-base-allowed="false" c-set-subsequent-allowed="true" date-revised="2013-01-01" status="published"><classification-symbol>G08C19/24</classification-symbol><class-title date-revised="2013-01-01"><title-part><text>using time shift of pulses</text></title-part></class-title></classification-item>
<classification-item breakdown-code="false" not-allocatable="false" level="9" additional-only="false" sort-key="G08C19/26" definition-exists="false" ipc-concordant="G08C19/26" c-set-base-allowed="false" c-set-subsequent-allowed="true" date-revised="2013-01-01" status="published"><classification-symbol>G08C19/26</classification-symbol><class-title date-revised="2013-01-01"><title-part><text>by varying pulse repetition frequency</text></title-part></class-title></classification-item>
<classification-item breakdown-code="false" not-allocatable="false" level="9" additional-only="false" sort-key="G08C19/28" definition-exists="true" ipc-concordant="G08C19/28" c-set-base-allowed="false" c-set-subsequent-allowed="true" date-revised="2013-01-01" status="published"><classification-symbol>G08C19/28</classification-symbol><class-title date-revised="2013-01-01"><title-part><text>using pulse code</text></title-part></class-title></classification-item></classification-item>
<classification-item breakdown-code="false" not-allocatable="false" level="8" additional-only="false" sort-key="G08C19/30" definition-exists="false" ipc-concordant="G08C19/30" c-set-base-allowed="false" c-set-subsequent-allowed="true" date-revised="2013-01-01" status="published"><classification-symbol>G08C19/30</classification-symbol><class-title date-revised="2013-01-01"><title-part><text>in which transmission is by selection of one or more conductors or channels from a plurality of conductors or channels </text><reference><text><class-ref scheme="cpc">G08C19/38</class-ref> takes precedence</text></reference></title-part></class-title>
<classification-item breakdown-code="false" not-allocatable="false" level="9" additional-only="false" sort-key="G08C19/32" definition-exists="false" ipc-concordant="G08C19/32" c-set-base-allowed="false" c-set-subsequent-allowed="true" date-revised="2013-01-01" status="published"><classification-symbol>G08C19/32</classification-symbol><class-title date-revised="2013-01-01"><title-part><text>of one conductor or channel</text></title-part></class-title></classification-item>
<classification-item breakdown-code="false" not-allocatable="false" level="9" additional-only="false" sort-key="G08C19/34" definition-exists="false" ipc-concordant="G08C19/34" c-set-base-allowed="false" c-set-subsequent-allowed="true" date-revised="2013-01-01" status="published"><classification-symbol>G08C19/34</classification-symbol><class-title date-revised="2013-01-01"><title-part><text>of a combination of conductors or channels</text></title-part></class-title></classification-item></classification-item>
<classification-item breakdown-code="false" not-allocatable="false" level="8" additional-only="false" sort-key="G08C19/36" definition-exists="true" ipc-concordant="G08C19/36" c-set-base-allowed="false" c-set-subsequent-allowed="true" date-revised="2020-05-01" status="published"><classification-symbol>G08C19/36</classification-symbol><class-title date-revised="2020-05-01"><title-part><text>using optical means to covert the input signal </text><CPC-specific-text><reference><text>characterised by optical transfer means <class-ref scheme="cpc">G01D5/26</class-ref>; optical analogue digital converters <class-ref scheme="cpc">G02F7/00</class-ref></text></reference></CPC-specific-text></title-part></class-title></classification-item>
<classification-item breakdown-code="false" not-allocatable="false" level="8" additional-only="false" sort-key="G08C19/38" definition-exists="true" ipc-concordant="G08C19/38" c-set-base-allowed="false" c-set-subsequent-allowed="true" date-revised="2020-05-01" status="published"><classification-symbol>G08C19/38</classification-symbol><class-title date-revised="2020-05-01"><title-part><text>using dynamo-electric devices </text><reference><text>operated by pulses <class-ref scheme="cpc">G08C19/20</class-ref></text></reference></title-part></class-title>
<classification-item breakdown-code="false" not-allocatable="false" level="9" additional-only="false" sort-key="G08C19/40" definition-exists="false" ipc-concordant="G08C19/40" c-set-base-allowed="false" c-set-subsequent-allowed="true" date-revised="2013-01-01" status="published"><classification-symbol>G08C19/40</classification-symbol><class-title date-revised="2013-01-01"><title-part><text>of which only the rotor or the stator carries a winding to which a signal is applied, e.g. using step motor</text></title-part></class-title>
<classification-item breakdown-code="false" not-allocatable="false" level="10" additional-only="false" sort-key="G08C19/42" definition-exists="false" ipc-concordant="G08C19/42" c-set-base-allowed="false" c-set-subsequent-allowed="true" date-revised="2013-01-01" status="published"><classification-symbol>G08C19/42</classification-symbol><class-title date-revised="2013-01-01"><title-part><text>having three stator poles</text></title-part></class-title></classification-item>
<classification-item breakdown-code="false" not-allocatable="false" level="10" additional-only="false" sort-key="G08C19/44" definition-exists="false" ipc-concordant="G08C19/44" c-set-base-allowed="false" c-set-subsequent-allowed="true" date-revised="2013-01-01" status="published"><classification-symbol>G08C19/44</classification-symbol><class-title date-revised="2013-01-01"><title-part><text>having more than three stator poles</text></title-part></class-title></classification-item></classification-item>
<classification-item breakdown-code="false" not-allocatable="false" level="9" additional-only="false" sort-key="G08C19/46" definition-exists="false" ipc-concordant="G08C19/46" c-set-base-allowed="false" c-set-subsequent-allowed="true" date-revised="2013-01-01" status="published"><classification-symbol>G08C19/46</classification-symbol><class-title date-revised="2013-01-01"><title-part><text>of which both rotor and stator carry windings </text><reference><text>having squirrel-cage rotor <class-ref scheme="cpc">G08C19/40</class-ref></text></reference></title-part></class-title>
<classification-item breakdown-code="false" not-allocatable="false" level="10" additional-only="false" sort-key="G08C19/48" definition-exists="false" ipc-concordant="G08C19/48" c-set-base-allowed="false" c-set-subsequent-allowed="true" date-revised="2013-01-01" status="published"><classification-symbol>G08C19/48</classification-symbol><class-title date-revised="2013-01-01"><title-part><text>being the type with a three-phase stator and a rotor fed by constant-frequency ac, e.g. selsyn, magslip</text></title-part></class-title></classification-item></classification-item></classification-item></classification-item>
<classification-item breakdown-code="false" not-allocatable="false" level="7" additional-only="false" sort-key="G08C21/00" definition-exists="true" ipc-concordant="G08C21/00" c-set-base-allowed="false" c-set-subsequent-allowed="true" date-revised="2020-05-01" status="published"><classification-symbol>G08C21/00</classification-symbol><class-title date-revised="2020-05-01"><title-part><text>Systems for transmitting the position of an object with respect to a predetermined reference system, e.g. tele-autographic system</text></title-part></class-title></classification-item>
<classification-item breakdown-code="false" not-allocatable="false" level="7" additional-only="false" sort-key="G08C23/00" definition-exists="true" ipc-concordant="G08C23/00" c-set-base-allowed="false" c-set-subsequent-allowed="true" date-revised="2013-01-01" status="published"><classification-symbol>G08C23/00</classification-symbol><class-title date-revised="2013-01-01"><title-part><text>Non-electrical signal transmission systems, e.g. optical systems</text></title-part></class-title>
<classification-item breakdown-code="false" not-allocatable="false" level="8" additional-only="false" sort-key="G08C23/02" definition-exists="true" ipc-concordant="G08C23/02" c-set-base-allowed="false" c-set-subsequent-allowed="true" date-revised="2013-01-01" status="published"><classification-symbol>G08C23/02</classification-symbol><class-title date-revised="2013-01-01"><title-part><text>using infrasonic, sonic or ultrasonic waves</text></title-part></class-title></classification-item>
<classification-item breakdown-code="false" not-allocatable="false" level="8" additional-only="false" sort-key="G08C23/04" definition-exists="true" ipc-concordant="G08C23/04" c-set-base-allowed="false" c-set-subsequent-allowed="true" date-revised="2013-01-01" status="published"><classification-symbol>G08C23/04</classification-symbol><class-title date-revised="2013-01-01"><title-part><text>using light waves, e.g. infra-red</text></title-part></class-title></classification-item>
<classification-item breakdown-code="false" not-allocatable="false" level="8" additional-only="false" sort-key="G08C23/06" definition-exists="false" ipc-concordant="G08C23/06" c-set-base-allowed="false" c-set-subsequent-allowed="true" date-revised="2013-01-01" status="published"><classification-symbol>G08C23/06</classification-symbol><class-title date-revised="2013-01-01"><title-part><text>through light guides, e.g. optical fibres</text></title-part></class-title></classification-item></classification-item>
<classification-item breakdown-code="false" not-allocatable="false" level="7" additional-only="false" sort-key="G08C25/00" definition-exists="false" ipc-concordant="G08C25/00" c-set-base-allowed="false" c-set-subsequent-allowed="true" date-revised="2013-01-01" status="published"><classification-symbol>G08C25/00</classification-symbol><class-title date-revised="2013-01-01"><title-part><text>Arrangements for preventing or correcting errors</text></title-part><title-part><text>Monitoring arrangements</text></title-part></class-title>
<classification-item breakdown-code="false" not-allocatable="false" level="8" additional-only="false" sort-key="G08C25/02" definition-exists="false" ipc-concordant="G08C25/02" c-set-base-allowed="false" c-set-subsequent-allowed="true" date-revised="2013-01-01" status="published"><classification-symbol>G08C25/02</classification-symbol><class-title date-revised="2013-01-01"><title-part><text>by signalling back receiving station to transmitting station</text></title-part></class-title></classification-item>
<classification-item breakdown-code="false" not-allocatable="false" level="8" additional-only="false" sort-key="G08C25/04" definition-exists="false" ipc-concordant="G08C25/04" c-set-base-allowed="false" c-set-subsequent-allowed="true" date-revised="2013-01-01" status="published"><classification-symbol>G08C25/04</classification-symbol><class-title date-revised="2013-01-01"><title-part><text>by recording transmitted signals</text></title-part></class-title></classification-item></classification-item></classification-item>
<classification-item breakdown-code="false" not-allocatable="true" level="6" additional-only="true" sort-key="G08C200/00" date-revised="2013-01-01" status="published"><classification-symbol>G08C2200/00</classification-symbol>
<classification-item breakdown-code="true" not-allocatable="false" level="7" additional-only="true" sort-key="G08C200/00" definition-exists="false" ipc-concordant="CPCONLY" c-set-base-allowed="false" c-set-subsequent-allowed="true" date-revised="2013-01-01" status="published"><classification-symbol>G08C2200/00</classification-symbol><class-title date-revised="2013-01-01"><title-part><text>Transmission systems for measured values, control or similar signals</text></title-part></class-title></classification-item>
<classification-item breakdown-code="true" not-allocatable="false" level="7" additional-only="true" sort-key="G08C201/00" definition-exists="false" ipc-concordant="CPCONLY" c-set-base-allowed="false" c-set-subsequent-allowed="true" date-revised="2013-01-01" status="published"><classification-symbol>G08C2201/00</classification-symbol><class-title date-revised="2013-01-01"><title-part><text>Transmission systems of control signals via wireless link</text></title-part></class-title>
<classification-item breakdown-code="true" not-allocatable="false" level="8" additional-only="true" sort-key="G08C201/10" definition-exists="false" ipc-concordant="CPCONLY" c-set-base-allowed="false" c-set-subsequent-allowed="true" date-revised="2013-01-01" status="published"><classification-symbol>G08C2201/10</classification-symbol><class-title date-revised="2013-01-01"><title-part><text>Power supply of remote control devices</text></title-part></class-title>
<classification-item breakdown-code="true" not-allocatable="false" level="9" additional-only="true" sort-key="G08C201/11" definition-exists="false" ipc-concordant="CPCONLY" c-set-base-allowed="false" c-set-subsequent-allowed="true" date-revised="2013-01-01" status="published"><classification-symbol>G08C2201/11</classification-symbol><class-title date-revised="2013-01-01"><title-part><text>Energy harvesting</text></title-part></class-title>
<classification-item breakdown-code="true" not-allocatable="false" level="10" additional-only="true" sort-key="G08C201/112" definition-exists="false" ipc-concordant="CPCONLY" c-set-base-allowed="false" c-set-subsequent-allowed="true" date-revised="2013-01-01" status="published"><classification-symbol>G08C2201/112</classification-symbol><class-title date-revised="2013-01-01"><title-part><text>Mechanical energy, e.g. vibration, piezoelectric</text></title-part></class-title></classification-item>
<classification-item breakdown-code="true" not-allocatable="false" level="10" additional-only="true" sort-key="G08C201/114" definition-exists="false" ipc-concordant="CPCONLY" c-set-base-allowed="false" c-set-subsequent-allowed="true" date-revised="2013-01-01" status="published"><classification-symbol>G08C2201/114</classification-symbol><class-title date-revised="2013-01-01"><title-part><text>Solar power</text></title-part></class-title></classification-item></classification-item>
<classification-item breakdown-code="true" not-allocatable="false" level="9" additional-only="true" sort-key="G08C201/12" definition-exists="false" ipc-concordant="CPCONLY" c-set-base-allowed="false" c-set-subsequent-allowed="true" date-revised="2013-01-01" status="published"><classification-symbol>G08C2201/12</classification-symbol><class-title date-revised="2013-01-01"><title-part><text>Power saving techniques of remote control or controlled devices</text></title-part></class-title></classification-item></classification-item>
<classification-item breakdown-code="true" not-allocatable="false" level="8" additional-only="true" sort-key="G08C201/20" definition-exists="false" ipc-concordant="CPCONLY" c-set-base-allowed="false" c-set-subsequent-allowed="true" date-revised="2013-01-01" status="published"><classification-symbol>G08C2201/20</classification-symbol><class-title date-revised="2013-01-01"><title-part><text>Binding and programming of remote control devices</text></title-part></class-title>
<classification-item breakdown-code="true" not-allocatable="false" level="9" additional-only="true" sort-key="G08C201/21" definition-exists="false" ipc-concordant="CPCONLY" c-set-base-allowed="false" c-set-subsequent-allowed="true" date-revised="2013-01-01" status="published"><classification-symbol>G08C2201/21</classification-symbol><class-title date-revised="2013-01-01"><title-part><text>Programming remote control devices via third means</text></title-part></class-title></classification-item></classification-item>
<classification-item breakdown-code="true" not-allocatable="false" level="8" additional-only="true" sort-key="G08C201/30" definition-exists="false" ipc-concordant="CPCONLY" c-set-base-allowed="false" c-set-subsequent-allowed="true" date-revised="2013-01-01" status="published"><classification-symbol>G08C2201/30</classification-symbol><class-title date-revised="2013-01-01"><title-part><text>User interface</text></title-part></class-title>
<classification-item breakdown-code="true" not-allocatable="false" level="9" additional-only="true" sort-key="G08C201/31" definition-exists="false" ipc-concordant="CPCONLY" c-set-base-allowed="false" c-set-subsequent-allowed="true" date-revised="2013-01-01" status="published"><classification-symbol>G08C2201/31</classification-symbol><class-title date-revised="2013-01-01"><title-part><text>Voice input</text></title-part></class-title></classification-item>
<classification-item breakdown-code="true" not-allocatable="false" level="9" additional-only="true" sort-key="G08C201/32" definition-exists="false" ipc-concordant="CPCONLY" c-set-base-allowed="false" c-set-subsequent-allowed="true" date-revised="2013-01-01" status="published"><classification-symbol>G08C2201/32</classification-symbol><class-title date-revised="2013-01-01"><title-part><text>Remote control based on movements, attitude of remote control device</text></title-part></class-title></classification-item>
<classification-item breakdown-code="true" not-allocatable="false" level="9" additional-only="true" sort-key="G08C201/33" definition-exists="false" ipc-concordant="CPCONLY" c-set-base-allowed="false" c-set-subsequent-allowed="true" date-revised="2013-01-01" status="published"><classification-symbol>G08C2201/33</classification-symbol><class-title date-revised="2013-01-01"><title-part><text>Remote control using macros, scripts</text></title-part></class-title></classification-item>
<classification-item breakdown-code="true" not-allocatable="false" level="9" additional-only="true" sort-key="G08C201/34" definition-exists="false" ipc-concordant="CPCONLY" c-set-base-allowed="false" c-set-subsequent-allowed="true" date-revised="2013-01-01" status="published"><classification-symbol>G08C2201/34</classification-symbol><class-title date-revised="2013-01-01"><title-part><text>Context aware guidance</text></title-part></class-title></classification-item></classification-item>
<classification-item breakdown-code="true" not-allocatable="false" level="8" additional-only="true" sort-key="G08C201/40" definition-exists="false" ipc-concordant="CPCONLY" c-set-base-allowed="false" c-set-subsequent-allowed="true" date-revised="2013-01-01" status="published"><classification-symbol>G08C2201/40</classification-symbol><class-title date-revised="2013-01-01"><title-part><text>Remote control systems using repeaters, converters, gateways</text></title-part></class-title>
<classification-item breakdown-code="true" not-allocatable="false" level="9" additional-only="true" sort-key="G08C201/41" definition-exists="false" ipc-concordant="CPCONLY" c-set-base-allowed="false" c-set-subsequent-allowed="true" date-revised="2013-01-01" status="published"><classification-symbol>G08C2201/41</classification-symbol><class-title date-revised="2013-01-01"><title-part><text>Remote control of gateways</text></title-part></class-title></classification-item>
<classification-item breakdown-code="true" not-allocatable="false" level="9" additional-only="true" sort-key="G08C201/42" definition-exists="false" ipc-concordant="CPCONLY" c-set-base-allowed="false" c-set-subsequent-allowed="true" date-revised="2016-05-01" status="published"><classification-symbol>G08C2201/42</classification-symbol><class-title date-revised="2016-05-01"><title-part><text>Transmitting or receiving remote control signals via a network</text></title-part></class-title></classification-item></classification-item>
<classification-item breakdown-code="true" not-allocatable="false" level="8" additional-only="true" sort-key="G08C201/50" definition-exists="false" ipc-concordant="CPCONLY" c-set-base-allowed="false" c-set-subsequent-allowed="true" date-revised="2013-01-01" status="published"><classification-symbol>G08C2201/50</classification-symbol><class-title date-revised="2013-01-01"><title-part><text>Receiving or transmitting feedback, e.g. replies, status updates, acknowledgements, from the controlled devices</text></title-part></class-title>
<classification-item breakdown-code="true" not-allocatable="false" level="9" additional-only="true" sort-key="G08C201/51" definition-exists="false" ipc-concordant="CPCONLY" c-set-base-allowed="false" c-set-subsequent-allowed="true" date-revised="2013-01-01" status="published"><classification-symbol>G08C2201/51</classification-symbol><class-title date-revised="2013-01-01"><title-part><text>Remote controlling of devices based on replies, status thereof</text></title-part></class-title></classification-item></classification-item>
<classification-item breakdown-code="true" not-allocatable="false" level="8" additional-only="true" sort-key="G08C201/60" definition-exists="false" ipc-concordant="CPCONLY" c-set-base-allowed="false" c-set-subsequent-allowed="true" date-revised="2013-01-01" status="published"><classification-symbol>G08C2201/60</classification-symbol><class-title date-revised="2013-01-01"><title-part><text>Security, fault tolerance</text></title-part></class-title>
<classification-item breakdown-code="true" not-allocatable="false" level="9" additional-only="true" sort-key="G08C201/61" definition-exists="false" ipc-concordant="CPCONLY" c-set-base-allowed="false" c-set-subsequent-allowed="true" date-revised="2013-01-01" status="published"><classification-symbol>G08C2201/61</classification-symbol><class-title date-revised="2013-01-01"><title-part><text>Password, biometric</text></title-part></class-title></classification-item>
<classification-item breakdown-code="true" not-allocatable="false" level="9" additional-only="true" sort-key="G08C201/62" definition-exists="false" ipc-concordant="CPCONLY" c-set-base-allowed="false" c-set-subsequent-allowed="true" date-revised="2013-01-01" status="published"><classification-symbol>G08C2201/62</classification-symbol><class-title date-revised="2013-01-01"><title-part><text>Rolling code</text></title-part></class-title></classification-item>
<classification-item breakdown-code="true" not-allocatable="false" level="9" additional-only="true" sort-key="G08C201/63" definition-exists="false" ipc-concordant="CPCONLY" c-set-base-allowed="false" c-set-subsequent-allowed="true" date-revised="2013-01-01" status="published"><classification-symbol>G08C2201/63</classification-symbol><class-title date-revised="2013-01-01"><title-part><text>Redundant transmissions</text></title-part></class-title></classification-item></classification-item>
<classification-item breakdown-code="true" not-allocatable="false" level="8" additional-only="true" sort-key="G08C201/70" definition-exists="false" ipc-concordant="CPCONLY" c-set-base-allowed="false" c-set-subsequent-allowed="true" date-revised="2013-01-01" status="published"><classification-symbol>G08C2201/70</classification-symbol><class-title date-revised="2013-01-01"><title-part><text>Device selection</text></title-part></class-title>
<classification-item breakdown-code="true" not-allocatable="false" level="9" additional-only="true" sort-key="G08C201/71" definition-exists="false" ipc-concordant="CPCONLY" c-set-base-allowed="false" c-set-subsequent-allowed="true" date-revised="2013-01-01" status="published"><classification-symbol>G08C2201/71</classification-symbol><class-title date-revised="2013-01-01"><title-part><text>Directional beams</text></title-part></class-title></classification-item></classification-item>
<classification-item breakdown-code="true" not-allocatable="false" level="8" additional-only="true" sort-key="G08C201/90" definition-exists="false" ipc-concordant="CPCONLY" c-set-base-allowed="false" c-set-subsequent-allowed="true" date-revised="2013-01-01" status="published"><classification-symbol>G08C2201/90</classification-symbol><class-title date-revised="2013-01-01"><title-part><text>Additional features</text></title-part></class-title>
<classification-item breakdown-code="true" not-allocatable="false" level="9" additional-only="true" sort-key="G08C201/91" definition-exists="false" ipc-concordant="CPCONLY" c-set-base-allowed="false" c-set-subsequent-allowed="true" date-revised="2013-01-01" status="published"><classification-symbol>G08C2201/91</classification-symbol><class-title date-revised="2013-01-01"><title-part><text>Remote control based on location and proximity</text></title-part></class-title></classification-item>
<classification-item breakdown-code="true" not-allocatable="false" level="9" additional-only="true" sort-key="G08C201/92" definition-exists="false" ipc-concordant="CPCONLY" c-set-base-allowed="false" c-set-subsequent-allowed="true" date-revised="2013-01-01" status="published"><classification-symbol>G08C2201/92</classification-symbol><class-title date-revised="2013-01-01"><title-part><text>Universal remote control</text></title-part></class-title></classification-item>
<classification-item breakdown-code="true" not-allocatable="false" level="9" additional-only="true" sort-key="G08C201/93" definition-exists="false" ipc-concordant="CPCONLY" c-set-base-allowed="false" c-set-subsequent-allowed="true" date-revised="2013-01-01" status="published"><classification-symbol>G08C2201/93</classification-symbol><class-title date-revised="2013-01-01"><title-part><text>Remote control using other portable devices, e.g. mobile phone, PDA, laptop</text></title-part></class-title></classification-item>
<classification-item breakdown-code="true" not-allocatable="false" level="9" additional-only="true" sort-key="G08C201/94" definition-exists="false" ipc-concordant="CPCONLY" c-set-base-allowed="false" c-set-subsequent-allowed="true" date-revised="2013-01-01" status="published"><classification-symbol>G08C2201/94</classification-symbol><class-title date-revised="2013-01-01"><title-part><text>Smart cards</text></title-part></class-title></classification-item></classification-item></classification-item></classification-item></classification-item></class-scheme>