<?xml version="1.0" encoding="UTF-8"?>
<class-scheme publication-date="2021-05-01" scheme-type="cpc" publication-type="official">
<classification-item breakdown-code="false" not-allocatable="true" level="5" additional-only="false" sort-key="E01H" definition-exists="true" date-revised="2018-08-01" status="published"><classification-symbol>E01H</classification-symbol><class-title date-revised="2013-01-01"><title-part><text>STREET CLEANING</text></title-part><title-part><text>CLEANING OF PERMANENT WAYS</text></title-part><title-part><text>CLEANING BEACHES</text></title-part><title-part><text>DISPERSING </text><CPC-specific-text><text>OR PREVENTING</text></CPC-specific-text><text> FOG IN GENERAL </text><CPC-specific-text><text>CLEANING STREET OR RAILWAY FURNITURE OR TUNNEL WALLS</text></CPC-specific-text><reference><text>cleaning in general <class-ref scheme="cpc">B08B</class-ref></text></reference></title-part></class-title><notes-and-warnings><note type="warning"><note-paragraph>In this subclass non-limiting references (in the sense of paragraph 39 of the Guide to the IPC) may still be displayed in the scheme.</note-paragraph></note></notes-and-warnings>
<classification-item breakdown-code="false" not-allocatable="true" level="6" additional-only="false" sort-key="E01H1/00" date-revised="2013-01-01" status="published"><classification-symbol>E01H1/00</classification-symbol>
<classification-item breakdown-code="false" not-allocatable="false" level="7" additional-only="false" sort-key="E01H1/00" definition-exists="true" ipc-concordant="E01H1/00" c-set-base-allowed="false" c-set-subsequent-allowed="true" date-revised="2018-02-01" status="published"><classification-symbol>E01H1/00</classification-symbol><class-title date-revised="2018-02-01"><title-part><text>Removing undesirable matter from roads or like surfaces, with or without moistening of the surface </text><reference><text>for snow or ice <class-ref scheme="cpc">E01H5/00</class-ref>; cleaning tramway rails <class-ref scheme="cpc">E01H8/00</class-ref>; obstruction removers on vehicles <class-ref scheme="cpc">B60R19/00</class-ref>; in combination with application of bitumen or the like <class-ref scheme="cpc">E01C19/16</class-ref>; in combination with application of traffic line <class-ref scheme="cpc">E01C23/16</class-ref> </text><CPC-specific-text><text>; Sweeping apparatus, particularly for lawns <class-ref scheme="cpc">A01G20/30</class-ref>, <class-ref scheme="cpc">A01G20/40</class-ref>; removing undesirable matter from floors and similar surfaces <class-ref scheme="cpc">A47L5/00</class-ref>&#160;-&#160;<class-ref scheme="cpc">A47L13/00</class-ref></text></CPC-specific-text></reference></title-part></class-title>
<classification-item breakdown-code="false" not-allocatable="false" level="8" additional-only="false" sort-key="E01H1/001" definition-exists="false" ipc-concordant="E01H1/00" c-set-base-allowed="false" c-set-subsequent-allowed="true" date-revised="2013-01-01" status="published"><classification-symbol>E01H1/001</classification-symbol><class-title date-revised="2013-01-01"><title-part><CPC-specific-text><text>Treatment of dispersed oil or similar pollution on roads, for instance devices for applying treating agents </text><reference><text>hydraulic loosening or removal of liquids <class-ref scheme="cpc">E01H1/10</class-ref>; from surface of open water <class-ref scheme="cpc">E02B15/04</class-ref></text></reference></CPC-specific-text></title-part></class-title></classification-item>
<classification-item breakdown-code="false" not-allocatable="false" level="8" additional-only="false" sort-key="E01H1/003" definition-exists="false" ipc-concordant="E01H1/00" c-set-base-allowed="false" c-set-subsequent-allowed="true" date-revised="2013-01-01" status="published"><classification-symbol>E01H1/003</classification-symbol><class-title date-revised="2013-01-01"><title-part><CPC-specific-text><text>Upkeep of road sides along the pavement, for instance cleaning devices particularly for side strips </text><reference><text>control of undesirable vegetation <class-ref scheme="cpc">E01H11/00</class-ref>; mowers for embankments <class-ref scheme="cpc">A01D34/86</class-ref>; soil working <class-ref scheme="cpc">E02F</class-ref>; trimming pavement edges <class-ref scheme="cpc">E01C23/09</class-ref></text></reference></CPC-specific-text></title-part></class-title></classification-item>
<classification-item breakdown-code="false" not-allocatable="false" level="8" additional-only="false" sort-key="E01H1/005" definition-exists="false" ipc-concordant="E01H1/00" c-set-base-allowed="false" c-set-subsequent-allowed="true" date-revised="2013-01-01" status="published"><classification-symbol>E01H1/005</classification-symbol><class-title date-revised="2013-01-01"><title-part><CPC-specific-text><text>Mobile installations, particularly for upkeeping <u>in situ</u> road or railway furniture, for instance road barricades, traffic signs; Mobile installations particularly for upkeeping tunnel walls </text><reference><text>built-in cleaning devices <class-ref scheme="cpc">E21D11/003</class-ref></text></reference></CPC-specific-text></title-part></class-title></classification-item>
<classification-item breakdown-code="false" not-allocatable="false" level="8" additional-only="false" sort-key="E01H1/006" definition-exists="false" ipc-concordant="E01H1/00" c-set-base-allowed="false" c-set-subsequent-allowed="true" date-revised="2013-01-01" status="published"><classification-symbol>E01H1/006</classification-symbol><class-title date-revised="2013-01-01"><title-part><CPC-specific-text><text>Specially adapted for removing excrements </text><reference><text>hand implements <class-ref scheme="cpc">E01H1/12</class-ref></text></reference></CPC-specific-text></title-part></class-title>
<classification-item breakdown-code="false" not-allocatable="false" level="9" additional-only="false" sort-key="E01H1/008" definition-exists="false" ipc-concordant="E01H1/00" c-set-base-allowed="false" c-set-subsequent-allowed="true" date-revised="2013-01-01" status="published"><classification-symbol>E01H1/008</classification-symbol><class-title date-revised="2013-01-01"><title-part><CPC-specific-text><text><u>in situ</u> treatment of excrements</text></CPC-specific-text></title-part></class-title></classification-item></classification-item>
<classification-item breakdown-code="false" not-allocatable="false" level="8" additional-only="false" sort-key="E01H1/02" definition-exists="false" ipc-concordant="E01H1/02" c-set-base-allowed="false" c-set-subsequent-allowed="true" date-revised="2016-05-01" status="published"><classification-symbol>E01H1/02</classification-symbol><class-title date-revised="2016-05-01"><title-part><text>Brushing apparatus, </text><CPC-specific-text><text>e.g. with auxiliary instruments for mechanically loosening dirt</text></CPC-specific-text><reference><CPC-specific-text><text><class-ref scheme="cpc">E01H1/003</class-ref>, <class-ref scheme="cpc">E01H1/005</class-ref>, <class-ref scheme="cpc">E01H1/006</class-ref> and</text></CPC-specific-text><text> <class-ref scheme="cpc">E01H1/08</class-ref>&#160;-&#160;<class-ref scheme="cpc">E01H1/14</class-ref> take precedence; </text><CPC-specific-text><text>loosening by means of gas jets or streams <class-ref scheme="cpc">E01H1/0818</class-ref>, <class-ref scheme="cpc">E01H1/0872</class-ref>; with brushes functioning under vacuum or combined with independent suction nozzles <class-ref scheme="cpc">E01H1/0827</class-ref>; loosening by means of liquid streams <class-ref scheme="cpc">E01H1/101</class-ref>; mechanical loosening instruments other than brushes <class-ref scheme="cpc">E01H1/105</class-ref>; for railway tracks <class-ref scheme="cpc">E01H8/00</class-ref></text></CPC-specific-text><text>; brushes in general <class-ref scheme="cpc">A46B</class-ref>; </text><CPC-specific-text><text>for floors or similar surfaces <class-ref scheme="cpc">A47L11/22</class-ref>, <class-ref scheme="cpc">A47L11/24</class-ref></text></CPC-specific-text></reference></title-part></class-title>
<classification-item breakdown-code="false" not-allocatable="false" level="9" additional-only="false" sort-key="E01H1/04" definition-exists="false" ipc-concordant="E01H1/04" c-set-base-allowed="false" c-set-subsequent-allowed="true" date-revised="2013-01-01" status="published"><classification-symbol>E01H1/04</classification-symbol><class-title date-revised="2013-01-01"><title-part><text>taking- up the sweepings, e.g. for collecting, for loading </text><CPC-specific-text><reference><text>with dust collector; <class-ref scheme="cpc">E01H1/0854</class-ref> takes precedence; suction machines with brushes <class-ref scheme="cpc">E01H1/0845</class-ref>, <class-ref scheme="cpc">E01H1/0872</class-ref>; taking- up devices with other mechanical loosening instruments <class-ref scheme="cpc">E01H1/106</class-ref></text></reference></CPC-specific-text></title-part></class-title>
<classification-item breakdown-code="false" not-allocatable="false" level="10" additional-only="false" sort-key="E01H1/042" definition-exists="false" ipc-concordant="E01H1/04" c-set-base-allowed="false" c-set-subsequent-allowed="true" date-revised="2013-01-01" status="published"><classification-symbol>E01H1/042</classification-symbol><class-title date-revised="2013-01-01"><title-part><CPC-specific-text><text>the loading means being an endless belt or an auger</text></CPC-specific-text></title-part></class-title></classification-item>
<classification-item breakdown-code="false" not-allocatable="false" level="10" additional-only="false" sort-key="E01H1/045" definition-exists="false" ipc-concordant="E01H1/04" c-set-base-allowed="false" c-set-subsequent-allowed="true" date-revised="2013-01-01" status="published"><classification-symbol>E01H1/045</classification-symbol><class-title date-revised="2013-01-01"><title-part><CPC-specific-text><text>the loading means being a rotating brush with horizontal axis </text><reference><text><class-ref scheme="cpc">E01H1/042</class-ref> takes precedence</text></reference></CPC-specific-text></title-part></class-title></classification-item>
<classification-item breakdown-code="false" not-allocatable="false" level="10" additional-only="false" sort-key="E01H1/047" definition-exists="false" ipc-concordant="E01H1/04" c-set-base-allowed="false" c-set-subsequent-allowed="true" date-revised="2013-01-01" status="published"><classification-symbol>E01H1/047</classification-symbol><class-title date-revised="2013-01-01"><title-part><CPC-specific-text><text>Collecting apparatus characterised by the hopper or by means for unloading the hopper</text></CPC-specific-text></title-part></class-title></classification-item></classification-item>
<classification-item breakdown-code="false" not-allocatable="false" level="9" additional-only="false" sort-key="E01H1/05" definition-exists="false" ipc-concordant="E01H1/05" c-set-base-allowed="false" c-set-subsequent-allowed="true" date-revised="2013-01-01" status="published"><classification-symbol>E01H1/05</classification-symbol><class-title date-revised="2013-01-01"><title-part><text>with driven brushes </text><reference><text><class-ref scheme="cpc">E01H1/04</class-ref> takes precedence </text><CPC-specific-text><text>rotary brushes for snow removal <class-ref scheme="cpc">E01H5/092</class-ref></text></CPC-specific-text></reference></title-part></class-title>
<classification-item breakdown-code="false" not-allocatable="false" level="10" additional-only="false" sort-key="E01H1/053" definition-exists="false" ipc-concordant="E01H1/05" c-set-base-allowed="false" c-set-subsequent-allowed="true" date-revised="2013-01-01" status="published"><classification-symbol>E01H1/053</classification-symbol><class-title date-revised="2013-01-01"><title-part><CPC-specific-text><text>having vertical axes</text></CPC-specific-text></title-part></class-title></classification-item>
<classification-item breakdown-code="false" not-allocatable="false" level="10" additional-only="false" sort-key="E01H1/056" definition-exists="false" ipc-concordant="E01H1/05" c-set-base-allowed="false" c-set-subsequent-allowed="true" date-revised="2013-01-01" status="published"><classification-symbol>E01H1/056</classification-symbol><class-title date-revised="2013-01-01"><title-part><CPC-specific-text><text>having horizontal axes</text></CPC-specific-text></title-part></class-title></classification-item></classification-item></classification-item>
<classification-item breakdown-code="false" not-allocatable="false" level="8" additional-only="false" sort-key="E01H1/08" definition-exists="false" ipc-concordant="E01H1/08" c-set-base-allowed="false" c-set-subsequent-allowed="true" date-revised="2016-05-01" status="published"><classification-symbol>E01H1/08</classification-symbol><class-title date-revised="2016-05-01"><title-part><text>Pneumatically dislodging or taking-up undesirable matter </text><CPC-specific-text><text>or small objects</text></CPC-specific-text><reference><CPC-specific-text><text><class-ref scheme="cpc">E01H1/006</class-ref> and <class-ref scheme="cpc">E01H1/005</class-ref> take precedence;</text></CPC-specific-text><text> suction cleaners in general <class-ref scheme="cpc">A47L5/00</class-ref>&#160;-&#160;<class-ref scheme="cpc">A47L9/00</class-ref>; </text><CPC-specific-text><text>sucking-off liquids or semi-liquids <class-ref scheme="cpc">E01H1/108</class-ref></text></CPC-specific-text></reference></title-part><title-part><text>Drying by heat only or by streams of gas </text><reference><text>permanently-installed heating or blowing devices <class-ref scheme="cpc">E01C11/26</class-ref>; heating or drying for road- building or repairing <class-ref scheme="cpc">E01C23/14</class-ref>; </text><CPC-specific-text><text>devices for melting snow or ice <u>in situ</u> <class-ref scheme="cpc">E01H5/10</class-ref>, <class-ref scheme="cpc">E01H8/08</class-ref>; for scorching undesirable vegetation <class-ref scheme="cpc">E01H11/00</class-ref></text></CPC-specific-text></reference></title-part><title-part><text>Cleaning by projecting abrasive particles </text><reference><text>sand-blasting in general <class-ref scheme="cpc">B24C</class-ref>; </text><CPC-specific-text><text>roughening of road surfaces <class-ref scheme="cpc">E01C23/08</class-ref>; cleaning of road joints <class-ref scheme="cpc">E01C23/0906</class-ref></text></CPC-specific-text></reference></title-part></class-title>
<classification-item breakdown-code="false" not-allocatable="false" level="9" additional-only="false" sort-key="E01H1/0809" definition-exists="false" ipc-concordant="E01H1/08" c-set-base-allowed="false" c-set-subsequent-allowed="true" date-revised="2013-01-01" status="published"><classification-symbol>E01H1/0809</classification-symbol><class-title date-revised="2013-01-01"><title-part><CPC-specific-text><text>Loosening or dislodging by blowing </text><reference><text>with steam <class-ref scheme="cpc">E01H1/10</class-ref> combined with suction <class-ref scheme="cpc">E01H1/0863</class-ref>; removing snow by blowing <class-ref scheme="cpc">E01H5/106</class-ref>; removing fog by blowing <class-ref scheme="cpc">E01H13/00</class-ref>; cleaning rails by blowing <class-ref scheme="cpc">E01H8/105</class-ref>, <class-ref scheme="cpc">E01H8/125</class-ref>; cleaning joints in road construction by blowing <class-ref scheme="cpc">E01C23/0906</class-ref></text></reference><text>; Drying by means of gas streams </text><reference><text>by heat only <class-ref scheme="cpc">E01H1/08</class-ref>; combined with snow or ice melting <class-ref scheme="cpc">E01H5/10</class-ref>, <class-ref scheme="cpc">E01H5/106</class-ref>, <class-ref scheme="cpc">E01H5/108</class-ref></text></reference></CPC-specific-text></title-part></class-title>
<classification-item breakdown-code="false" not-allocatable="false" level="10" additional-only="false" sort-key="E01H1/0818" definition-exists="false" ipc-concordant="E01H1/08" c-set-base-allowed="false" c-set-subsequent-allowed="true" date-revised="2013-01-01" status="published"><classification-symbol>E01H1/0818</classification-symbol><class-title date-revised="2013-01-01"><title-part><CPC-specific-text><text>in apparatus with mechanical loosening or feeding instruments, e.g. brushes, scrapers </text><reference><text>brushing devices <u>per se</u> <class-ref scheme="cpc">E01H1/02</class-ref>, other loosening devices <u>per se</u> <class-ref scheme="cpc">E01H1/105</class-ref></text></reference></CPC-specific-text></title-part></class-title></classification-item></classification-item>
<classification-item breakdown-code="false" not-allocatable="false" level="9" additional-only="false" sort-key="E01H1/0827" definition-exists="false" ipc-concordant="E01H1/08" c-set-base-allowed="false" c-set-subsequent-allowed="true" date-revised="2013-01-01" status="published"><classification-symbol>E01H1/0827</classification-symbol><class-title date-revised="2013-01-01"><title-part><CPC-specific-text><text>Dislodging by suction; Mechanical dislodging-cleaning apparatus with independent or dependent exhaust, e.g. dislodging-sweeping machines with independent suction nozzles </text><reference><text>combined with blowing <class-ref scheme="cpc">E01H1/0872</class-ref></text></reference><text>; Mechanical loosening devices working under vacuum</text></CPC-specific-text></title-part></class-title>
<classification-item breakdown-code="false" not-allocatable="false" level="10" additional-only="false" sort-key="E01H1/0836" definition-exists="false" ipc-concordant="E01H1/08" c-set-base-allowed="false" c-set-subsequent-allowed="true" date-revised="2013-01-01" status="published"><classification-symbol>E01H1/0836</classification-symbol><class-title date-revised="2013-01-01"><title-part><CPC-specific-text><text>Apparatus dislodging all of the dirt by suction </text><reference><text>liquids or semi-liquids <class-ref scheme="cpc">E01H1/108</class-ref>; combined with loosening by blowing <class-ref scheme="cpc">E01H1/0863</class-ref>; for cleaning rails <class-ref scheme="cpc">E01H8/105</class-ref>, <class-ref scheme="cpc">E01H8/125</class-ref>; removing snow by suction <class-ref scheme="cpc">E01H5/106</class-ref>, <class-ref scheme="cpc">E01H8/08</class-ref></text></reference><text>; Suction nozzles </text><reference><text>independent suction nozzles in mechanical dislodging-cleaning devices <class-ref scheme="cpc">E01H1/0827</class-ref>; suction and blowing nozzles <class-ref scheme="cpc">E01H1/0863</class-ref></text></reference></CPC-specific-text></title-part></class-title>
<classification-item breakdown-code="false" not-allocatable="false" level="11" additional-only="false" sort-key="E01H1/0845" definition-exists="false" ipc-concordant="E01H1/08" c-set-base-allowed="false" c-set-subsequent-allowed="true" date-revised="2013-01-01" status="published"><classification-symbol>E01H1/0845</classification-symbol><class-title date-revised="2013-01-01"><title-part><CPC-specific-text><text>with mechanical loosening or feeding instruments for the dirt to be sucked- up, e.g. brushes, scrapers </text><reference><text>brushing installations <u>per se</u> <class-ref scheme="cpc">E01H1/02</class-ref>; other loosening devices <u>per se</u> <class-ref scheme="cpc">E01H1/105</class-ref></text></reference></CPC-specific-text></title-part></class-title></classification-item></classification-item>
<classification-item breakdown-code="false" not-allocatable="false" level="10" additional-only="false" sort-key="E01H1/0854" definition-exists="false" ipc-concordant="E01H1/08" c-set-base-allowed="false" c-set-subsequent-allowed="true" date-revised="2013-01-01" status="published"><classification-symbol>E01H1/0854</classification-symbol><class-title date-revised="2013-01-01"><title-part><CPC-specific-text><text>Apparatus in which the mechanically dislodged dirt is partially sucked-off, e.g. dislodging- sweeping apparatus with dirt collector in brush housing or dirt container </text><reference><text>mechanical dislodging machines with independent suction nozzles <class-ref scheme="cpc">E01H1/0827</class-ref>; combined with blowing and suction <class-ref scheme="cpc">E01H1/0872</class-ref></text></reference></CPC-specific-text></title-part></class-title></classification-item></classification-item>
<classification-item breakdown-code="false" not-allocatable="false" level="9" additional-only="false" sort-key="E01H1/0863" definition-exists="false" ipc-concordant="E01H1/08" c-set-base-allowed="false" c-set-subsequent-allowed="true" date-revised="2013-01-01" status="published"><classification-symbol>E01H1/0863</classification-symbol><class-title date-revised="2013-01-01"><title-part><CPC-specific-text><text>Apparatus loosening or removing the dirt by blowing and subsequently dislodging it at least partially by suction </text><reference><text>liquids or semi-liquids <class-ref scheme="cpc">E01H1/108</class-ref></text></reference><text>; Combined suction and blowing nozzles</text></CPC-specific-text></title-part></class-title>
<classification-item breakdown-code="false" not-allocatable="false" level="10" additional-only="false" sort-key="E01H1/0872" definition-exists="false" ipc-concordant="E01H1/08" c-set-base-allowed="false" c-set-subsequent-allowed="true" date-revised="2013-01-01" status="published"><classification-symbol>E01H1/0872</classification-symbol><class-title date-revised="2013-01-01"><title-part><CPC-specific-text><text>with mechanical loosening or feeding instruments for the dirt to be removed pneumatically, e.g. brushes, scrapers </text><reference><text>brushing installations <u>per se</u> <class-ref scheme="cpc">E01H1/02</class-ref>; other loosening devices <u>per se</u> <class-ref scheme="cpc">E01H1/105</class-ref></text></reference></CPC-specific-text></title-part></class-title></classification-item></classification-item>
<classification-item breakdown-code="true" not-allocatable="false" level="9" additional-only="true" sort-key="E01H1/0881" definition-exists="false" ipc-concordant="E01H1/08" c-set-base-allowed="false" c-set-subsequent-allowed="true" date-revised="2013-01-01" status="published"><classification-symbol>E01H2001/0881</classification-symbol><class-title date-revised="2013-01-01"><title-part><CPC-specific-text><text>Details for pneumatically dislodging or removing not related to the mouth-piece</text></CPC-specific-text></title-part></class-title>
<classification-item breakdown-code="true" not-allocatable="false" level="10" additional-only="true" sort-key="E01H1/089" definition-exists="false" ipc-concordant="E01H1/08" c-set-base-allowed="false" c-set-subsequent-allowed="true" date-revised="2013-01-01" status="published"><classification-symbol>E01H2001/089</classification-symbol><class-title date-revised="2013-01-01"><title-part><CPC-specific-text><text>Suction-effect created through blowing, e.g. using the venturi effect</text></CPC-specific-text></title-part></class-title></classification-item></classification-item></classification-item>
<classification-item breakdown-code="false" not-allocatable="false" level="8" additional-only="false" sort-key="E01H1/10" definition-exists="false" ipc-concordant="E01H1/10" c-set-base-allowed="false" c-set-subsequent-allowed="true" date-revised="2017-08-01" status="published"><classification-symbol>E01H1/10</classification-symbol><class-title date-revised="2017-08-01"><title-part><text>Hydraulically loosening or dislodging undesirable matter </text><reference><text>stationary flushing devices <class-ref scheme="cpc">E01H3/04</class-ref></text></reference></title-part><title-part><text>Raking or scraping apparatus </text><reference><text>hand implements <class-ref scheme="cpc">E01H1/12</class-ref> </text></reference><CPC-specific-text><text>; Removing liquids or semi-liquids e.g., absorbing water, sliding-off mud </text><reference><text>removing pneumatically <class-ref scheme="cpc">E01H1/08</class-ref>; steam-cleaning <class-ref scheme="cpc">E01H11/00</class-ref></text></reference></CPC-specific-text></title-part></class-title>
<classification-item breakdown-code="false" not-allocatable="false" level="9" additional-only="false" sort-key="E01H1/101" definition-exists="false" ipc-concordant="E01H1/10" c-set-base-allowed="false" c-set-subsequent-allowed="true" date-revised="2016-05-01" status="published"><classification-symbol>E01H1/101</classification-symbol><class-title date-revised="2016-05-01"><title-part><CPC-specific-text><text>Hydraulic loosening or dislodging, combined or not with mechanical loosening or dislodging, e.g. road washing machines with brushes or wipers </text><reference><text><class-ref scheme="cpc">E01H1/005</class-ref> takes precedence; cleaning rails <class-ref scheme="cpc">E01H8/105</class-ref>, <class-ref scheme="cpc">E01H8/125</class-ref>; applying liquids in general <class-ref scheme="cpc">E01H3/00</class-ref>; scrubbing machines for floors or similar surfaces <class-ref scheme="cpc">A47L11/26</class-ref>&#160;-&#160;<class-ref scheme="cpc">A47L11/30</class-ref></text></reference></CPC-specific-text></title-part></class-title>
<classification-item breakdown-code="false" not-allocatable="false" level="10" additional-only="false" sort-key="E01H1/103" definition-exists="false" ipc-concordant="E01H1/10" c-set-base-allowed="false" c-set-subsequent-allowed="true" date-revised="2013-01-01" status="published"><classification-symbol>E01H1/103</classification-symbol><class-title date-revised="2013-01-01"><title-part><CPC-specific-text><text>in which the soiled loosening or washing liquid is removed, e.g. by suction </text><reference><text>removing liquids in general <class-ref scheme="cpc">E01H1/108</class-ref></text></reference></CPC-specific-text></title-part></class-title></classification-item></classification-item>
<classification-item breakdown-code="false" not-allocatable="false" level="9" additional-only="false" sort-key="E01H1/105" definition-exists="false" ipc-concordant="E01H1/10" c-set-base-allowed="false" c-set-subsequent-allowed="true" date-revised="2013-01-01" status="published"><classification-symbol>E01H1/105</classification-symbol><class-title date-revised="2013-01-01"><title-part><CPC-specific-text><text>Raking, scraping or other mechanical loosening devices, e.g. for caked dirt </text><reference><text>loosening ice or hard snow <class-ref scheme="cpc">E01H5/12</class-ref>; working the road surface <class-ref scheme="cpc">E01C23/08</class-ref></text></reference><text>; Apparatus for mechanically moving dirt on road surfaces, e.g. wipers for evacuating mud </text><reference><text>wipers as accessories for road washing machines <class-ref scheme="cpc">E01H1/101</class-ref>; of devices for removing liquids or semi-liquids <class-ref scheme="cpc">E01H1/108</class-ref>; of snow scrapers for evacuating wet snow <class-ref scheme="cpc">E01H5/06</class-ref>; wipers for spreading bitumen or the like <class-ref scheme="cpc">E01C19/16</class-ref>, <class-ref scheme="cpc">E01C19/178</class-ref></text></reference></CPC-specific-text></title-part></class-title>
<classification-item breakdown-code="false" not-allocatable="false" level="10" additional-only="false" sort-key="E01H1/106" definition-exists="false" ipc-concordant="E01H1/10" c-set-base-allowed="false" c-set-subsequent-allowed="true" date-revised="2013-01-01" status="published"><classification-symbol>E01H1/106</classification-symbol><class-title date-revised="2013-01-01"><title-part><CPC-specific-text><text>in which the loosened or dislodged dirt is picked up, e.g. shoveling carts </text><reference><text><class-ref scheme="cpc">E01H1/108</class-ref> takes precedence</text></reference></CPC-specific-text></title-part></class-title></classification-item></classification-item>
<classification-item breakdown-code="false" not-allocatable="false" level="9" additional-only="false" sort-key="E01H1/108" definition-exists="false" ipc-concordant="E01H1/10" c-set-base-allowed="false" c-set-subsequent-allowed="true" date-revised="2013-01-01" status="published"><classification-symbol>E01H1/108</classification-symbol><class-title date-revised="2013-01-01"><title-part><CPC-specific-text><text>Removing liquids or semi- liquids, e.g. absorbing rain water, sucking-off mud </text><reference><text>in road washing machines <class-ref scheme="cpc">E01H1/103</class-ref>; in snow melting <class-ref scheme="cpc">E01H5/108</class-ref>; applying absorbing agents on oil or the like <class-ref scheme="cpc">E01H1/001</class-ref>; constructional measures for draining roads <class-ref scheme="cpc">E01C11/224</class-ref></text></reference></CPC-specific-text></title-part></class-title></classification-item></classification-item>
<classification-item breakdown-code="false" not-allocatable="false" level="8" additional-only="false" sort-key="E01H1/12" definition-exists="false" ipc-concordant="E01H1/12" c-set-base-allowed="false" c-set-subsequent-allowed="true" date-revised="2017-08-01" status="published"><classification-symbol>E01H1/12</classification-symbol><class-title date-revised="2017-08-01"><title-part><text>Hand implements, e.g. litter pickers </text><reference><CPC-specific-text><text>blowing or suction instruments <class-ref scheme="cpc">E01H1/08</class-ref>; spraying instruments <class-ref scheme="cpc">E01H1/101</class-ref></text></CPC-specific-text><text>; rakes <class-ref scheme="cpc">A01D7/00</class-ref>  </text><CPC-specific-text><text>; brushes or brooms <class-ref scheme="cpc">A46B</class-ref>, <class-ref scheme="cpc">A46D</class-ref>; floor scrapers <class-ref scheme="cpc">A47L13/02</class-ref>; floor squeegees <class-ref scheme="cpc">A47L13/11</class-ref></text></CPC-specific-text></reference></title-part></class-title>
<classification-item breakdown-code="false" not-allocatable="false" level="9" additional-only="false" sort-key="E01H1/1206" definition-exists="false" ipc-concordant="E01H1/12" c-set-base-allowed="false" c-set-subsequent-allowed="true" date-revised="2013-01-01" status="published"><classification-symbol>E01H1/1206</classification-symbol><class-title date-revised="2013-01-01"><title-part><CPC-specific-text><text>for picking up excrements </text><reference><text>manure or urine pouches for animal husbandry <class-ref scheme="cpc">A01K23/00</class-ref></text></reference></CPC-specific-text></title-part></class-title></classification-item>
<classification-item breakdown-code="false" not-allocatable="false" level="9" additional-only="false" sort-key="E01H1/1213" definition-exists="false" ipc-concordant="E01H1/12" c-set-base-allowed="false" c-set-subsequent-allowed="true" date-revised="2013-01-01" status="published"><classification-symbol>E01H1/1213</classification-symbol><class-title date-revised="2013-01-01"><title-part><CPC-specific-text><text><u>in situ</u> treatment of excrements</text></CPC-specific-text></title-part></class-title></classification-item>
<classification-item breakdown-code="true" not-allocatable="false" level="9" additional-only="true" sort-key="E01H1/122" definition-exists="false" ipc-concordant="E01H1/12" c-set-base-allowed="false" c-set-subsequent-allowed="true" date-revised="2013-01-01" status="published"><classification-symbol>E01H2001/122</classification-symbol><class-title date-revised="2013-01-01"><title-part><CPC-specific-text><text>Details</text></CPC-specific-text></title-part></class-title>
<classification-item breakdown-code="true" not-allocatable="false" level="10" additional-only="true" sort-key="E01H1/1226" definition-exists="false" ipc-concordant="E01H1/12" c-set-base-allowed="false" c-set-subsequent-allowed="true" date-revised="2013-01-01" status="published"><classification-symbol>E01H2001/1226</classification-symbol><class-title date-revised="2013-01-01"><title-part><CPC-specific-text><text>characterised by way of removing material</text></CPC-specific-text></title-part></class-title>
<classification-item breakdown-code="true" not-allocatable="false" level="11" additional-only="true" sort-key="E01H1/1233" definition-exists="false" ipc-concordant="E01H1/12" c-set-base-allowed="false" c-set-subsequent-allowed="true" date-revised="2013-01-01" status="published"><classification-symbol>E01H2001/1233</classification-symbol><class-title date-revised="2013-01-01"><title-part><CPC-specific-text><text>by pressing a tool in the material to be removed</text></CPC-specific-text></title-part></class-title></classification-item>
<classification-item breakdown-code="true" not-allocatable="false" level="11" additional-only="true" sort-key="E01H1/124" definition-exists="false" ipc-concordant="E01H1/12" c-set-base-allowed="false" c-set-subsequent-allowed="true" date-revised="2013-01-01" status="published"><classification-symbol>E01H2001/124</classification-symbol><class-title date-revised="2013-01-01"><title-part><CPC-specific-text><text>Glove-like means</text></CPC-specific-text></title-part></class-title></classification-item>
<classification-item breakdown-code="true" not-allocatable="false" level="11" additional-only="true" sort-key="E01H1/1246" definition-exists="false" ipc-concordant="E01H1/12" c-set-base-allowed="false" c-set-subsequent-allowed="true" date-revised="2013-01-01" status="published"><classification-symbol>E01H2001/1246</classification-symbol><class-title date-revised="2013-01-01"><title-part><CPC-specific-text><text>Double or multiple closing means making horizontal sliding movement (not applied for grabs)</text></CPC-specific-text></title-part></class-title></classification-item>
<classification-item breakdown-code="true" not-allocatable="false" level="11" additional-only="true" sort-key="E01H1/1253" definition-exists="false" ipc-concordant="E01H1/12" c-set-base-allowed="false" c-set-subsequent-allowed="true" date-revised="2013-01-01" status="published"><classification-symbol>E01H2001/1253</classification-symbol><class-title date-revised="2013-01-01"><title-part><CPC-specific-text><text>by using shoes to remove the material</text></CPC-specific-text></title-part></class-title></classification-item>
<classification-item breakdown-code="true" not-allocatable="false" level="11" additional-only="true" sort-key="E01H1/126" definition-exists="false" ipc-concordant="E01H1/12" c-set-base-allowed="false" c-set-subsequent-allowed="true" date-revised="2013-01-01" status="published"><classification-symbol>E01H2001/126</classification-symbol><class-title date-revised="2013-01-01"><title-part><CPC-specific-text><text>the implement being for single use but not glove-like</text></CPC-specific-text></title-part></class-title></classification-item></classification-item>
<classification-item breakdown-code="true" not-allocatable="false" level="10" additional-only="true" sort-key="E01H1/1266" definition-exists="false" ipc-concordant="E01H1/12" c-set-base-allowed="false" c-set-subsequent-allowed="true" date-revised="2013-01-01" status="published"><classification-symbol>E01H2001/1266</classification-symbol><class-title date-revised="2013-01-01"><title-part><CPC-specific-text><text>having lighting means</text></CPC-specific-text></title-part></class-title></classification-item>
<classification-item breakdown-code="true" not-allocatable="false" level="10" additional-only="true" sort-key="E01H1/1273" definition-exists="false" ipc-concordant="E01H1/12" c-set-base-allowed="false" c-set-subsequent-allowed="true" date-revised="2013-01-01" status="published"><classification-symbol>E01H2001/1273</classification-symbol><class-title date-revised="2013-01-01"><title-part><CPC-specific-text><text>having a dog leash</text></CPC-specific-text></title-part></class-title></classification-item>
<classification-item breakdown-code="true" not-allocatable="false" level="10" additional-only="true" sort-key="E01H1/128" definition-exists="false" ipc-concordant="E01H1/12" c-set-base-allowed="false" c-set-subsequent-allowed="true" date-revised="2013-01-01" status="published"><classification-symbol>E01H2001/128</classification-symbol><class-title date-revised="2013-01-01"><title-part><CPC-specific-text><text>having means for storing bags or the like</text></CPC-specific-text></title-part></class-title>
<classification-item breakdown-code="true" not-allocatable="false" level="11" additional-only="true" sort-key="E01H1/1286" definition-exists="false" ipc-concordant="E01H1/12" c-set-base-allowed="false" c-set-subsequent-allowed="true" date-revised="2013-01-01" status="published"><classification-symbol>E01H2001/1286</classification-symbol><class-title date-revised="2013-01-01"><title-part><CPC-specific-text><text>storing used bags</text></CPC-specific-text></title-part></class-title></classification-item></classification-item>
<classification-item breakdown-code="true" not-allocatable="false" level="10" additional-only="true" sort-key="E01H1/1293" definition-exists="false" ipc-concordant="E01H1/12" c-set-base-allowed="false" c-set-subsequent-allowed="true" date-revised="2013-01-01" status="published"><classification-symbol>E01H2001/1293</classification-symbol><class-title date-revised="2013-01-01"><title-part><CPC-specific-text><text>Walking cane or the like, i.e. implements allowing handling while in an upright position</text></CPC-specific-text></title-part></class-title></classification-item></classification-item></classification-item>
<classification-item breakdown-code="false" not-allocatable="false" level="8" additional-only="false" sort-key="E01H1/14" definition-exists="false" ipc-concordant="E01H1/14" c-set-base-allowed="false" c-set-subsequent-allowed="true" date-revised="2013-01-01" status="published"><classification-symbol>E01H1/14</classification-symbol><class-title date-revised="2013-01-01"><title-part><text>Removing by magnetic effect </text><CPC-specific-text><reference><text>general household magnetic cleaning implements <class-ref scheme="cpc">A47L13/41</class-ref>; as equipment for road vehicles <class-ref scheme="cpc">B60R19/00</class-ref></text></reference></CPC-specific-text></title-part></class-title></classification-item></classification-item>
<classification-item breakdown-code="false" not-allocatable="false" level="7" additional-only="false" sort-key="E01H3/00" definition-exists="true" ipc-concordant="E01H3/00" c-set-base-allowed="false" c-set-subsequent-allowed="true" date-revised="2017-08-01" status="published"><classification-symbol>E01H3/00</classification-symbol><class-title date-revised="2017-08-01"><title-part><text>Applying liquids to roads or like surfaces, e.g. for dust control</text></title-part><title-part><text>Stationary flushing devices </text><reference><text>combined with removal of undesirable matter <class-ref scheme="cpc">E01H1/00</class-ref>; spray heads, other outlets <class-ref scheme="cpc">B05B</class-ref>  </text><CPC-specific-text><text>; applying hot water for melting snow <class-ref scheme="cpc">E01H5/10</class-ref>; applicators for melting liquids <class-ref scheme="cpc">E01H10/00</class-ref>; weed destruction <class-ref scheme="cpc">E01H11/00</class-ref></text></CPC-specific-text></reference></title-part></class-title>
<classification-item breakdown-code="false" not-allocatable="false" level="8" additional-only="false" sort-key="E01H3/02" definition-exists="false" ipc-concordant="E01H3/02" c-set-base-allowed="false" c-set-subsequent-allowed="true" date-revised="2017-08-01" status="published"><classification-symbol>E01H3/02</classification-symbol><class-title date-revised="2017-08-01"><title-part><text>Mobile apparatus, e.g. watering-vehicles </text><reference><text>vehicle features <class-ref scheme="cpc">B60P3/22</class-ref>; </text><CPC-specific-text><text>moistening combined with the removal of undesirable matter <class-ref scheme="cpc">E01H1/00</class-ref>; mobile flushing or washing installations <class-ref scheme="cpc">E01H1/101</class-ref></text></CPC-specific-text><text> applying liquid materials for road paving materials <class-ref scheme="cpc">E01C19/16</class-ref> </text><CPC-specific-text><text>; applying curing agents on concrete roads <class-ref scheme="cpc">E01C23/03</class-ref>; applying marking-out agents <class-ref scheme="cpc">E01C23/16</class-ref>; road moistening devices in cleaning machines <u>per se</u>; mobile apparatus specially adapted for applying liquid or semi-liquid thawing materials <class-ref scheme="cpc">E01H10/007</class-ref></text></CPC-specific-text></reference></title-part></class-title></classification-item>
<classification-item breakdown-code="false" not-allocatable="false" level="8" additional-only="false" sort-key="E01H3/04" definition-exists="false" ipc-concordant="E01H3/04" c-set-base-allowed="false" c-set-subsequent-allowed="true" date-revised="2013-01-01" status="published"><classification-symbol>E01H3/04</classification-symbol><class-title date-revised="2013-01-01"><title-part><text>Fixed devices, e.g. permanently- installed flushing means </text><reference><CPC-specific-text><text>fixed applicators for defrosting agents <class-ref scheme="cpc">E01H10/00</class-ref>; fixed flushing installations for tramway rails <class-ref scheme="cpc">E01B21/02</class-ref>; built-in irrigation devices for sports grounds <class-ref scheme="cpc">E01C13/02</class-ref></text></CPC-specific-text><text>; hydrants <class-ref scheme="cpc">E03B9/00</class-ref></text></reference></title-part></class-title></classification-item></classification-item>
<classification-item breakdown-code="false" not-allocatable="false" level="7" additional-only="false" sort-key="E01H4/00" definition-exists="true" ipc-concordant="E01H4/00" c-set-base-allowed="false" c-set-subsequent-allowed="true" date-revised="2013-01-01" status="published"><classification-symbol>E01H4/00</classification-symbol><class-title date-revised="2013-01-01"><title-part><text>Working on surfaces of snow or ice in order to make them suitable for traffic or sporting purposes, e.g. by compacting snow </text><reference><text>production of artificial snow <class-ref scheme="cpc">F25C3/04</class-ref></text></reference></title-part></class-title>
<classification-item breakdown-code="false" not-allocatable="false" level="8" additional-only="false" sort-key="E01H4/02" definition-exists="false" ipc-concordant="E01H4/02" c-set-base-allowed="false" c-set-subsequent-allowed="true" date-revised="2013-01-01" status="published"><classification-symbol>E01H4/02</classification-symbol><class-title date-revised="2013-01-01"><title-part><text>for sporting purposes, e.g. preparation of ski trails; </text><CPC-specific-text><text>Construction of artificial surfacings for snow or ice sports </text><reference><text>construction of ice skating rinks <class-ref scheme="cpc">E01C13/102</class-ref></text></reference><text>; Trails specially adapted for on-the-snow vehicles</text></CPC-specific-text><text>, e.g. devices adapted for ski-trails </text><reference><text>production of snow or ice for winter sports or similar recreational purposes <class-ref scheme="cpc">F25C3/00</class-ref></text></reference></title-part></class-title>
<classification-item breakdown-code="false" not-allocatable="false" level="9" additional-only="false" sort-key="E01H4/023" definition-exists="false" ipc-concordant="E01H4/02" c-set-base-allowed="false" c-set-subsequent-allowed="true" date-revised="2013-01-01" status="published"><classification-symbol>E01H4/023</classification-symbol><class-title date-revised="2013-01-01"><title-part><CPC-specific-text><text>Maintaining surfaces for ice sports, e.g. of skating rinks</text></CPC-specific-text></title-part></class-title></classification-item>
<classification-item breakdown-code="true" not-allocatable="false" level="9" additional-only="true" sort-key="E01H4/026" definition-exists="false" ipc-concordant="E01H4/02" c-set-base-allowed="false" c-set-subsequent-allowed="true" date-revised="2013-01-01" status="published"><classification-symbol>E01H2004/026</classification-symbol><class-title date-revised="2013-01-01"><title-part><CPC-specific-text><text>for making half pipes</text></CPC-specific-text></title-part></class-title></classification-item></classification-item></classification-item>
<classification-item breakdown-code="false" not-allocatable="false" level="7" additional-only="false" sort-key="E01H5/00" definition-exists="true" ipc-concordant="E01H5/00" c-set-base-allowed="false" c-set-subsequent-allowed="true" date-revised="2013-01-01" status="published"><classification-symbol>E01H5/00</classification-symbol><class-title date-revised="2013-01-01"><title-part><text>Removing snow or ice from roads or like surfaces</text></title-part><title-part><text>Grading or roughening snow or ice </text><reference><text>by applying de-icing agents <class-ref scheme="cpc">E01H10/00</class-ref>; obstruction removers on vehicles <class-ref scheme="cpc">B60R19/00</class-ref>; sand, gravel or salt spreaders <class-ref scheme="cpc">E01C19/20</class-ref></text></reference></title-part></class-title>
<classification-item breakdown-code="false" not-allocatable="false" level="8" additional-only="false" sort-key="E01H5/02" definition-exists="false" ipc-concordant="E01H5/02" c-set-base-allowed="false" c-set-subsequent-allowed="true" date-revised="2013-01-01" status="published"><classification-symbol>E01H5/02</classification-symbol><class-title date-revised="2013-01-01"><title-part><text>Hand implements </text><reference><text><class-ref scheme="cpc">E01H5/04</class-ref>, <class-ref scheme="cpc">E01H5/10</class-ref>, <class-ref scheme="cpc">E01H5/12</class-ref> take precedence </text><CPC-specific-text><text>shovels or spades in general <class-ref scheme="cpc">A01B1/02</class-ref>; brooms, brushes <class-ref scheme="cpc">A46B</class-ref></text></CPC-specific-text></reference></title-part></class-title></classification-item>
<classification-item breakdown-code="false" not-allocatable="false" level="8" additional-only="false" sort-key="E01H5/04" definition-exists="false" ipc-concordant="E01H5/04" c-set-base-allowed="false" c-set-subsequent-allowed="true" date-revised="2013-01-01" status="published"><classification-symbol>E01H5/04</classification-symbol><class-title date-revised="2013-01-01"><title-part><text>Apparatus propelled by animal or engine power</text></title-part><title-part><text>Apparatus propelled by hand with driven dislodging or conveying </text><CPC-specific-text><text>levelling</text></CPC-specific-text><text> elements, conveying pneumatically </text><CPC-specific-text><text>for the dislodged material</text></CPC-specific-text><reference><text><class-ref scheme="cpc">E01H5/10</class-ref>, <class-ref scheme="cpc">E01H5/12</class-ref> take precedence</text></reference></title-part></class-title>
<classification-item breakdown-code="false" not-allocatable="false" level="9" additional-only="false" sort-key="E01H5/045" definition-exists="false" ipc-concordant="E01H5/04" c-set-base-allowed="false" c-set-subsequent-allowed="true" date-revised="2013-01-01" status="published"><classification-symbol>E01H5/045</classification-symbol><class-title date-revised="2013-01-01"><title-part><CPC-specific-text><text>Means <u>per se</u> for conveying or discharging the dislodged material, e.g. rotary impellers, discharge chutes </text><reference><text>dislodging apparatus provided therewith <class-ref scheme="cpc">E01H5/07</class-ref>, <class-ref scheme="cpc">E01H5/08</class-ref>, <class-ref scheme="cpc">E01H5/104</class-ref>, <class-ref scheme="cpc">E01H5/12</class-ref></text></reference></CPC-specific-text></title-part></class-title></classification-item>
<classification-item breakdown-code="false" not-allocatable="false" level="9" additional-only="false" sort-key="E01H5/06" definition-exists="false" ipc-concordant="E01H5/06" c-set-base-allowed="false" c-set-subsequent-allowed="true" date-revised="2017-08-01" status="published"><classification-symbol>E01H5/06</classification-symbol><class-title date-revised="2017-08-01"><title-part><text>dislodging essentially by non-driven elements, e.g. scraper blades </text><CPC-specific-text><text>, snow-plough blades, scoop blades</text></CPC-specific-text></title-part></class-title>
<classification-item breakdown-code="false" not-allocatable="false" level="10" additional-only="false" sort-key="E01H5/061" definition-exists="false" ipc-concordant="E01H5/06" c-set-base-allowed="false" c-set-subsequent-allowed="true" date-revised="2013-01-01" status="published"><classification-symbol>E01H5/061</classification-symbol><class-title date-revised="2013-01-01"><title-part><CPC-specific-text><text>by scraper blades</text></CPC-specific-text></title-part></class-title>
<classification-item breakdown-code="false" not-allocatable="false" level="11" additional-only="false" sort-key="E01H5/062" definition-exists="false" ipc-concordant="E01H5/06" c-set-base-allowed="false" c-set-subsequent-allowed="true" date-revised="2013-01-01" status="published"><classification-symbol>E01H5/062</classification-symbol><class-title date-revised="2013-01-01"><title-part><CPC-specific-text><text>by scraper blades displaceable for shock-absorbing purposes</text></CPC-specific-text></title-part></class-title></classification-item></classification-item>
<classification-item breakdown-code="false" not-allocatable="false" level="10" additional-only="false" sort-key="E01H5/063" definition-exists="false" ipc-concordant="E01H5/06" c-set-base-allowed="false" c-set-subsequent-allowed="true" date-revised="2013-01-01" status="published"><classification-symbol>E01H5/063</classification-symbol><class-title date-revised="2013-01-01"><title-part><CPC-specific-text><text>by snow-plough blades tiltable for shock-absorbing purposes</text></CPC-specific-text></title-part></class-title></classification-item>
<classification-item breakdown-code="false" not-allocatable="false" level="10" additional-only="false" sort-key="E01H5/065" definition-exists="false" ipc-concordant="E01H5/06" c-set-base-allowed="false" c-set-subsequent-allowed="true" date-revised="2013-01-01" status="published"><classification-symbol>E01H5/065</classification-symbol><class-title date-revised="2013-01-01"><title-part><CPC-specific-text><text>characterised by the form of the snow-plough blade, e.g. flexible, or by snow-plough blade accessories </text><reference><text><class-ref scheme="cpc">E01H5/061</class-ref>, <class-ref scheme="cpc">E01H5/063</class-ref> take precedence</text></reference></CPC-specific-text></title-part></class-title>
<classification-item breakdown-code="false" not-allocatable="false" level="11" additional-only="false" sort-key="E01H5/066" definition-exists="false" ipc-concordant="E01H5/06" c-set-base-allowed="false" c-set-subsequent-allowed="true" date-revised="2013-01-01" status="published"><classification-symbol>E01H5/066</classification-symbol><class-title date-revised="2013-01-01"><title-part><CPC-specific-text><text>Snow-plough blade accessories, e.g. deflector plates, skid shoes</text></CPC-specific-text></title-part></class-title></classification-item></classification-item>
<classification-item breakdown-code="false" not-allocatable="false" level="10" additional-only="false" sort-key="E01H5/067" definition-exists="false" ipc-concordant="E01H5/06" c-set-base-allowed="false" c-set-subsequent-allowed="true" date-revised="2013-01-01" status="published"><classification-symbol>E01H5/067</classification-symbol><class-title date-revised="2013-01-01"><title-part><CPC-specific-text><text>by side-wing snow-plough blades</text></CPC-specific-text></title-part></class-title></classification-item>
<classification-item breakdown-code="false" not-allocatable="false" level="10" additional-only="false" sort-key="E01H5/068" definition-exists="false" ipc-concordant="E01H5/06" c-set-base-allowed="false" c-set-subsequent-allowed="true" date-revised="2013-01-01" status="published"><classification-symbol>E01H5/068</classification-symbol><class-title date-revised="2013-01-01"><title-part><CPC-specific-text><text>by backblades </text><reference><text>scraper blades mounted on the rear of a tractor <class-ref scheme="cpc">E02F3/7622</class-ref></text></reference></CPC-specific-text></title-part></class-title></classification-item>
<classification-item breakdown-code="false" not-allocatable="false" level="10" additional-only="false" sort-key="E01H5/07" definition-exists="false" ipc-concordant="E01H5/07" c-set-base-allowed="false" c-set-subsequent-allowed="true" date-revised="2013-01-01" status="published"><classification-symbol>E01H5/07</classification-symbol><class-title date-revised="2013-01-01"><title-part><text>and conveying dislodged material by driven or pneumatic means </text><CPC-specific-text><reference><text>removing and melting <class-ref scheme="cpc">E01H5/104</class-ref>; picking-up installations scraping off dirt <class-ref scheme="cpc">E01H1/105</class-ref></text></reference></CPC-specific-text></title-part></class-title>
<classification-item breakdown-code="false" not-allocatable="false" level="11" additional-only="false" sort-key="E01H5/073" definition-exists="false" ipc-concordant="E01H5/07" c-set-base-allowed="false" c-set-subsequent-allowed="true" date-revised="2016-05-01" status="published"><classification-symbol>E01H5/073</classification-symbol><class-title date-revised="2016-05-01"><title-part><CPC-specific-text><text>by belt or chain conveyors </text><reference><text>dislodging by means of elements secured to endless belts or chains <class-ref scheme="cpc">E01H5/08</class-ref></text></reference></CPC-specific-text></title-part></class-title></classification-item>
<classification-item breakdown-code="false" not-allocatable="false" level="11" additional-only="false" sort-key="E01H5/076" definition-exists="false" ipc-concordant="E01H5/07" c-set-base-allowed="false" c-set-subsequent-allowed="true" date-revised="2013-01-01" status="published"><classification-symbol>E01H5/076</classification-symbol><class-title date-revised="2013-01-01"><title-part><CPC-specific-text><text>by rotary or pneumatic conveying means, e.g. impeller wheels </text><reference><text>dislodging by rotary means <class-ref scheme="cpc">E01H5/09</class-ref></text></reference></CPC-specific-text></title-part></class-title></classification-item></classification-item></classification-item>
<classification-item breakdown-code="false" not-allocatable="false" level="9" additional-only="false" sort-key="E01H5/08" definition-exists="false" ipc-concordant="E01H5/08" c-set-base-allowed="false" c-set-subsequent-allowed="true" date-revised="2013-01-01" status="published"><classification-symbol>E01H5/08</classification-symbol><class-title date-revised="2013-01-01"><title-part><text>dislodging essentially by driven elements, </text><CPC-specific-text><reference><text>e.g. vibrated; removing and melting <class-ref scheme="cpc">E01H5/104</class-ref>; with heated instruments <class-ref scheme="cpc">E01H5/10</class-ref></text></reference></CPC-specific-text></title-part></class-title>
<classification-item breakdown-code="false" not-allocatable="false" level="10" additional-only="false" sort-key="E01H5/09" definition-exists="false" ipc-concordant="E01H5/09" c-set-base-allowed="false" c-set-subsequent-allowed="true" date-revised="2013-01-01" status="published"><classification-symbol>E01H5/09</classification-symbol><class-title date-revised="2013-01-01"><title-part><text>the elements being rotary or moving along a closed circular path, e.g. rotary cutter, digging wheels</text></title-part></class-title>
<classification-item breakdown-code="false" not-allocatable="false" level="11" additional-only="false" sort-key="E01H5/092" definition-exists="false" ipc-concordant="E01H5/09" c-set-base-allowed="false" c-set-subsequent-allowed="true" date-revised="2013-01-01" status="published"><classification-symbol>E01H5/092</classification-symbol><class-title date-revised="2013-01-01"><title-part><CPC-specific-text><text>Brushing elements</text></CPC-specific-text></title-part></class-title></classification-item>
<classification-item breakdown-code="false" not-allocatable="false" level="11" additional-only="false" sort-key="E01H5/094" definition-exists="false" ipc-concordant="E01H5/09" c-set-base-allowed="false" c-set-subsequent-allowed="true" date-revised="2013-01-01" status="published"><classification-symbol>E01H5/094</classification-symbol><class-title date-revised="2013-01-01"><title-part><CPC-specific-text><text>about vertical or substantially vertical axises</text></CPC-specific-text></title-part></class-title></classification-item>
<classification-item breakdown-code="false" not-allocatable="false" level="11" additional-only="false" sort-key="E01H5/096" definition-exists="false" ipc-concordant="E01H5/09" c-set-base-allowed="false" c-set-subsequent-allowed="true" date-revised="2013-01-01" status="published"><classification-symbol>E01H5/096</classification-symbol><class-title date-revised="2013-01-01"><title-part><CPC-specific-text><text>about axes parallel or substantially parallel to the direction of clearing</text></CPC-specific-text></title-part></class-title></classification-item>
<classification-item breakdown-code="false" not-allocatable="false" level="11" additional-only="false" sort-key="E01H5/098" definition-exists="false" ipc-concordant="E01H5/09" c-set-base-allowed="false" c-set-subsequent-allowed="true" date-revised="2013-01-01" status="published"><classification-symbol>E01H5/098</classification-symbol><class-title date-revised="2013-01-01"><title-part><CPC-specific-text><text>about horizontal or substantially horizontal axises perpendicular or substantially perpendicular to the direction of clearing</text></CPC-specific-text></title-part></class-title></classification-item></classification-item></classification-item></classification-item>
<classification-item breakdown-code="false" not-allocatable="false" level="8" additional-only="false" sort-key="E01H5/10" definition-exists="false" ipc-concordant="E01H5/10" c-set-base-allowed="false" c-set-subsequent-allowed="true" date-revised="2013-01-01" status="published"><classification-symbol>E01H5/10</classification-symbol><class-title date-revised="2013-01-01"><title-part><text>by application of heat </text><CPC-specific-text><text>for melting snow or ice, whether cleared or not, combined or not with clearing or removing mud or water, e.g. burners for melting <u>in situ</u>, heated clearing instruments</text></CPC-specific-text><reference><CPC-specific-text><text>drying by heat <class-ref scheme="cpc">E01H1/0809</class-ref>; melting by application of defrosting agents <class-ref scheme="cpc">E01H10/00</class-ref>; weed scorching devices which can also melt snow <class-ref scheme="cpc">E01H11/00</class-ref>;</text></CPC-specific-text><text> stationary blowing or paving heating means <class-ref scheme="cpc">E01C11/26</class-ref></text></reference><text>; </text><CPC-specific-text><text>Cleaning snow by blowing or suction only</text></CPC-specific-text></title-part></class-title>
<classification-item breakdown-code="false" not-allocatable="false" level="9" additional-only="false" sort-key="E01H5/102" definition-exists="false" ipc-concordant="E01H5/10" c-set-base-allowed="false" c-set-subsequent-allowed="true" date-revised="2013-01-01" status="published"><classification-symbol>E01H5/102</classification-symbol><class-title date-revised="2013-01-01"><title-part><CPC-specific-text><text>Self-contained devices for melting dislodged snow or ice, e.g. built-in melting chambers, movable melting tanks </text><reference><text>combined with removing devices <class-ref scheme="cpc">E01H5/104</class-ref></text></reference></CPC-specific-text></title-part></class-title></classification-item>
<classification-item breakdown-code="false" not-allocatable="false" level="9" additional-only="false" sort-key="E01H5/104" definition-exists="false" ipc-concordant="E01H5/10" c-set-base-allowed="false" c-set-subsequent-allowed="true" date-revised="2013-01-01" status="published"><classification-symbol>E01H5/104</classification-symbol><class-title date-revised="2013-01-01"><title-part><CPC-specific-text><text>Removing devices for dislodging snow or ice; followed by melting the removed material </text><reference><text>removing by suction only and subsequent melting <class-ref scheme="cpc">E01H5/106</class-ref></text></reference></CPC-specific-text></title-part></class-title></classification-item>
<classification-item breakdown-code="false" not-allocatable="false" level="9" additional-only="false" sort-key="E01H5/106" definition-exists="false" ipc-concordant="E01H5/10" c-set-base-allowed="false" c-set-subsequent-allowed="true" date-revised="2013-01-01" status="published"><classification-symbol>E01H5/106</classification-symbol><class-title date-revised="2013-01-01"><title-part><CPC-specific-text><text>Clearing snow or ice exclusively by means of rays or streams of gas or steam, or by suction with or without melting </text><reference><text><class-ref scheme="cpc">E01H5/108</class-ref> takes precedence; drying by means of gas streams, blowing- off dirt <class-ref scheme="cpc">E01H1/0809</class-ref>; sucking-off dirt <class-ref scheme="cpc">E01H1/0827</class-ref></text></reference></CPC-specific-text></title-part></class-title></classification-item>
<classification-item breakdown-code="false" not-allocatable="false" level="9" additional-only="false" sort-key="E01H5/108" definition-exists="false" ipc-concordant="E01H5/10" c-set-base-allowed="false" c-set-subsequent-allowed="true" date-revised="2013-01-01" status="published"><classification-symbol>E01H5/108</classification-symbol><class-title date-revised="2013-01-01"><title-part><CPC-specific-text><text>Devices for melting snow or ice <u>in situ</u> and removing subsequently for the mud or melting water </text><reference><text>melting <u>in situ</u> <class-ref scheme="cpc">E01H5/10</class-ref>; by means of hot gases or steam <class-ref scheme="cpc">E01H5/106</class-ref>; removing water or mud <class-ref scheme="cpc">E01H1/108</class-ref></text></reference></CPC-specific-text></title-part></class-title></classification-item></classification-item>
<classification-item breakdown-code="false" not-allocatable="false" level="8" additional-only="false" sort-key="E01H5/12" definition-exists="false" ipc-concordant="E01H5/12" c-set-base-allowed="false" c-set-subsequent-allowed="true" date-revised="2013-01-01" status="published"><classification-symbol>E01H5/12</classification-symbol><class-title date-revised="2013-01-01"><title-part><text>Apparatus or implements specially adapted for breaking, disintegrating, or loosening layers of ice or hard snow </text><CPC-specific-text><text>with or without clearing or removing </text><reference><text><class-ref scheme="cpc">E01H5/10</class-ref> takes precedence</text></reference><text>; Roughening ice or hard snow by means of tools </text><reference><text>by means of gritting materials <class-ref scheme="cpc">E01H10/00</class-ref>; roughening or breaking-up pavements <class-ref scheme="cpc">E01C23/08</class-ref>, <class-ref scheme="cpc">E01C23/12</class-ref></text></reference></CPC-specific-text></title-part></class-title></classification-item></classification-item>
<classification-item breakdown-code="false" not-allocatable="false" level="7" additional-only="false" sort-key="E01H6/00" definition-exists="true" ipc-concordant="E01H6/00" c-set-base-allowed="false" c-set-subsequent-allowed="true" date-revised="2013-01-01" status="published"><classification-symbol>E01H6/00</classification-symbol><class-title date-revised="2013-01-01"><title-part><text>Apparatus equipped with, or having provisions for equipping with, both elements </text><CPC-specific-text><text>for especially</text></CPC-specific-text><text> removal of refuse or the like and elements for removal of snow or ice </text><reference><text><class-ref scheme="cpc">E01H8/10</class-ref> takes precedence</text></reference></title-part></class-title></classification-item>
<classification-item breakdown-code="false" not-allocatable="false" level="7" additional-only="false" sort-key="E01H8/00" definition-exists="true" ipc-concordant="E01H8/00" c-set-base-allowed="false" c-set-subsequent-allowed="true" date-revised="2016-05-01" status="published"><classification-symbol>E01H8/00</classification-symbol><class-title date-revised="2016-05-01"><title-part><text>Removing undesirable matter from the permanent way of railways</text></title-part><title-part><text>Removing undesirable matter from tramway rails </text><reference><text><class-ref scheme="cpc">E01H1/00</class-ref>&#160;-&#160;<class-ref scheme="cpc">E01H6/00</class-ref> take precedence; </text><CPC-specific-text><text>controlling vegetation <class-ref scheme="cpc">E01H11/00</class-ref>; removing ballast from rails or sleepers <class-ref scheme="cpc">E01B27/023</class-ref>; removing, cleaning the ballast itself <class-ref scheme="cpc">E01B27/04</class-ref>, <class-ref scheme="cpc">E01B27/06</class-ref></text></CPC-specific-text></reference></title-part></class-title>
<classification-item breakdown-code="false" not-allocatable="false" level="8" additional-only="false" sort-key="E01H8/02" definition-exists="false" ipc-concordant="E01H8/02" c-set-base-allowed="false" c-set-subsequent-allowed="true" date-revised="2013-01-01" status="published"><classification-symbol>E01H8/02</classification-symbol><class-title date-revised="2013-01-01"><title-part><text>Methods or apparatus for removing ice or snow from railway tracks, e.g. using snow-ploughs </text><CPC-specific-text><text>Devices for dislodging snow or ice which are carried or propelled by tramway vehicles</text></CPC-specific-text><reference><text>operating only on rails or flange grooves <class-ref scheme="cpc">E01H8/10</class-ref></text></reference><text>; </text><CPC-specific-text><text>Moving or removing ballast; </text><reference><text><class-ref scheme="cpc">E01B27/02</class-ref>, <class-ref scheme="cpc">E01B27/04</class-ref> take precedence; removing snow or ice in general <class-ref scheme="cpc">E01H5/00</class-ref></text></reference></CPC-specific-text></title-part></class-title>
<classification-item breakdown-code="false" not-allocatable="false" level="9" additional-only="false" sort-key="E01H8/04" definition-exists="false" ipc-concordant="E01H8/04" c-set-base-allowed="false" c-set-subsequent-allowed="true" date-revised="2013-01-01" status="published"><classification-symbol>E01H8/04</classification-symbol><class-title date-revised="2013-01-01"><title-part><text>essentially by non-driven elements </text><CPC-specific-text><text>Clearing instruments, e.g. scraping blades, scoop plates </text><reference><text>with oscillating or vibrating tools <class-ref scheme="cpc">E01H8/06</class-ref>; with heated instruments or combined with melting <class-ref scheme="cpc">E01H8/10</class-ref>; ballast ploughs <class-ref scheme="cpc">E01B27/025</class-ref>; track clearing devices <class-ref scheme="cpc">B61F19/06</class-ref></text></reference></CPC-specific-text></title-part></class-title></classification-item>
<classification-item breakdown-code="false" not-allocatable="false" level="9" additional-only="false" sort-key="E01H8/06" definition-exists="false" ipc-concordant="E01H8/06" c-set-base-allowed="false" c-set-subsequent-allowed="true" date-revised="2013-01-01" status="published"><classification-symbol>E01H8/06</classification-symbol><class-title date-revised="2013-01-01"><title-part><text>essentially by driven tools </text><CPC-specific-text><text>clearing instruments, e.g. rotary cutting tools or brushes </text><reference><text>with heated instruments or combined with melting <class-ref scheme="cpc">E01H8/08</class-ref>; for spreading or redistributing ballast <class-ref scheme="cpc">E01B27/026</class-ref></text></reference></CPC-specific-text></title-part></class-title></classification-item>
<classification-item breakdown-code="false" not-allocatable="false" level="9" additional-only="false" sort-key="E01H8/08" definition-exists="false" ipc-concordant="E01H8/08" c-set-base-allowed="false" c-set-subsequent-allowed="true" date-revised="2013-01-01" status="published"><classification-symbol>E01H8/08</classification-symbol><class-title date-revised="2013-01-01"><title-part><text>by application of heat, </text><CPC-specific-text><text>e.g. by means of heated clearing instruments, melting <u>in situ</u></text></CPC-specific-text><reference><CPC-specific-text><text>weed scorching devices which may also melt snow <class-ref scheme="cpc">E01H11/00</class-ref>;</text></CPC-specific-text><text> heated track <class-ref scheme="cpc">E01B19/00</class-ref></text></reference><text>; </text><CPC-specific-text><text>Clearing devices which melt the dislodged snow; Clearing exclusively by means of rays or streams or gas or stream, or by suction</text></CPC-specific-text></title-part></class-title></classification-item></classification-item>
<classification-item breakdown-code="false" not-allocatable="false" level="8" additional-only="false" sort-key="E01H8/10" definition-exists="false" ipc-concordant="E01H8/10" c-set-base-allowed="false" c-set-subsequent-allowed="true" date-revised="2013-01-01" status="published"><classification-symbol>E01H8/10</classification-symbol><class-title date-revised="2013-01-01"><title-part><text>Removing undesirable matter from rails, flange grooves, or the like </text><CPC-specific-text><text>railway parts</text></CPC-specific-text><text>, e.g. removing ice from contact rails, removing mud from flange grooves </text><reference><text>heating, blowing, or fluid-applying devices installed in the track <class-ref scheme="cpc">E01B19/00</class-ref>; built-in draining devices for rails <class-ref scheme="cpc">E01B21/02</class-ref>; removing ballast from rails <class-ref scheme="cpc">E01B27/04</class-ref></text></reference></title-part></class-title>
<classification-item breakdown-code="false" not-allocatable="false" level="9" additional-only="false" sort-key="E01H8/105" definition-exists="false" ipc-concordant="E01H8/10" c-set-base-allowed="false" c-set-subsequent-allowed="true" date-revised="2013-01-01" status="published"><classification-symbol>E01H8/105</classification-symbol><class-title date-revised="2013-01-01"><title-part><CPC-specific-text><text>Pneumatically or hydraulically loosening, removing or dislodging undesirable matter, e.g. removing by blowing, flushing, suction; Application of melting liquids; Loosening or removing by means of heat, e.g. cleaning by plasma torches, drying by burners </text><reference><text><class-ref scheme="cpc">E01H8/125</class-ref> takes precedence; drying, blowing or liquid-applying devices incorporated in the permanent way <class-ref scheme="cpc">E01B19/00</class-ref>; heating or cooling rails during construction or maintenance <class-ref scheme="cpc">E01B31/18</class-ref>; wetting or lubricating rails <class-ref scheme="cpc">B61K3/00</class-ref>; plasma torches <class-ref scheme="cpc">H05H1/26</class-ref></text></reference></CPC-specific-text></title-part></class-title></classification-item>
<classification-item breakdown-code="false" not-allocatable="false" level="9" additional-only="false" sort-key="E01H8/12" definition-exists="false" ipc-concordant="E01H8/12" c-set-base-allowed="false" c-set-subsequent-allowed="true" date-revised="2017-08-01" status="published"><classification-symbol>E01H8/12</classification-symbol><class-title date-revised="2017-08-01"><title-part><text>specially adapted to grooved rails, flangeways, or like </text><CPC-specific-text><text>parts of the permanent way, e.g. level crossings or switches</text></CPC-specific-text></title-part></class-title>
<classification-item breakdown-code="false" not-allocatable="false" level="10" additional-only="false" sort-key="E01H8/125" definition-exists="false" ipc-concordant="E01H8/12" c-set-base-allowed="false" c-set-subsequent-allowed="true" date-revised="2013-01-01" status="published"><classification-symbol>E01H8/125</classification-symbol><class-title date-revised="2013-01-01"><title-part><CPC-specific-text><text>Pneumatically or hydraulically loosening, removing or dislodging undesirable matter, e.g. removing by blowing, suction or flushing </text><reference><text>flushing devices incorporated in tramay tracks <class-ref scheme="cpc">E01B21/02</class-ref></text></reference><text>; Loosening or removing by means of heat </text><reference><text>built-in heating, blowing or liquid applying devices for switches <class-ref scheme="cpc">E01B7/24</class-ref></text></reference></CPC-specific-text></title-part></class-title></classification-item></classification-item></classification-item></classification-item>
<classification-item breakdown-code="false" not-allocatable="false" level="7" additional-only="false" sort-key="E01H10/00" definition-exists="true" ipc-concordant="E01H10/00" c-set-base-allowed="false" c-set-subsequent-allowed="true" date-revised="2013-01-01" status="published"><classification-symbol>E01H10/00</classification-symbol><class-title date-revised="2013-01-01"><title-part><text>Improving gripping of ice-bound or other slippery traffic surfaces, e.g. using gritting or thawing materials </text><CPC-specific-text><text>Roadside storage of gritting or solid thawing materials; Permanently installed devices for applying gritting or thawing materials; Mobile apparatus specially adapted for treating wintry roads by applying liquid, semi-liquid or granular materials</text></CPC-specific-text><reference><text>roughening ice by means of tools <class-ref scheme="cpc">E01H5/12</class-ref>; applying de-icing agents to rails <class-ref scheme="cpc">E01H8/10</class-ref>; thawing materials <class-ref scheme="cpc">C09K3/18</class-ref>; by constructional features <class-ref scheme="cpc">E01C11/24</class-ref>; </text><CPC-specific-text><text>apparatus for distributing granular materials for road building purposes <class-ref scheme="cpc">E01C19/20</class-ref>; treatment of dispersed oil or similar pollution on roads <class-ref scheme="cpc">E01H1/001</class-ref></text></CPC-specific-text></reference></title-part></class-title>
<classification-item breakdown-code="false" not-allocatable="false" level="8" additional-only="false" sort-key="E01H10/002" definition-exists="false" ipc-concordant="E01H10/00" c-set-base-allowed="false" c-set-subsequent-allowed="true" date-revised="2013-01-01" status="published"><classification-symbol>E01H10/002</classification-symbol><class-title date-revised="2013-01-01"><title-part><CPC-specific-text><text>Roadside storage of gritting or solid thawing materials, e.g. grit or salt bins</text></CPC-specific-text></title-part></class-title></classification-item>
<classification-item breakdown-code="false" not-allocatable="false" level="8" additional-only="false" sort-key="E01H10/005" definition-exists="false" ipc-concordant="E01H10/00" c-set-base-allowed="false" c-set-subsequent-allowed="true" date-revised="2017-05-01" status="published"><classification-symbol>E01H10/005</classification-symbol><class-title date-revised="2017-05-01"><title-part><CPC-specific-text><text>Permanently-installed devices for applying gritting or thawing materials, e.g. for spreading grit, for spraying de-icing liquids</text></CPC-specific-text></title-part></class-title></classification-item>
<classification-item breakdown-code="false" not-allocatable="false" level="8" additional-only="false" sort-key="E01H10/007" definition-exists="false" ipc-concordant="E01H10/00" c-set-base-allowed="false" c-set-subsequent-allowed="true" date-revised="2013-01-01" status="published"><classification-symbol>E01H10/007</classification-symbol><class-title date-revised="2013-01-01"><title-part><CPC-specific-text><text>Mobile apparatus specially adapted for preparing or applying liquid or semi-liquid thawing material or spreading granular material on wintry roads</text></CPC-specific-text></title-part></class-title></classification-item></classification-item>
<classification-item breakdown-code="false" not-allocatable="false" level="7" additional-only="false" sort-key="E01H11/00" definition-exists="true" ipc-concordant="E01H11/00" c-set-base-allowed="false" c-set-subsequent-allowed="true" date-revised="2017-05-01" status="published"><classification-symbol>E01H11/00</classification-symbol><class-title date-revised="2017-05-01"><title-part><text>Control of undesirable vegetation on roads </text><CPC-specific-text><text>or similar surfaces</text></CPC-specific-text><text> or permanent ways of railways, </text><CPC-specific-text><text>e.g. devices for scorching weeds or for applying herbicides</text></CPC-specific-text><reference><text>destruction of undesirable vegetation in general <class-ref scheme="cpc">A01M7/00</class-ref>&#160;-&#160;<class-ref scheme="cpc">A01M15/00</class-ref>, <class-ref scheme="cpc">A01M21/00</class-ref>; weeding involving working the ballast <class-ref scheme="cpc">E01B27/00</class-ref>; mowers for embankments <class-ref scheme="cpc">A01D34/86</class-ref>; hedge shearing machines <class-ref scheme="cpc">A01G3/04</class-ref></text></reference></title-part><title-part><text>Applying liquids, e.g. water, weed-killer bitumen, to permanent ways </text><reference><text>specially to rails <class-ref scheme="cpc">E01H8/10</class-ref> </text><CPC-specific-text><text><class-ref scheme="cpc">E01H8/105</class-ref>, <class-ref scheme="cpc">E01H8/125</class-ref></text></CPC-specific-text><text>; for preserving sleepers <class-ref scheme="cpc">E01B31/20</class-ref></text></reference></title-part></class-title></classification-item>
<classification-item breakdown-code="false" not-allocatable="false" level="7" additional-only="false" sort-key="E01H12/00" definition-exists="true" ipc-concordant="E01H12/00" c-set-base-allowed="false" c-set-subsequent-allowed="true" date-revised="2013-01-01" status="published"><classification-symbol>E01H12/00</classification-symbol><class-title date-revised="2013-01-01"><title-part><text>Cleaning beaches </text><CPC-specific-text><text>or sandboxes</text></CPC-specific-text></title-part></class-title>
<classification-item breakdown-code="false" not-allocatable="false" level="8" additional-only="false" sort-key="E01H12/002" definition-exists="false" ipc-concordant="E01H12/00" c-set-base-allowed="false" c-set-subsequent-allowed="true" date-revised="2013-01-01" status="published"><classification-symbol>E01H12/002</classification-symbol><class-title date-revised="2013-01-01"><title-part><CPC-specific-text><text>Treatment <u>in situ</u> </text><reference><text><class-ref scheme="cpc">E01H12/006</class-ref> takes precedence</text></reference></CPC-specific-text></title-part></class-title></classification-item>
<classification-item breakdown-code="false" not-allocatable="false" level="8" additional-only="false" sort-key="E01H12/004" definition-exists="false" ipc-concordant="E01H12/00" c-set-base-allowed="false" c-set-subsequent-allowed="true" date-revised="2013-01-01" status="published"><classification-symbol>E01H12/004</classification-symbol><class-title date-revised="2013-01-01"><title-part><CPC-specific-text><text>using floating devices</text></CPC-specific-text></title-part></class-title></classification-item>
<classification-item breakdown-code="false" not-allocatable="false" level="8" additional-only="false" sort-key="E01H12/006" definition-exists="false" ipc-concordant="E01H12/00" c-set-base-allowed="false" c-set-subsequent-allowed="true" date-revised="2013-01-01" status="published"><classification-symbol>E01H12/006</classification-symbol><class-title date-revised="2013-01-01"><title-part><CPC-specific-text><text>Oil removal</text></CPC-specific-text></title-part></class-title></classification-item>
<classification-item breakdown-code="false" not-allocatable="false" level="8" additional-only="false" sort-key="E01H12/008" definition-exists="false" ipc-concordant="E01H12/00" c-set-base-allowed="false" c-set-subsequent-allowed="true" date-revised="2013-01-01" status="published"><classification-symbol>E01H12/008</classification-symbol><class-title date-revised="2013-01-01"><title-part><CPC-specific-text><text>cleaning sandboxes</text></CPC-specific-text></title-part></class-title></classification-item></classification-item>
<classification-item breakdown-code="false" not-allocatable="false" level="7" additional-only="false" sort-key="E01H13/00" definition-exists="true" ipc-concordant="E01H13/00" c-set-base-allowed="false" c-set-subsequent-allowed="true" date-revised="2013-01-01" status="published"><classification-symbol>E01H13/00</classification-symbol><class-title date-revised="2013-01-01"><title-part><text>Dispersing </text><CPC-specific-text><text>or preventing</text></CPC-specific-text><text> fog in general, e.g. on roads, on airfields </text><CPC-specific-text><reference><text>condensing atmospheric humidity in general <class-ref scheme="cpc">A01G15/00</class-ref>; obtaining drinking water from atmospheric humidity <class-ref scheme="cpc">E03B3/28</class-ref>; heating or blowing devices for keeping roads or the like free from snow or ice <class-ref scheme="cpc">E01C11/26</class-ref></text></reference></CPC-specific-text></title-part></class-title></classification-item>
<classification-item breakdown-code="false" not-allocatable="false" level="7" additional-only="false" sort-key="E01H15/00" definition-exists="true" ipc-concordant="E01H15/00" c-set-base-allowed="false" c-set-subsequent-allowed="true" date-revised="2013-01-01" status="published"><classification-symbol>E01H15/00</classification-symbol><class-title date-revised="2013-01-01"><title-part><text>Removing undesirable matter, e.g. rubbish, from the land, not otherwise provided for </text><reference><text>gatherers for removing stones, roots or the like from the soil <class-ref scheme="cpc">A01B43/00</class-ref></text></reference></title-part></class-title></classification-item></classification-item></classification-item></class-scheme>