<?xml version="1.0" encoding="UTF-8"?>
<class-scheme publication-date="2021-05-01" scheme-type="cpc" publication-type="official">
<classification-item breakdown-code="false" not-allocatable="true" level="5" additional-only="false" sort-key="E03C" definition-exists="false" date-revised="2018-08-01" status="published"><classification-symbol>E03C</classification-symbol><class-title date-revised="2013-01-01"><title-part><text>DOMESTIC PLUMBING INSTALLATIONS FOR FRESH WATER OR WASTE WATER </text><reference><text>not connected to either water-supply main or to waste pipe <class-ref scheme="cpc">A47K</class-ref>; devices of the kind used in the ground <class-ref scheme="cpc">E03B</class-ref>, <class-ref scheme="cpc">E03F</class-ref></text></reference></title-part><title-part><text>SINKS</text></title-part></class-title><notes-and-warnings><note type="warning"><note-paragraph>In this subclass non-limiting references (in the sense of paragraph 39 of the Guide to the IPC) may still be displayed in the scheme.</note-paragraph></note></notes-and-warnings>
<classification-item breakdown-code="false" not-allocatable="true" level="6" additional-only="false" sort-key="E03C1/00" date-revised="2013-01-01" status="published"><classification-symbol>E03C1/00</classification-symbol>
<classification-item breakdown-code="false" not-allocatable="false" level="7" additional-only="false" sort-key="E03C1/00" definition-exists="true" ipc-concordant="E03C1/00" c-set-base-allowed="false" c-set-subsequent-allowed="true" date-revised="2013-01-01" status="published"><classification-symbol>E03C1/00</classification-symbol><class-title date-revised="2013-01-01"><title-part><text>Domestic plumbing installations for fresh water or waste water</text></title-part><title-part><text>Sinks </text><CPC-specific-text><reference><text>work tops <class-ref scheme="cpc">A47B77/022</class-ref></text></reference></CPC-specific-text></title-part></class-title>
<classification-item breakdown-code="true" not-allocatable="false" level="8" additional-only="true" sort-key="E03C1/005" definition-exists="false" ipc-concordant="E03C1/00" c-set-base-allowed="false" c-set-subsequent-allowed="true" date-revised="2013-01-01" status="published"><classification-symbol>E03C2001/005</classification-symbol><class-title date-revised="2013-01-01"><title-part><CPC-specific-text><text>Installations allowing recovery of heat from waste water for warming up fresh water</text></CPC-specific-text></title-part></class-title></classification-item>
<classification-item breakdown-code="false" not-allocatable="false" level="8" additional-only="false" sort-key="E03C1/01" definition-exists="false" ipc-concordant="E03C1/01" c-set-base-allowed="false" c-set-subsequent-allowed="true" date-revised="2013-01-01" status="published"><classification-symbol>E03C1/01</classification-symbol><class-title date-revised="2013-01-01"><title-part><text>for combinations of baths, showers, sinks, wash-basins, closets, urinals, or the like </text><CPC-specific-text><reference><text>combinations of baths, douches, or the like, <class-ref scheme="cpc">A47K4/00</class-ref>; cell-like units for special technical purposes <class-ref scheme="cpc">E04B1/34869</class-ref>; panels adapted for locating conduits <class-ref scheme="cpc">E04C2/52</class-ref>; ducts for installation lines <class-ref scheme="cpc">E04F17/08</class-ref></text></reference></CPC-specific-text></title-part></class-title></classification-item>
<classification-item breakdown-code="false" not-allocatable="false" level="8" additional-only="false" sort-key="E03C1/02" definition-exists="false" ipc-concordant="E03C1/02" c-set-base-allowed="false" c-set-subsequent-allowed="true" date-revised="2013-01-01" status="published"><classification-symbol>E03C1/02</classification-symbol><class-title date-revised="2013-01-01"><title-part><text>Plumbing installations for fresh water</text></title-part></class-title>
<classification-item breakdown-code="false" not-allocatable="false" level="9" additional-only="false" sort-key="E03C1/021" definition-exists="false" ipc-concordant="E03C1/02" c-set-base-allowed="false" c-set-subsequent-allowed="true" date-revised="2013-01-01" status="published"><classification-symbol>E03C1/021</classification-symbol><class-title date-revised="2013-01-01"><title-part><CPC-specific-text><text>Devices for positioning or connecting of water supply lines </text><reference><text>connection to the tap body <class-ref scheme="cpc">E03C1/0403</class-ref></text></reference></CPC-specific-text></title-part></class-title>
<classification-item breakdown-code="false" not-allocatable="false" level="10" additional-only="false" sort-key="E03C1/023" definition-exists="false" ipc-concordant="E03C1/02" c-set-base-allowed="false" c-set-subsequent-allowed="true" date-revised="2013-01-01" status="published"><classification-symbol>E03C1/023</classification-symbol><class-title date-revised="2013-01-01"><title-part><CPC-specific-text><text>with flow distribution, e.g. diverters</text></CPC-specific-text></title-part></class-title></classification-item></classification-item>
<classification-item breakdown-code="false" not-allocatable="false" level="9" additional-only="false" sort-key="E03C1/025" definition-exists="false" ipc-concordant="E03C1/02" c-set-base-allowed="false" c-set-subsequent-allowed="true" date-revised="2013-01-01" status="published"><classification-symbol>E03C1/025</classification-symbol><class-title date-revised="2013-01-01"><title-part><CPC-specific-text><text>Water supply lines as such, e.g. shower hoses</text></CPC-specific-text></title-part></class-title></classification-item>
<classification-item breakdown-code="true" not-allocatable="false" level="9" additional-only="true" sort-key="E03C1/026" definition-exists="false" ipc-concordant="E03C1/02" c-set-base-allowed="false" c-set-subsequent-allowed="true" date-revised="2013-01-01" status="published"><classification-symbol>E03C2001/026</classification-symbol><class-title date-revised="2013-01-01"><title-part><CPC-specific-text><text>with flow restricting devices</text></CPC-specific-text></title-part></class-title></classification-item>
<classification-item breakdown-code="true" not-allocatable="false" level="9" additional-only="true" sort-key="E03C1/028" definition-exists="false" ipc-concordant="E03C1/02" c-set-base-allowed="false" c-set-subsequent-allowed="true" date-revised="2013-01-01" status="published"><classification-symbol>E03C2001/028</classification-symbol><class-title date-revised="2013-01-01"><title-part><CPC-specific-text><text>Alignment aids for plumbing installations</text></CPC-specific-text></title-part></class-title></classification-item>
<classification-item breakdown-code="false" not-allocatable="false" level="9" additional-only="false" sort-key="E03C1/04" definition-exists="false" ipc-concordant="E03C1/04" c-set-base-allowed="false" c-set-subsequent-allowed="true" date-revised="2013-01-01" status="published"><classification-symbol>E03C1/04</classification-symbol><class-title date-revised="2013-01-01"><title-part><text>Water-basin installations specially adapted to wash-basins or baths </text><reference><text>valves, faucets, mixing valves, taps <class-ref scheme="cpc">F16K</class-ref></text></reference></title-part></class-title>
<classification-item breakdown-code="false" not-allocatable="false" level="10" additional-only="false" sort-key="E03C1/0401" definition-exists="false" ipc-concordant="E03C1/04" c-set-base-allowed="false" c-set-subsequent-allowed="true" date-revised="2013-01-01" status="published"><classification-symbol>E03C1/0401</classification-symbol><class-title date-revised="2013-01-01"><title-part><CPC-specific-text><text>Fixing a tap to the sanitary appliance or to an associated mounting surface, e.g. a countertop</text></CPC-specific-text></title-part></class-title>
<classification-item breakdown-code="false" not-allocatable="false" level="11" additional-only="false" sort-key="E03C1/0402" definition-exists="false" ipc-concordant="E03C1/04" c-set-base-allowed="false" c-set-subsequent-allowed="true" date-revised="2013-01-01" status="published"><classification-symbol>E03C1/0402</classification-symbol><class-title date-revised="2013-01-01"><title-part><CPC-specific-text><text>with mounting from only one side</text></CPC-specific-text></title-part></class-title></classification-item></classification-item>
<classification-item breakdown-code="false" not-allocatable="false" level="10" additional-only="false" sort-key="E03C1/0403" definition-exists="false" ipc-concordant="E03C1/04" c-set-base-allowed="false" c-set-subsequent-allowed="true" date-revised="2013-01-01" status="published"><classification-symbol>E03C1/0403</classification-symbol><class-title date-revised="2013-01-01"><title-part><CPC-specific-text><text>Connecting the supply lines to the tap body</text></CPC-specific-text></title-part></class-title></classification-item>
<classification-item breakdown-code="false" not-allocatable="false" level="10" additional-only="false" sort-key="E03C1/0404" definition-exists="false" ipc-concordant="E03C1/04" c-set-base-allowed="false" c-set-subsequent-allowed="true" date-revised="2013-01-01" status="published"><classification-symbol>E03C1/0404</classification-symbol><class-title date-revised="2013-01-01"><title-part><CPC-specific-text><text>Constructional or functional features of the spout</text></CPC-specific-text></title-part></class-title>
<classification-item breakdown-code="false" not-allocatable="false" level="11" additional-only="false" sort-key="E03C1/0405" definition-exists="false" ipc-concordant="E03C1/04" c-set-base-allowed="false" c-set-subsequent-allowed="true" date-revised="2013-01-01" status="published"><classification-symbol>E03C1/0405</classification-symbol><class-title date-revised="2013-01-01"><title-part><CPC-specific-text><text>enabling multiple spray patterns</text></CPC-specific-text></title-part></class-title></classification-item>
<classification-item breakdown-code="false" not-allocatable="false" level="11" additional-only="false" sort-key="E03C1/0407" definition-exists="false" ipc-concordant="E03C1/04" c-set-base-allowed="false" c-set-subsequent-allowed="true" date-revised="2013-01-01" status="published"><classification-symbol>E03C1/0407</classification-symbol><class-title date-revised="2013-01-01"><title-part><CPC-specific-text><text>Spouts for unpressurized outflow of water</text></CPC-specific-text></title-part></class-title></classification-item></classification-item>
<classification-item breakdown-code="false" not-allocatable="false" level="10" additional-only="false" sort-key="E03C1/0408" definition-exists="false" ipc-concordant="E03C1/04" c-set-base-allowed="false" c-set-subsequent-allowed="true" date-revised="2013-01-01" status="published"><classification-symbol>E03C1/0408</classification-symbol><class-title date-revised="2013-01-01"><title-part><CPC-specific-text><text>Water installations especially for showers </text><reference><text><class-ref scheme="cpc">E03C1/06</class-ref> takes precedence; shower heads <class-ref scheme="cpc">B05B1/18</class-ref></text></reference></CPC-specific-text></title-part></class-title>
<classification-item breakdown-code="false" not-allocatable="false" level="11" additional-only="false" sort-key="E03C1/0409" definition-exists="false" ipc-concordant="E03C1/04" c-set-base-allowed="false" c-set-subsequent-allowed="true" date-revised="2013-01-01" status="published"><classification-symbol>E03C1/0409</classification-symbol><class-title date-revised="2013-01-01"><title-part><CPC-specific-text><text>Shower handles</text></CPC-specific-text></title-part></class-title></classification-item></classification-item>
<classification-item breakdown-code="false" not-allocatable="false" level="10" additional-only="false" sort-key="E03C1/041" definition-exists="false" ipc-concordant="E03C1/04" c-set-base-allowed="false" c-set-subsequent-allowed="true" date-revised="2013-01-01" status="published"><classification-symbol>E03C1/041</classification-symbol><class-title date-revised="2013-01-01"><title-part><CPC-specific-text><text>having provisions against scalding, e.g. temperature limiting devices, external covers</text></CPC-specific-text></title-part></class-title></classification-item>
<classification-item breakdown-code="false" not-allocatable="false" level="10" additional-only="false" sort-key="E03C1/0411" definition-exists="false" ipc-concordant="E03C1/04" c-set-base-allowed="false" c-set-subsequent-allowed="true" date-revised="2013-01-01" status="published"><classification-symbol>E03C1/0411</classification-symbol><class-title date-revised="2013-01-01"><title-part><CPC-specific-text><text>Taps specially designed for dispensing boiling water</text></CPC-specific-text></title-part></class-title></classification-item>
<classification-item breakdown-code="false" not-allocatable="false" level="10" additional-only="false" sort-key="E03C1/0412" definition-exists="false" ipc-concordant="E03C1/04" c-set-base-allowed="false" c-set-subsequent-allowed="true" date-revised="2013-01-01" status="published"><classification-symbol>E03C1/0412</classification-symbol><class-title date-revised="2013-01-01"><title-part><CPC-specific-text><text>Constructional or functional features of the faucet handle </text><reference><text>valve actuating members as such <class-ref scheme="cpc">F16K31/60</class-ref></text></reference></CPC-specific-text></title-part></class-title></classification-item>
<classification-item breakdown-code="true" not-allocatable="false" level="10" additional-only="true" sort-key="E03C1/0414" definition-exists="false" ipc-concordant="E03C1/04" c-set-base-allowed="false" c-set-subsequent-allowed="true" date-revised="2013-01-01" status="published"><classification-symbol>E03C2001/0414</classification-symbol><class-title date-revised="2013-01-01"><title-part><CPC-specific-text><text>allowing different orientations of the spout or the outlet nozzle</text></CPC-specific-text></title-part></class-title></classification-item>
<classification-item breakdown-code="true" not-allocatable="false" level="10" additional-only="true" sort-key="E03C1/0415" definition-exists="false" ipc-concordant="E03C1/04" c-set-base-allowed="false" c-set-subsequent-allowed="true" date-revised="2013-01-01" status="published"><classification-symbol>E03C2001/0415</classification-symbol><class-title date-revised="2013-01-01"><title-part><CPC-specific-text><text>having an extendable water outlet</text></CPC-specific-text></title-part></class-title></classification-item>
<classification-item breakdown-code="true" not-allocatable="false" level="10" additional-only="true" sort-key="E03C1/0416" definition-exists="false" ipc-concordant="E03C1/04" c-set-base-allowed="false" c-set-subsequent-allowed="true" date-revised="2013-01-01" status="published"><classification-symbol>E03C2001/0416</classification-symbol><class-title date-revised="2013-01-01"><title-part><CPC-specific-text><text>using a socket for mounting of faucet</text></CPC-specific-text></title-part></class-title></classification-item>
<classification-item breakdown-code="true" not-allocatable="false" level="10" additional-only="true" sort-key="E03C1/0417" definition-exists="false" ipc-concordant="E03C1/04" c-set-base-allowed="false" c-set-subsequent-allowed="true" date-revised="2013-01-01" status="published"><classification-symbol>E03C2001/0417</classification-symbol><class-title date-revised="2013-01-01"><title-part><CPC-specific-text><text>having space-saving features, e.g. retractable, demountable</text></CPC-specific-text></title-part></class-title></classification-item>
<classification-item breakdown-code="true" not-allocatable="false" level="10" additional-only="true" sort-key="E03C1/0418" definition-exists="false" ipc-concordant="E03C1/04" c-set-base-allowed="false" c-set-subsequent-allowed="true" date-revised="2013-01-01" status="published"><classification-symbol>E03C2001/0418</classification-symbol><class-title date-revised="2013-01-01"><title-part><CPC-specific-text><text>having temperature indicating means</text></CPC-specific-text></title-part></class-title></classification-item>
<classification-item breakdown-code="false" not-allocatable="false" level="10" additional-only="false" sort-key="E03C1/042" definition-exists="false" ipc-concordant="E03C1/042" c-set-base-allowed="false" c-set-subsequent-allowed="true" date-revised="2013-01-01" status="published"><classification-symbol>E03C1/042</classification-symbol><class-title date-revised="2013-01-01"><title-part><text>Arrangements on taps for wash-basins or baths for connecting to the wall</text></title-part></class-title></classification-item>
<classification-item breakdown-code="false" not-allocatable="false" level="10" additional-only="false" sort-key="E03C1/044" definition-exists="false" ipc-concordant="E03C1/044" c-set-base-allowed="false" c-set-subsequent-allowed="true" date-revised="2013-01-01" status="published"><classification-symbol>E03C1/044</classification-symbol><class-title date-revised="2013-01-01"><title-part><text>having a heating or cooling apparatus in the supply line </text><reference><text>water heaters, e.g. with continuous flow, <class-ref scheme="cpc">F24H</class-ref></text></reference></title-part></class-title></classification-item>
<classification-item breakdown-code="false" not-allocatable="false" level="10" additional-only="false" sort-key="E03C1/046" definition-exists="false" ipc-concordant="E03C1/046" c-set-base-allowed="false" c-set-subsequent-allowed="true" date-revised="2013-01-01" status="published"><classification-symbol>E03C1/046</classification-symbol><class-title date-revised="2013-01-01"><title-part><text>Adding soap, disinfectant, or the like in the supply line </text><CPC-specific-text><text>or at the water outlet</text></CPC-specific-text><reference><text>preventing contamination of drinking-water pipes <class-ref scheme="cpc">E03C1/10</class-ref></text></reference></title-part></class-title>
<classification-item breakdown-code="false" not-allocatable="false" level="11" additional-only="false" sort-key="E03C1/0465" definition-exists="false" ipc-concordant="E03C1/046" c-set-base-allowed="false" c-set-subsequent-allowed="true" date-revised="2013-01-01" status="published"><classification-symbol>E03C1/0465</classification-symbol><class-title date-revised="2013-01-01"><title-part><CPC-specific-text><text>by mounting an independent soap dispenser to outlet of tap</text></CPC-specific-text></title-part></class-title></classification-item></classification-item>
<classification-item breakdown-code="false" not-allocatable="false" level="10" additional-only="false" sort-key="E03C1/048" definition-exists="false" ipc-concordant="E03C1/048" c-set-base-allowed="false" c-set-subsequent-allowed="true" date-revised="2013-01-01" status="published"><classification-symbol>E03C1/048</classification-symbol><class-title date-revised="2013-01-01"><title-part><text>supplying water through two or more openings around or along one side of the water-basin</text></title-part></class-title></classification-item></classification-item>
<classification-item breakdown-code="false" not-allocatable="false" level="9" additional-only="false" sort-key="E03C1/05" definition-exists="false" ipc-concordant="E03C1/05" c-set-base-allowed="false" c-set-subsequent-allowed="true" date-revised="2013-01-01" status="published"><classification-symbol>E03C1/05</classification-symbol><class-title date-revised="2013-01-01"><title-part><text>Arrangements of devices on wash-basins, baths, sinks, or the like for remote control of taps </text><reference><text>remote control of taps or the like <u>per se</u> <class-ref scheme="cpc">F16K</class-ref></text></reference></title-part></class-title>
<classification-item breakdown-code="false" not-allocatable="false" level="10" additional-only="false" sort-key="E03C1/052" definition-exists="false" ipc-concordant="E03C1/05" c-set-base-allowed="false" c-set-subsequent-allowed="true" date-revised="2013-01-01" status="published"><classification-symbol>E03C1/052</classification-symbol><class-title date-revised="2013-01-01"><title-part><CPC-specific-text><text>Mechanical devices not being part of the tap, e.g. foot pedals</text></CPC-specific-text></title-part></class-title></classification-item>
<classification-item breakdown-code="false" not-allocatable="false" level="10" additional-only="false" sort-key="E03C1/055" definition-exists="false" ipc-concordant="E03C1/05" c-set-base-allowed="false" c-set-subsequent-allowed="true" date-revised="2013-01-01" status="published"><classification-symbol>E03C1/055</classification-symbol><class-title date-revised="2013-01-01"><title-part><CPC-specific-text><text>Electrical control devices, e.g. with push buttons, control panels or the like</text></CPC-specific-text></title-part></class-title>
<classification-item breakdown-code="false" not-allocatable="false" level="11" additional-only="false" sort-key="E03C1/057" definition-exists="false" ipc-concordant="E03C1/05" c-set-base-allowed="false" c-set-subsequent-allowed="true" date-revised="2013-01-01" status="published"><classification-symbol>E03C1/057</classification-symbol><class-title date-revised="2013-01-01"><title-part><CPC-specific-text><text>touchless, i.e. using sensors</text></CPC-specific-text></title-part></class-title></classification-item></classification-item></classification-item>
<classification-item breakdown-code="false" not-allocatable="false" level="9" additional-only="false" sort-key="E03C1/06" definition-exists="false" ipc-concordant="E03C1/06" c-set-base-allowed="false" c-set-subsequent-allowed="true" date-revised="2013-01-01" status="published"><classification-symbol>E03C1/06</classification-symbol><class-title date-revised="2013-01-01"><title-part><text>Devices for suspending or supporting the supply pipe or supply hose of a shower-bath </text><CPC-specific-text><reference><text>showers <u>per se</u> <class-ref scheme="cpc">A47K3/28</class-ref></text></reference></CPC-specific-text></title-part></class-title>
<classification-item breakdown-code="false" not-allocatable="false" level="10" additional-only="false" sort-key="E03C1/063" definition-exists="false" ipc-concordant="E03C1/06" c-set-base-allowed="false" c-set-subsequent-allowed="true" date-revised="2013-01-01" status="published"><classification-symbol>E03C1/063</classification-symbol><class-title date-revised="2013-01-01"><title-part><CPC-specific-text><text>with reciprocating mechanisms </text><reference><text>reciprocating mechanisms for massage, other than showers <class-ref scheme="cpc">A61H2201/1669</class-ref></text></reference></CPC-specific-text></title-part></class-title></classification-item>
<classification-item breakdown-code="false" not-allocatable="false" level="10" additional-only="false" sort-key="E03C1/066" definition-exists="false" ipc-concordant="E03C1/06" c-set-base-allowed="false" c-set-subsequent-allowed="true" date-revised="2013-01-01" status="published"><classification-symbol>E03C1/066</classification-symbol><class-title date-revised="2013-01-01"><title-part><CPC-specific-text><text>allowing height adjustment of shower head</text></CPC-specific-text></title-part></class-title></classification-item></classification-item>
<classification-item breakdown-code="false" not-allocatable="false" level="9" additional-only="false" sort-key="E03C1/08" definition-exists="false" ipc-concordant="E03C1/08" c-set-base-allowed="false" c-set-subsequent-allowed="true" date-revised="2013-01-01" status="published"><classification-symbol>E03C1/08</classification-symbol><class-title date-revised="2013-01-01"><title-part><text>Jet regulators </text><CPC-specific-text><text>or jet guides</text></CPC-specific-text><text>, e.g. anti-splash devices</text></title-part></class-title>
<classification-item breakdown-code="true" not-allocatable="false" level="10" additional-only="true" sort-key="E03C1/082" definition-exists="false" ipc-concordant="E03C1/08" c-set-base-allowed="false" c-set-subsequent-allowed="true" date-revised="2013-01-01" status="published"><classification-symbol>E03C2001/082</classification-symbol><class-title date-revised="2013-01-01"><title-part><CPC-specific-text><text>Outlets connected by an universal joint</text></CPC-specific-text></title-part></class-title></classification-item>
<classification-item breakdown-code="false" not-allocatable="false" level="10" additional-only="false" sort-key="E03C1/084" definition-exists="false" ipc-concordant="E03C1/084" c-set-base-allowed="false" c-set-subsequent-allowed="true" date-revised="2013-01-01" status="published"><classification-symbol>E03C1/084</classification-symbol><class-title date-revised="2013-01-01"><title-part><text>Jet regulators with aerating means</text></title-part></class-title></classification-item>
<classification-item breakdown-code="false" not-allocatable="false" level="10" additional-only="false" sort-key="E03C1/086" definition-exists="false" ipc-concordant="E03C1/086" c-set-base-allowed="false" c-set-subsequent-allowed="true" date-revised="2013-01-01" status="published"><classification-symbol>E03C1/086</classification-symbol><class-title date-revised="2013-01-01"><title-part><text>Jet regulators or jet guides, easily mountable on the outlet of taps</text></title-part></class-title></classification-item></classification-item>
<classification-item breakdown-code="false" not-allocatable="false" level="9" additional-only="false" sort-key="E03C1/10" definition-exists="false" ipc-concordant="E03C1/10" c-set-base-allowed="false" c-set-subsequent-allowed="true" date-revised="2013-01-01" status="published"><classification-symbol>E03C1/10</classification-symbol><class-title date-revised="2013-01-01"><title-part><text>Devices for preventing contamination of drinking-water pipes, e.g. means for aerating self-closing flushing valves </text><reference><text>vacuum-breakers in general <class-ref scheme="cpc">F16K</class-ref>, <class-ref scheme="cpc">F16L</class-ref></text></reference></title-part></class-title>
<classification-item breakdown-code="false" not-allocatable="false" level="10" additional-only="false" sort-key="E03C1/102" definition-exists="false" ipc-concordant="E03C1/10" c-set-base-allowed="false" c-set-subsequent-allowed="true" date-revised="2013-01-01" status="published"><classification-symbol>E03C1/102</classification-symbol><class-title date-revised="2013-01-01"><title-part><CPC-specific-text><text>using an air gap device</text></CPC-specific-text></title-part></class-title></classification-item>
<classification-item breakdown-code="false" not-allocatable="false" level="10" additional-only="false" sort-key="E03C1/104" definition-exists="false" ipc-concordant="E03C1/10" c-set-base-allowed="false" c-set-subsequent-allowed="true" date-revised="2013-01-01" status="published"><classification-symbol>E03C1/104</classification-symbol><class-title date-revised="2013-01-01"><title-part><CPC-specific-text><text>using a single check valve</text></CPC-specific-text></title-part></class-title></classification-item>
<classification-item breakdown-code="false" not-allocatable="false" level="10" additional-only="false" sort-key="E03C1/106" definition-exists="false" ipc-concordant="E03C1/10" c-set-base-allowed="false" c-set-subsequent-allowed="true" date-revised="2013-01-01" status="published"><classification-symbol>E03C1/106</classification-symbol><class-title date-revised="2013-01-01"><title-part><CPC-specific-text><text>using two or more check valves</text></CPC-specific-text></title-part></class-title></classification-item>
<classification-item breakdown-code="false" not-allocatable="false" level="10" additional-only="false" sort-key="E03C1/108" definition-exists="false" ipc-concordant="E03C1/10" c-set-base-allowed="false" c-set-subsequent-allowed="true" date-revised="2013-01-01" status="published"><classification-symbol>E03C1/108</classification-symbol><class-title date-revised="2013-01-01"><title-part><CPC-specific-text><text>having an aerating valve</text></CPC-specific-text></title-part></class-title></classification-item></classification-item></classification-item>
<classification-item breakdown-code="false" not-allocatable="false" level="8" additional-only="false" sort-key="E03C1/12" definition-exists="false" ipc-concordant="E03C1/12" c-set-base-allowed="false" c-set-subsequent-allowed="true" date-revised="2017-08-01" status="published"><classification-symbol>E03C1/12</classification-symbol><class-title date-revised="2017-08-01"><title-part><text>Plumbing installations for waste water</text></title-part><title-part><text>Basins or fountains connected thereto </text><reference><text>drainage devices in floors <class-ref scheme="cpc">E03F5/04</class-ref></text></reference></title-part><title-part><text>Sinks </text><CPC-specific-text><reference><text>wash-basins not connected to the waste-pipe <class-ref scheme="cpc">A47K1/04</class-ref></text></reference></CPC-specific-text></title-part></class-title>
<classification-item breakdown-code="true" not-allocatable="false" level="9" additional-only="true" sort-key="E03C1/1206" definition-exists="false" ipc-concordant="E03C1/12" c-set-base-allowed="false" c-set-subsequent-allowed="true" date-revised="2013-01-01" status="published"><classification-symbol>E03C2001/1206</classification-symbol><class-title date-revised="2013-01-01"><title-part><CPC-specific-text><text>Pipes with specific features for influencing flow characteristics</text></CPC-specific-text></title-part></class-title></classification-item>
<classification-item breakdown-code="true" not-allocatable="false" level="9" additional-only="true" sort-key="E03C1/1213" definition-exists="false" ipc-concordant="E03C1/12" c-set-base-allowed="false" c-set-subsequent-allowed="true" date-revised="2013-01-01" status="published"><classification-symbol>E03C2001/1213</classification-symbol><class-title date-revised="2013-01-01"><title-part><CPC-specific-text><text>Constructional features of bidet bowls;  adapters for using other sanitary appliances as bidet</text></CPC-specific-text></title-part></class-title></classification-item>
<classification-item breakdown-code="false" not-allocatable="false" level="9" additional-only="false" sort-key="E03C1/122" definition-exists="false" ipc-concordant="E03C1/122" c-set-base-allowed="false" c-set-subsequent-allowed="true" date-revised="2013-01-01" status="published"><classification-symbol>E03C1/122</classification-symbol><class-title date-revised="2013-01-01"><title-part><text>Pipe-line systems for waste water in building </text><reference><text>pipe-line systems in general <class-ref scheme="cpc">F17D</class-ref></text></reference></title-part></class-title>
<classification-item breakdown-code="false" not-allocatable="false" level="10" additional-only="false" sort-key="E03C1/1222" definition-exists="false" ipc-concordant="E03C1/122" c-set-base-allowed="false" c-set-subsequent-allowed="true" date-revised="2013-01-01" status="published"><classification-symbol>E03C1/1222</classification-symbol><class-title date-revised="2013-01-01"><title-part><CPC-specific-text><text>Arrangements of devices in domestic waste water pipe-line systems</text></CPC-specific-text></title-part></class-title>
<classification-item breakdown-code="false" not-allocatable="false" level="11" additional-only="false" sort-key="E03C1/1225" definition-exists="false" ipc-concordant="E03C1/122" c-set-base-allowed="false" c-set-subsequent-allowed="true" date-revised="2013-01-01" status="published"><classification-symbol>E03C1/1225</classification-symbol><class-title date-revised="2013-01-01"><title-part><CPC-specific-text><text>of air admittance valves </text><reference><text>structural details of air admittance valves <class-ref scheme="cpc">F16K24/06</class-ref></text></reference></CPC-specific-text></title-part></class-title></classification-item>
<classification-item breakdown-code="false" not-allocatable="false" level="11" additional-only="false" sort-key="E03C1/1227" definition-exists="false" ipc-concordant="E03C1/122" c-set-base-allowed="false" c-set-subsequent-allowed="true" date-revised="2013-01-01" status="published"><classification-symbol>E03C1/1227</classification-symbol><class-title date-revised="2013-01-01"><title-part><CPC-specific-text><text>of pumps for facilitating drawing off</text></CPC-specific-text></title-part></class-title></classification-item></classification-item></classification-item>
<classification-item breakdown-code="false" not-allocatable="false" level="9" additional-only="false" sort-key="E03C1/126" definition-exists="false" ipc-concordant="E03C1/126" c-set-base-allowed="false" c-set-subsequent-allowed="true" date-revised="2013-01-01" status="published"><classification-symbol>E03C1/126</classification-symbol><class-title date-revised="2013-01-01"><title-part><text>Installations for disinfecting or deodorising waste-water plumbing installations</text></title-part></class-title></classification-item>
<classification-item breakdown-code="false" not-allocatable="false" level="9" additional-only="false" sort-key="E03C1/14" definition-exists="false" ipc-concordant="E03C1/14" c-set-base-allowed="false" c-set-subsequent-allowed="true" date-revised="2013-01-01" status="published"><classification-symbol>E03C1/14</classification-symbol><class-title date-revised="2013-01-01"><title-part><text>Wash-basins connected to the waste-pipe</text></title-part></class-title></classification-item>
<classification-item breakdown-code="false" not-allocatable="false" level="9" additional-only="false" sort-key="E03C1/16" definition-exists="false" ipc-concordant="E03C1/16" c-set-base-allowed="false" c-set-subsequent-allowed="true" date-revised="2013-01-01" status="published"><classification-symbol>E03C1/16</classification-symbol><class-title date-revised="2013-01-01"><title-part><text>Wash-fountains connected to the waste-pipe</text></title-part></class-title></classification-item>
<classification-item breakdown-code="false" not-allocatable="false" level="9" additional-only="false" sort-key="E03C1/18" definition-exists="false" ipc-concordant="E03C1/18" c-set-base-allowed="false" c-set-subsequent-allowed="true" date-revised="2013-01-01" status="published"><classification-symbol>E03C1/18</classification-symbol><class-title date-revised="2013-01-01"><title-part><text>Sinks, whether or not connected to the waste-pipe</text></title-part></class-title>
<classification-item breakdown-code="false" not-allocatable="false" level="10" additional-only="false" sort-key="E03C1/181" definition-exists="false" ipc-concordant="E03C1/181" c-set-base-allowed="false" c-set-subsequent-allowed="true" date-revised="2021-01-01" status="published"><classification-symbol>E03C1/181</classification-symbol><class-title date-revised="2019-01-01"><title-part><text>Anti-splash devices in sinks, e.g. splash guards </text><reference><text>jet regulators <class-ref scheme="cpc">E03C1/08</class-ref></text></reference></title-part></class-title></classification-item>
<classification-item breakdown-code="false" not-allocatable="false" level="10" additional-only="false" sort-key="E03C1/182" definition-exists="false" ipc-concordant="E03C1/182" c-set-base-allowed="false" c-set-subsequent-allowed="true" date-revised="2013-01-01" status="published"><classification-symbol>E03C1/182</classification-symbol><class-title date-revised="2013-01-01"><title-part><text>connected to the waste-pipe</text></title-part></class-title>
<classification-item breakdown-code="false" not-allocatable="false" level="11" additional-only="false" sort-key="E03C1/184" definition-exists="false" ipc-concordant="E03C1/184" c-set-base-allowed="false" c-set-subsequent-allowed="true" date-revised="2013-01-01" status="published"><classification-symbol>E03C1/184</classification-symbol><class-title date-revised="2013-01-01"><title-part><text>adapted for attachment of washing machines or heating or cooling devices </text><reference><text>washing machines for attachment <class-ref scheme="cpc">D06F7/00</class-ref></text></reference></title-part></class-title></classification-item></classification-item>
<classification-item breakdown-code="false" not-allocatable="false" level="10" additional-only="false" sort-key="E03C1/186" definition-exists="false" ipc-concordant="E03C1/186" c-set-base-allowed="false" c-set-subsequent-allowed="true" date-revised="2021-01-01" status="published"><classification-symbol>E03C1/186</classification-symbol><class-title date-revised="2013-01-01"><title-part><text>Separate partition walls, lids, protecting borders, or the like, for sinks</text></title-part></class-title></classification-item></classification-item>
<classification-item breakdown-code="false" not-allocatable="false" level="9" additional-only="false" sort-key="E03C1/20" definition-exists="false" ipc-concordant="E03C1/20" c-set-base-allowed="false" c-set-subsequent-allowed="true" date-revised="2013-01-01" status="published"><classification-symbol>E03C1/20</classification-symbol><class-title date-revised="2013-01-01"><title-part><text>Connecting baths or bidets to the wastepipe</text></title-part></class-title></classification-item>
<classification-item breakdown-code="false" not-allocatable="false" level="9" additional-only="false" sort-key="E03C1/22" definition-exists="false" ipc-concordant="E03C1/22" c-set-base-allowed="false" c-set-subsequent-allowed="true" date-revised="2013-01-01" status="published"><classification-symbol>E03C1/22</classification-symbol><class-title date-revised="2013-01-01"><title-part><text>Outlet devices mounted in basins, baths, or sinks </text><reference><text>stoppers <class-ref scheme="cpc">A47K1/14</class-ref></text></reference></title-part></class-title>
<classification-item breakdown-code="false" not-allocatable="false" level="10" additional-only="false" sort-key="E03C1/23" definition-exists="false" ipc-concordant="E03C1/23" c-set-base-allowed="false" c-set-subsequent-allowed="true" date-revised="2013-01-01" status="published"><classification-symbol>E03C1/23</classification-symbol><class-title date-revised="2013-01-01"><title-part><text>with mechanical closure mechanisms</text></title-part></class-title>
<classification-item breakdown-code="false" not-allocatable="false" level="11" additional-only="false" sort-key="E03C1/2302" definition-exists="false" ipc-concordant="E03C1/23" c-set-base-allowed="false" c-set-subsequent-allowed="true" date-revised="2013-01-01" status="published"><classification-symbol>E03C1/2302</classification-symbol><class-title date-revised="2013-01-01"><title-part><CPC-specific-text><text>the actuation force being transmitted to the plug via rigid elements</text></CPC-specific-text></title-part></class-title></classification-item>
<classification-item breakdown-code="false" not-allocatable="false" level="11" additional-only="false" sort-key="E03C1/2304" definition-exists="false" ipc-concordant="E03C1/23" c-set-base-allowed="false" c-set-subsequent-allowed="true" date-revised="2013-01-01" status="published"><classification-symbol>E03C1/2304</classification-symbol><class-title date-revised="2013-01-01"><title-part><CPC-specific-text><text>the actuation force being transmitted to the plug via flexible elements, e.g. chain, Bowden cable</text></CPC-specific-text></title-part></class-title></classification-item>
<classification-item breakdown-code="false" not-allocatable="false" level="11" additional-only="false" sort-key="E03C1/2306" definition-exists="false" ipc-concordant="E03C1/23" c-set-base-allowed="false" c-set-subsequent-allowed="true" date-revised="2013-01-01" status="published"><classification-symbol>E03C1/2306</classification-symbol><class-title date-revised="2013-01-01"><title-part><CPC-specific-text><text>the plug being operated by hand contact</text></CPC-specific-text></title-part></class-title></classification-item>
<classification-item breakdown-code="false" not-allocatable="false" level="11" additional-only="false" sort-key="E03C1/2308" definition-exists="false" ipc-concordant="E03C1/23" c-set-base-allowed="false" c-set-subsequent-allowed="true" date-revised="2013-01-01" status="published"><classification-symbol>E03C1/2308</classification-symbol><class-title date-revised="2013-01-01"><title-part><CPC-specific-text><text>actuated by rotating the wash-basin</text></CPC-specific-text></title-part></class-title></classification-item>
<classification-item breakdown-code="true" not-allocatable="false" level="11" additional-only="true" sort-key="E03C1/2311" definition-exists="false" ipc-concordant="E03C1/23" c-set-base-allowed="false" c-set-subsequent-allowed="true" date-revised="2013-01-01" status="published"><classification-symbol>E03C2001/2311</classification-symbol><class-title date-revised="2013-01-01"><title-part><CPC-specific-text><text>the actuation force being magnetic or electromagnetic</text></CPC-specific-text></title-part></class-title></classification-item>
<classification-item breakdown-code="true" not-allocatable="false" level="11" additional-only="true" sort-key="E03C1/2313" definition-exists="false" ipc-concordant="E03C1/23" c-set-base-allowed="false" c-set-subsequent-allowed="true" date-revised="2013-01-01" status="published"><classification-symbol>E03C2001/2313</classification-symbol><class-title date-revised="2013-01-01"><title-part><CPC-specific-text><text>the actuation force being pneumatic or hydraulic</text></CPC-specific-text></title-part></class-title></classification-item>
<classification-item breakdown-code="true" not-allocatable="false" level="11" additional-only="true" sort-key="E03C1/2315" definition-exists="false" ipc-concordant="E03C1/23" c-set-base-allowed="false" c-set-subsequent-allowed="true" date-revised="2013-01-01" status="published"><classification-symbol>E03C2001/2315</classification-symbol><class-title date-revised="2013-01-01"><title-part><CPC-specific-text><text>the actuation force created by a turning movement of a handle</text></CPC-specific-text></title-part></class-title></classification-item>
<classification-item breakdown-code="true" not-allocatable="false" level="11" additional-only="true" sort-key="E03C1/2317" definition-exists="false" ipc-concordant="E03C1/23" c-set-base-allowed="false" c-set-subsequent-allowed="true" date-revised="2013-01-01" status="published"><classification-symbol>E03C2001/2317</classification-symbol><class-title date-revised="2013-01-01"><title-part><CPC-specific-text><text>transmission of actuation force involves a spring</text></CPC-specific-text></title-part></class-title></classification-item>
<classification-item breakdown-code="false" not-allocatable="false" level="11" additional-only="false" sort-key="E03C1/232" definition-exists="false" ipc-concordant="E03C1/232" c-set-base-allowed="false" c-set-subsequent-allowed="true" date-revised="2013-01-01" status="published"><classification-symbol>E03C1/232</classification-symbol><class-title date-revised="2013-01-01"><title-part><text>combined with overflow devices </text><reference><text>overflow devices for basins or baths <u>per se</u> <class-ref scheme="cpc">E03C1/24</class-ref></text></reference></title-part></class-title></classification-item></classification-item></classification-item>
<classification-item breakdown-code="false" not-allocatable="false" level="9" additional-only="false" sort-key="E03C1/24" definition-exists="false" ipc-concordant="E03C1/24" c-set-base-allowed="false" c-set-subsequent-allowed="true" date-revised="2013-01-01" status="published"><classification-symbol>E03C1/24</classification-symbol><class-title date-revised="2013-01-01"><title-part><text>Overflow devices for basins or baths </text><reference><text><class-ref scheme="cpc">E03C1/232</class-ref> takes precedence</text></reference></title-part></class-title>
<classification-item breakdown-code="true" not-allocatable="false" level="10" additional-only="true" sort-key="E03C1/2406" definition-exists="false" ipc-concordant="E03C1/24" c-set-base-allowed="false" c-set-subsequent-allowed="true" date-revised="2013-01-01" status="published"><classification-symbol>E03C2001/2406</classification-symbol><class-title date-revised="2013-01-01"><title-part><CPC-specific-text><text>Overflow alarm devices</text></CPC-specific-text></title-part></class-title></classification-item>
<classification-item breakdown-code="true" not-allocatable="false" level="10" additional-only="true" sort-key="E03C1/2413" definition-exists="false" ipc-concordant="E03C1/24" c-set-base-allowed="false" c-set-subsequent-allowed="true" date-revised="2013-01-01" status="published"><classification-symbol>E03C2001/2413</classification-symbol><class-title date-revised="2013-01-01"><title-part><CPC-specific-text><text>Covers for temporarily closing off overflow outlets</text></CPC-specific-text></title-part></class-title></classification-item>
<classification-item breakdown-code="false" not-allocatable="false" level="10" additional-only="false" sort-key="E03C1/242" definition-exists="false" ipc-concordant="E03C1/242" c-set-base-allowed="false" c-set-subsequent-allowed="true" date-revised="2013-01-01" status="published"><classification-symbol>E03C1/242</classification-symbol><class-title date-revised="2013-01-01"><title-part><text>automatically actuating supply or draining valves</text></title-part></class-title></classification-item>
<classification-item breakdown-code="false" not-allocatable="false" level="10" additional-only="false" sort-key="E03C1/244" definition-exists="false" ipc-concordant="E03C1/244" c-set-base-allowed="false" c-set-subsequent-allowed="true" date-revised="2013-01-01" status="published"><classification-symbol>E03C1/244</classification-symbol><class-title date-revised="2013-01-01"><title-part><text>Separate devices to be placed on the outlet opening</text></title-part></class-title></classification-item></classification-item>
<classification-item breakdown-code="false" not-allocatable="false" level="9" additional-only="false" sort-key="E03C1/26" definition-exists="false" ipc-concordant="E03C1/26" c-set-base-allowed="false" c-set-subsequent-allowed="true" date-revised="2013-01-01" status="published"><classification-symbol>E03C1/26</classification-symbol><class-title date-revised="2013-01-01"><title-part><text>Object-catching inserts or similar devices for waste pipes or outlets </text><reference><text><class-ref scheme="cpc">E03C1/28</class-ref> takes precedence</text></reference></title-part></class-title>
<classification-item breakdown-code="false" not-allocatable="false" level="10" additional-only="false" sort-key="E03C1/262" definition-exists="false" ipc-concordant="E03C1/262" c-set-base-allowed="false" c-set-subsequent-allowed="true" date-revised="2013-01-01" status="published"><classification-symbol>E03C1/262</classification-symbol><class-title date-revised="2013-01-01"><title-part><text>combined with outlet stoppers</text></title-part></class-title></classification-item>
<classification-item breakdown-code="false" not-allocatable="false" level="10" additional-only="false" sort-key="E03C1/264" definition-exists="false" ipc-concordant="E03C1/264" c-set-base-allowed="false" c-set-subsequent-allowed="true" date-revised="2013-01-01" status="published"><classification-symbol>E03C1/264</classification-symbol><class-title date-revised="2013-01-01"><title-part><text>Separate sieves or similar object-catching inserts</text></title-part></class-title></classification-item>
<classification-item breakdown-code="false" not-allocatable="false" level="10" additional-only="false" sort-key="E03C1/266" definition-exists="false" ipc-concordant="E03C1/266" c-set-base-allowed="false" c-set-subsequent-allowed="true" date-revised="2013-01-01" status="published"><classification-symbol>E03C1/266</classification-symbol><class-title date-revised="2013-01-01"><title-part><text>Arrangement of disintegrating apparatus in waste pipes or outlets</text></title-part><title-part><text>Disintegrating apparatus specially adapted for installation in waste pipes or outlets</text></title-part></class-title>
<classification-item breakdown-code="false" not-allocatable="false" level="11" additional-only="false" sort-key="E03C1/2665" definition-exists="false" ipc-concordant="E03C1/266" c-set-base-allowed="false" c-set-subsequent-allowed="true" date-revised="2013-01-01" status="published"><classification-symbol>E03C1/2665</classification-symbol><class-title date-revised="2013-01-01"><title-part><CPC-specific-text><text>Disintegrating apparatus specially adapted for installation in waste pipes or outlets </text><reference><text>disintegrating apparatus <u>per se</u> <class-ref scheme="cpc">B02C</class-ref></text></reference></CPC-specific-text></title-part></class-title></classification-item></classification-item></classification-item>
<classification-item breakdown-code="false" not-allocatable="false" level="9" additional-only="false" sort-key="E03C1/28" definition-exists="false" ipc-concordant="E03C1/28" c-set-base-allowed="false" c-set-subsequent-allowed="true" date-revised="2013-01-01" status="published"><classification-symbol>E03C1/28</classification-symbol><class-title date-revised="2013-01-01"><title-part><text>Odour seals</text></title-part></class-title>
<classification-item breakdown-code="false" not-allocatable="false" level="10" additional-only="false" sort-key="E03C1/281" definition-exists="false" ipc-concordant="E03C1/28" c-set-base-allowed="false" c-set-subsequent-allowed="true" date-revised="2013-01-01" status="published"><classification-symbol>E03C1/281</classification-symbol><class-title date-revised="2013-01-01"><title-part><CPC-specific-text><text>using other sealants than water</text></CPC-specific-text></title-part></class-title></classification-item>
<classification-item breakdown-code="false" not-allocatable="false" level="10" additional-only="false" sort-key="E03C1/282" definition-exists="false" ipc-concordant="E03C1/282" c-set-base-allowed="false" c-set-subsequent-allowed="true" date-revised="2013-01-01" status="published"><classification-symbol>E03C1/282</classification-symbol><class-title date-revised="2013-01-01"><title-part><text>combined with additional object-catching devices</text></title-part></class-title></classification-item>
<classification-item breakdown-code="false" not-allocatable="false" level="10" additional-only="false" sort-key="E03C1/284" definition-exists="false" ipc-concordant="E03C1/284" c-set-base-allowed="false" c-set-subsequent-allowed="true" date-revised="2013-01-01" status="published"><classification-symbol>E03C1/284</classification-symbol><class-title date-revised="2013-01-01"><title-part><text>having U-shaped trap</text></title-part></class-title>
<classification-item breakdown-code="false" not-allocatable="false" level="11" additional-only="false" sort-key="E03C1/286" definition-exists="false" ipc-concordant="E03C1/286" c-set-base-allowed="false" c-set-subsequent-allowed="true" date-revised="2013-01-01" status="published"><classification-symbol>E03C1/286</classification-symbol><class-title date-revised="2013-01-01"><title-part><text>having hand-operated valves against return of waste water</text></title-part></class-title></classification-item>
<classification-item breakdown-code="false" not-allocatable="false" level="11" additional-only="false" sort-key="E03C1/288" definition-exists="false" ipc-concordant="E03C1/288" c-set-base-allowed="false" c-set-subsequent-allowed="true" date-revised="2013-01-01" status="published"><classification-symbol>E03C1/288</classification-symbol><class-title date-revised="2013-01-01"><title-part><text>having non-return valves against return of waste water </text><reference><text><class-ref scheme="cpc">E03C1/286</class-ref> takes precedence</text></reference></title-part></class-title></classification-item></classification-item>
<classification-item breakdown-code="false" not-allocatable="false" level="10" additional-only="false" sort-key="E03C1/29" definition-exists="false" ipc-concordant="E03C1/29" c-set-base-allowed="false" c-set-subsequent-allowed="true" date-revised="2013-01-01" status="published"><classification-symbol>E03C1/29</classification-symbol><class-title date-revised="2013-01-01"><title-part><text>having housing containing dividing wall, e.g. tubular</text></title-part></class-title>
<classification-item breakdown-code="false" not-allocatable="false" level="11" additional-only="false" sort-key="E03C1/292" definition-exists="false" ipc-concordant="E03C1/292" c-set-base-allowed="false" c-set-subsequent-allowed="true" date-revised="2013-01-01" status="published"><classification-symbol>E03C1/292</classification-symbol><class-title date-revised="2013-01-01"><title-part><text>having elastic housing</text></title-part></class-title></classification-item></classification-item>
<classification-item breakdown-code="false" not-allocatable="false" level="10" additional-only="false" sort-key="E03C1/294" definition-exists="false" ipc-concordant="E03C1/294" c-set-base-allowed="false" c-set-subsequent-allowed="true" date-revised="2013-01-01" status="published"><classification-symbol>E03C1/294</classification-symbol><class-title date-revised="2013-01-01"><title-part><text>with provisions against loss of water lock</text></title-part></class-title>
<classification-item breakdown-code="false" not-allocatable="false" level="11" additional-only="false" sort-key="E03C1/295" definition-exists="false" ipc-concordant="E03C1/295" c-set-base-allowed="false" c-set-subsequent-allowed="true" date-revised="2013-01-01" status="published"><classification-symbol>E03C1/295</classification-symbol><class-title date-revised="2013-01-01"><title-part><text>using air-supply valves</text></title-part></class-title></classification-item>
<classification-item breakdown-code="false" not-allocatable="false" level="11" additional-only="false" sort-key="E03C1/296" definition-exists="false" ipc-concordant="E03C1/296" c-set-base-allowed="false" c-set-subsequent-allowed="true" date-revised="2013-01-01" status="published"><classification-symbol>E03C1/296</classification-symbol><class-title date-revised="2013-01-01"><title-part><text>using water-supply valves</text></title-part></class-title></classification-item></classification-item>
<classification-item breakdown-code="false" not-allocatable="false" level="10" additional-only="false" sort-key="E03C1/298" definition-exists="false" ipc-concordant="E03C1/298" c-set-base-allowed="false" c-set-subsequent-allowed="true" date-revised="2013-01-01" status="published"><classification-symbol>E03C1/298</classification-symbol><class-title date-revised="2013-01-01"><title-part><text>consisting only of non-return valve</text></title-part></class-title></classification-item></classification-item>
<classification-item breakdown-code="false" not-allocatable="false" level="9" additional-only="false" sort-key="E03C1/30" definition-exists="false" ipc-concordant="E03C1/30" c-set-base-allowed="false" c-set-subsequent-allowed="true" date-revised="2013-01-01" status="published"><classification-symbol>E03C1/30</classification-symbol><class-title date-revised="2013-01-01"><title-part><text>Devices to facilitate removing of obstructions in waste-pipes or sinks </text><CPC-specific-text><reference><text>for use in sewer pipes or both in waste and sewer pipes <class-ref scheme="cpc">E03F9/00</class-ref></text></reference></CPC-specific-text></title-part></class-title>
<classification-item breakdown-code="false" not-allocatable="false" level="10" additional-only="false" sort-key="E03C1/302" definition-exists="false" ipc-concordant="E03C1/302" c-set-base-allowed="false" c-set-subsequent-allowed="true" date-revised="2013-01-01" status="published"><classification-symbol>E03C1/302</classification-symbol><class-title date-revised="2013-01-01"><title-part><text>using devices moved through the pipes </text><CPC-specific-text><reference><text>and simultaneously rotated by means of a cable or rods <class-ref scheme="cpc">E03F9/005</class-ref></text></reference></CPC-specific-text></title-part></class-title></classification-item>
<classification-item breakdown-code="false" not-allocatable="false" level="10" additional-only="false" sort-key="E03C1/304" definition-exists="false" ipc-concordant="E03C1/304" c-set-base-allowed="false" c-set-subsequent-allowed="true" date-revised="2013-01-01" status="published"><classification-symbol>E03C1/304</classification-symbol><class-title date-revised="2013-01-01"><title-part><text>using fluid under pressure</text></title-part></class-title>
<classification-item breakdown-code="false" not-allocatable="false" level="11" additional-only="false" sort-key="E03C1/306" definition-exists="false" ipc-concordant="E03C1/306" c-set-base-allowed="false" c-set-subsequent-allowed="true" date-revised="2013-01-01" status="published"><classification-symbol>E03C1/306</classification-symbol><class-title date-revised="2013-01-01"><title-part><text>by means of a tube connected to the water mains</text></title-part></class-title></classification-item>
<classification-item breakdown-code="false" not-allocatable="false" level="11" additional-only="false" sort-key="E03C1/308" definition-exists="false" ipc-concordant="E03C1/308" c-set-base-allowed="false" c-set-subsequent-allowed="true" date-revised="2013-01-01" status="published"><classification-symbol>E03C1/308</classification-symbol><class-title date-revised="2013-01-01"><title-part><text>by means of a pumping device</text></title-part></class-title></classification-item></classification-item></classification-item>
<classification-item breakdown-code="false" not-allocatable="false" level="9" additional-only="false" sort-key="E03C1/32" definition-exists="false" ipc-concordant="E03C1/32" c-set-base-allowed="false" c-set-subsequent-allowed="true" date-revised="2013-01-01" status="published"><classification-symbol>E03C1/32</classification-symbol><class-title date-revised="2013-01-01"><title-part><text>Holders or supports for basins</text></title-part></class-title>
<classification-item breakdown-code="true" not-allocatable="false" level="10" additional-only="true" sort-key="E03C1/321" definition-exists="false" ipc-concordant="E03C1/32" c-set-base-allowed="false" c-set-subsequent-allowed="true" date-revised="2013-01-01" status="published"><classification-symbol>E03C2001/321</classification-symbol><class-title date-revised="2013-01-01"><title-part><CPC-specific-text><text>Siphon or angle valve covers</text></CPC-specific-text></title-part></class-title></classification-item>
<classification-item breakdown-code="false" not-allocatable="false" level="10" additional-only="false" sort-key="E03C1/322" definition-exists="false" ipc-concordant="E03C1/322" c-set-base-allowed="false" c-set-subsequent-allowed="true" date-revised="2013-01-01" status="published"><classification-symbol>E03C1/322</classification-symbol><class-title date-revised="2013-01-01"><title-part><text>connected to the wall only</text></title-part></class-title>
<classification-item breakdown-code="false" not-allocatable="false" level="11" additional-only="false" sort-key="E03C1/324" definition-exists="false" ipc-concordant="E03C1/324" c-set-base-allowed="false" c-set-subsequent-allowed="true" date-revised="2013-01-01" status="published"><classification-symbol>E03C1/324</classification-symbol><class-title date-revised="2013-01-01"><title-part><text>adjustable</text></title-part></class-title></classification-item></classification-item>
<classification-item breakdown-code="false" not-allocatable="false" level="10" additional-only="false" sort-key="E03C1/326" definition-exists="false" ipc-concordant="E03C1/326" c-set-base-allowed="false" c-set-subsequent-allowed="true" date-revised="2013-01-01" status="published"><classification-symbol>E03C1/326</classification-symbol><class-title date-revised="2013-01-01"><title-part><text>resting on the floor</text></title-part></class-title>
<classification-item breakdown-code="false" not-allocatable="false" level="11" additional-only="false" sort-key="E03C1/328" definition-exists="false" ipc-concordant="E03C1/328" c-set-base-allowed="false" c-set-subsequent-allowed="true" date-revised="2013-01-01" status="published"><classification-symbol>E03C1/328</classification-symbol><class-title date-revised="2013-01-01"><title-part><text>adjustable</text></title-part></class-title></classification-item></classification-item>
<classification-item breakdown-code="false" not-allocatable="false" level="10" additional-only="false" sort-key="E03C1/33" definition-exists="false" ipc-concordant="E03C1/33" c-set-base-allowed="false" c-set-subsequent-allowed="true" date-revised="2013-01-01" status="published"><classification-symbol>E03C1/33</classification-symbol><class-title date-revised="2013-01-01"><title-part><text>Fastening sinks or basins in an apertured support</text></title-part></class-title>
<classification-item breakdown-code="false" not-allocatable="false" level="11" additional-only="false" sort-key="E03C1/335" definition-exists="false" ipc-concordant="E03C1/33" c-set-base-allowed="false" c-set-subsequent-allowed="true" date-revised="2013-01-01" status="published"><classification-symbol>E03C1/335</classification-symbol><class-title date-revised="2013-01-01"><title-part><CPC-specific-text><text>the fastening means comprising a screw</text></CPC-specific-text></title-part></class-title></classification-item></classification-item></classification-item></classification-item></classification-item></classification-item>
<classification-item breakdown-code="false" not-allocatable="true" level="6" additional-only="true" sort-key="E03C201/00" date-revised="2013-01-01" status="published"><classification-symbol>E03C2201/00</classification-symbol>
<classification-item breakdown-code="true" not-allocatable="false" level="7" additional-only="true" sort-key="E03C201/00" definition-exists="false" ipc-concordant="CPCONLY" c-set-base-allowed="false" c-set-subsequent-allowed="true" date-revised="2013-01-01" status="published"><classification-symbol>E03C2201/00</classification-symbol><class-title date-revised="2013-01-01"><title-part><text>Details, devices or methods not otherwise provided for</text></title-part></class-title>
<classification-item breakdown-code="true" not-allocatable="false" level="8" additional-only="true" sort-key="E03C201/30" definition-exists="false" ipc-concordant="CPCONLY" c-set-base-allowed="false" c-set-subsequent-allowed="true" date-revised="2013-01-01" status="published"><classification-symbol>E03C2201/30</classification-symbol><class-title date-revised="2013-01-01"><title-part><text>Diverter valves in faucets or taps</text></title-part></class-title></classification-item>
<classification-item breakdown-code="true" not-allocatable="false" level="8" additional-only="true" sort-key="E03C201/40" definition-exists="false" ipc-concordant="CPCONLY" c-set-base-allowed="false" c-set-subsequent-allowed="true" date-revised="2013-01-01" status="published"><classification-symbol>E03C2201/40</classification-symbol><class-title date-revised="2013-01-01"><title-part><text>Arrangement of water treatment devices in domestic plumbing installations</text></title-part></class-title>
<classification-item breakdown-code="true" not-allocatable="false" level="9" additional-only="true" sort-key="E03C201/45" definition-exists="false" ipc-concordant="CPCONLY" c-set-base-allowed="false" c-set-subsequent-allowed="true" date-revised="2013-01-01" status="published"><classification-symbol>E03C2201/45</classification-symbol><class-title date-revised="2013-01-01"><title-part><text>for carbonated water</text></title-part></class-title></classification-item></classification-item>
<classification-item breakdown-code="true" not-allocatable="false" level="8" additional-only="true" sort-key="E03C201/50" definition-exists="false" ipc-concordant="CPCONLY" c-set-base-allowed="false" c-set-subsequent-allowed="true" date-revised="2013-01-01" status="published"><classification-symbol>E03C2201/50</classification-symbol><class-title date-revised="2013-01-01"><title-part><text>Constructional features of escutcheons for domestic plumbing installations</text></title-part></class-title></classification-item>
<classification-item breakdown-code="true" not-allocatable="false" level="8" additional-only="true" sort-key="E03C201/60" definition-exists="false" ipc-concordant="CPCONLY" c-set-base-allowed="false" c-set-subsequent-allowed="true" date-revised="2013-01-01" status="published"><classification-symbol>E03C2201/60</classification-symbol><class-title date-revised="2013-01-01"><title-part><text>Reducing noise in plumbing systems</text></title-part></class-title></classification-item>
<classification-item breakdown-code="true" not-allocatable="false" level="8" additional-only="true" sort-key="E03C201/70" definition-exists="false" ipc-concordant="CPCONLY" c-set-base-allowed="false" c-set-subsequent-allowed="true" date-revised="2013-01-01" status="published"><classification-symbol>E03C2201/70</classification-symbol><class-title date-revised="2013-01-01"><title-part><text>Reducing or removing limescale at spout outlet</text></title-part></class-title></classification-item>
<classification-item breakdown-code="true" not-allocatable="false" level="8" additional-only="true" sort-key="E03C201/80" definition-exists="false" ipc-concordant="CPCONLY" c-set-base-allowed="false" c-set-subsequent-allowed="true" date-revised="2013-01-01" status="published"><classification-symbol>E03C2201/80</classification-symbol><class-title date-revised="2013-01-01"><title-part><text>Combined water inlet and outlet devices</text></title-part></class-title></classification-item>
<classification-item breakdown-code="true" not-allocatable="false" level="8" additional-only="true" sort-key="E03C201/90" definition-exists="false" ipc-concordant="CPCONLY" c-set-base-allowed="false" c-set-subsequent-allowed="true" date-revised="2013-01-01" status="published"><classification-symbol>E03C2201/90</classification-symbol><class-title date-revised="2013-01-01"><title-part><text>Basins movable between several positions</text></title-part></class-title></classification-item></classification-item></classification-item></classification-item></class-scheme>