<?xml version="1.0" encoding="UTF-8"?>
<class-scheme publication-date="2021-05-01" scheme-type="cpc" publication-type="official">
<classification-item breakdown-code="false" not-allocatable="true" level="5" additional-only="false" sort-key="F41C" definition-exists="true" date-revised="2018-08-01" status="published"><classification-symbol>F41C</classification-symbol><class-title date-revised="2013-01-01"><title-part><text>SMALLARMS, e.g. PISTOLS, RIFLES </text><reference><text>functional features or details common to both smallarms and ordnance, mountings therefor <class-ref scheme="cpc">F41A</class-ref>; projecting missiles without use of explosive or combustible propellant charge <class-ref scheme="cpc">F41B</class-ref></text></reference></title-part><title-part><text>ACCESSORIES THEREFOR</text></title-part></class-title><notes-and-warnings date-revised="2013-01-01"><note type="note"><note-paragraph>Attention is drawn to the definitions in Note (2) following the title of class <class-ref scheme="cpc">F41</class-ref>.</note-paragraph></note><note type="warning"><note-paragraph>In this subclass non-limiting references (in the sense of paragraph 39 of the Guide to the IPC) may still be displayed in the scheme.</note-paragraph></note></notes-and-warnings>
<classification-item breakdown-code="false" not-allocatable="true" level="6" additional-only="false" sort-key="F41C3/00" date-revised="2013-01-01" status="published"><classification-symbol>F41C3/00</classification-symbol>
<classification-item breakdown-code="false" not-allocatable="false" level="7" additional-only="false" sort-key="F41C3/00" definition-exists="true" ipc-concordant="F41C3/00" c-set-base-allowed="false" c-set-subsequent-allowed="true" date-revised="2013-01-01" status="published"><classification-symbol>F41C3/00</classification-symbol><class-title date-revised="2013-01-01"><title-part><text>Pistols, e.g. revolvers </text><reference><text>specially adapted for underwater use <class-ref scheme="cpc">F41C9/06</class-ref>; for slaughtering or stunning animals <class-ref scheme="cpc">A22B</class-ref>; for shooting bolts into concrete constructions, metal walls or the like <class-ref scheme="cpc">B25C</class-ref></text></reference></title-part></class-title>
<classification-item breakdown-code="false" not-allocatable="false" level="8" additional-only="false" sort-key="F41C3/005" definition-exists="true" ipc-concordant="F41C3/00" c-set-base-allowed="false" c-set-subsequent-allowed="true" date-revised="2013-01-01" status="published"><classification-symbol>F41C3/005</classification-symbol><class-title date-revised="2013-01-01"><title-part><CPC-specific-text><text>Toy guns, e.g. cannons, firing a projectile by means of the combustion of a propellant charge, e.g. a cap</text></CPC-specific-text></title-part></class-title></classification-item>
<classification-item breakdown-code="false" not-allocatable="false" level="8" additional-only="false" sort-key="F41C3/02" definition-exists="false" ipc-concordant="F41C3/02" c-set-base-allowed="false" c-set-subsequent-allowed="true" date-revised="2013-01-01" status="published"><classification-symbol>F41C3/02</classification-symbol><class-title date-revised="2013-01-01"><title-part><text>Signal pistols, e.g. Very pistols</text></title-part></class-title></classification-item>
<classification-item breakdown-code="false" not-allocatable="false" level="8" additional-only="false" sort-key="F41C3/04" definition-exists="false" ipc-concordant="F41C3/04" c-set-base-allowed="false" c-set-subsequent-allowed="true" date-revised="2013-01-01" status="published"><classification-symbol>F41C3/04</classification-symbol><class-title date-revised="2013-01-01"><title-part><text>Starting pistols</text></title-part><title-part><text>Alarm pistols </text><CPC-specific-text><reference><text><class-ref scheme="cpc">F41C3/06</class-ref> takes precedence</text></reference></CPC-specific-text></title-part></class-title></classification-item>
<classification-item breakdown-code="false" not-allocatable="false" level="8" additional-only="false" sort-key="F41C3/06" definition-exists="true" ipc-concordant="F41C3/06" c-set-base-allowed="false" c-set-subsequent-allowed="true" date-revised="2013-01-01" status="published"><classification-symbol>F41C3/06</classification-symbol><class-title date-revised="2013-01-01"><title-part><text>Cap-firing pistols, e.g. toy pistols</text></title-part></class-title>
<classification-item breakdown-code="false" not-allocatable="false" level="9" additional-only="false" sort-key="F41C3/08" definition-exists="false" ipc-concordant="F41C3/08" c-set-base-allowed="false" c-set-subsequent-allowed="true" date-revised="2013-01-01" status="published"><classification-symbol>F41C3/08</classification-symbol><class-title date-revised="2013-01-01"><title-part><text>with band supply</text></title-part></class-title></classification-item>
<classification-item breakdown-code="false" not-allocatable="false" level="9" additional-only="false" sort-key="F41C3/10" definition-exists="false" ipc-concordant="F41C3/10" c-set-base-allowed="false" c-set-subsequent-allowed="true" date-revised="2013-01-01" status="published"><classification-symbol>F41C3/10</classification-symbol><class-title date-revised="2013-01-01"><title-part><text>with rotatable cap carrier, e.g. drum</text></title-part></class-title></classification-item>
<classification-item breakdown-code="false" not-allocatable="false" level="9" additional-only="false" sort-key="F41C3/12" definition-exists="false" ipc-concordant="F41C3/12" c-set-base-allowed="false" c-set-subsequent-allowed="true" date-revised="2013-01-01" status="published"><classification-symbol>F41C3/12</classification-symbol><class-title date-revised="2013-01-01"><title-part><text>with slidable cap carrier, e.g. clip </text><reference><text><class-ref scheme="cpc">F41C3/08</class-ref> takes precedence</text></reference></title-part></class-title></classification-item></classification-item>
<classification-item breakdown-code="false" not-allocatable="false" level="8" additional-only="false" sort-key="F41C3/14" definition-exists="true" ipc-concordant="F41C3/14" c-set-base-allowed="false" c-set-subsequent-allowed="true" date-revised="2013-01-01" status="published"><classification-symbol>F41C3/14</classification-symbol><class-title date-revised="2013-01-01"><title-part><text>Revolvers </text><reference><text><class-ref scheme="cpc">F41C3/10</class-ref> takes precedence; sealing aspects <class-ref scheme="cpc">F41A3/76</class-ref>; using a revolving drum magazine for feeding revolver-type guns other than revolvers <class-ref scheme="cpc">F41A9/27</class-ref>; extractors or ejectors therefor <class-ref scheme="cpc">F41A15/02</class-ref></text></reference></title-part></class-title>
<classification-item breakdown-code="false" not-allocatable="false" level="9" additional-only="false" sort-key="F41C3/16" definition-exists="true" ipc-concordant="F41C3/16" c-set-base-allowed="false" c-set-subsequent-allowed="true" date-revised="2013-01-01" status="published"><classification-symbol>F41C3/16</classification-symbol><class-title date-revised="2013-01-01"><title-part><text>Hinge-frame revolvers</text></title-part></class-title></classification-item></classification-item></classification-item>
<classification-item breakdown-code="false" not-allocatable="false" level="7" additional-only="false" sort-key="F41C7/00" definition-exists="true" ipc-concordant="F41C7/00" c-set-base-allowed="false" c-set-subsequent-allowed="true" date-revised="2013-01-01" status="published"><classification-symbol>F41C7/00</classification-symbol><class-title date-revised="2013-01-01"><title-part><text>Shoulder-fired smallarms, e.g. rifles, carbines, shotguns </text><reference><text>specially adapted for underwater use <class-ref scheme="cpc">F41C9/06</class-ref></text></reference></title-part></class-title>
<classification-item breakdown-code="false" not-allocatable="false" level="8" additional-only="false" sort-key="F41C7/02" definition-exists="false" ipc-concordant="F41C7/02" c-set-base-allowed="false" c-set-subsequent-allowed="true" date-revised="2013-01-01" status="published"><classification-symbol>F41C7/02</classification-symbol><class-title date-revised="2013-01-01"><title-part><text>Pump-action guns, i.e. guns having a reciprocating handgrip beneath the barrel for loading or cocking</text></title-part></class-title>
<classification-item breakdown-code="false" not-allocatable="false" level="9" additional-only="false" sort-key="F41C7/025" definition-exists="false" ipc-concordant="F41C7/02" c-set-base-allowed="false" c-set-subsequent-allowed="true" date-revised="2013-01-01" status="published"><classification-symbol>F41C7/025</classification-symbol><class-title date-revised="2013-01-01"><title-part><CPC-specific-text><text>having hand-operated sliding barrels</text></CPC-specific-text></title-part></class-title></classification-item></classification-item>
<classification-item breakdown-code="false" not-allocatable="false" level="8" additional-only="false" sort-key="F41C7/04" definition-exists="true" ipc-concordant="F41C7/04" c-set-base-allowed="false" c-set-subsequent-allowed="true" date-revised="2013-01-01" status="published"><classification-symbol>F41C7/04</classification-symbol><class-title date-revised="2013-01-01"><title-part><text>with reciprocating handgrip under the buttstock for loading or cocking</text></title-part></class-title></classification-item>
<classification-item breakdown-code="false" not-allocatable="false" level="8" additional-only="false" sort-key="F41C7/06" definition-exists="false" ipc-concordant="F41C7/06" c-set-base-allowed="false" c-set-subsequent-allowed="true" date-revised="2013-01-01" status="published"><classification-symbol>F41C7/06</classification-symbol><class-title date-revised="2013-01-01"><title-part><text>Lever-action guns, i.e. guns having a rocking lever for loading or cocking</text></title-part></class-title></classification-item>
<classification-item breakdown-code="false" not-allocatable="false" level="8" additional-only="false" sort-key="F41C7/11" definition-exists="false" ipc-concordant="F41C7/11" c-set-base-allowed="false" c-set-subsequent-allowed="true" date-revised="2013-01-01" status="published"><classification-symbol>F41C7/11</classification-symbol><class-title date-revised="2013-01-01"><title-part><text>Breakdown shotguns or rifles </text><reference><text>hinge-frame revolvers <class-ref scheme="cpc">F41C3/16</class-ref>; breech mechanisms therefor <class-ref scheme="cpc">F41A3/58</class-ref>; cocking mechanisms therefor <class-ref scheme="cpc">F41A19/41</class-ref></text></reference></title-part></class-title></classification-item>
<classification-item breakdown-code="false" not-allocatable="false" level="8" additional-only="false" sort-key="F41C7/12" definition-exists="false" ipc-concordant="F41A11/00" c-set-base-allowed="false" c-set-subsequent-allowed="true" date-revised="2016-11-01" status="published"><classification-symbol>F41C7/12</classification-symbol><class-title date-revised="2016-11-01"><title-part><CPC-specific-text><text>Gallery rifles; Parlour rifles</text></CPC-specific-text></title-part></class-title></classification-item></classification-item>
<classification-item breakdown-code="false" not-allocatable="false" level="7" additional-only="false" sort-key="F41C9/00" definition-exists="true" ipc-concordant="F41C9/00" c-set-base-allowed="false" c-set-subsequent-allowed="true" date-revised="2013-01-01" status="published"><classification-symbol>F41C9/00</classification-symbol><class-title date-revised="2013-01-01"><title-part><text>Other smallarms, e.g. hidden smallarms or smallarms specially adapted for underwater use</text></title-part></class-title>
<classification-item breakdown-code="false" not-allocatable="false" level="8" additional-only="false" sort-key="F41C9/02" definition-exists="false" ipc-concordant="F41C9/02" c-set-base-allowed="false" c-set-subsequent-allowed="true" date-revised="2013-01-01" status="published"><classification-symbol>F41C9/02</classification-symbol><class-title date-revised="2013-01-01"><title-part><text>Concealed pistols, e.g. in pencils</text></title-part></class-title></classification-item>
<classification-item breakdown-code="false" not-allocatable="false" level="8" additional-only="false" sort-key="F41C9/04" definition-exists="false" ipc-concordant="F41C9/04" c-set-base-allowed="false" c-set-subsequent-allowed="true" date-revised="2017-08-01" status="published"><classification-symbol>F41C9/04</classification-symbol><class-title date-revised="2017-08-01"><title-part><text>Walking-stick guns </text><CPC-specific-text><reference><text>sticks combined with weapons <class-ref scheme="cpc">A45B3/14</class-ref></text></reference></CPC-specific-text></title-part></class-title></classification-item>
<classification-item breakdown-code="false" not-allocatable="false" level="8" additional-only="false" sort-key="F41C9/06" definition-exists="false" ipc-concordant="F41C9/06" c-set-base-allowed="false" c-set-subsequent-allowed="true" date-revised="2015-07-01" status="published"><classification-symbol>F41C9/06</classification-symbol><class-title date-revised="2013-01-01"><title-part><text>Smallarms specially adapted for underwater use </text><CPC-specific-text><reference><text>spring operated harpoon guns <class-ref scheme="cpc">F41B7/04</class-ref>; air pressure operated harpoon guns <class-ref scheme="cpc">F41B11/83</class-ref></text></reference></CPC-specific-text></title-part></class-title></classification-item>
<classification-item breakdown-code="false" not-allocatable="false" level="8" additional-only="false" sort-key="F41C9/08" definition-exists="false" ipc-concordant="F41C9/08" c-set-base-allowed="false" c-set-subsequent-allowed="true" date-revised="2013-01-01" status="published"><classification-symbol>F41C9/08</classification-symbol><class-title date-revised="2013-01-01"><title-part><text>Muzzle-loading smallarms</text></title-part><title-part><text>Smallarms with flintlock mechanisms</text></title-part><title-part><text>Accessories therefor</text></title-part></class-title>
<classification-item breakdown-code="false" not-allocatable="false" level="9" additional-only="false" sort-key="F41C9/085" definition-exists="false" ipc-concordant="F41C9/08" c-set-base-allowed="false" c-set-subsequent-allowed="true" date-revised="2013-01-01" status="published"><classification-symbol>F41C9/085</classification-symbol><class-title date-revised="2013-01-01"><title-part><CPC-specific-text><text>Accessories for loading muzzle loading guns, e.g. magazines or tools for loading</text></CPC-specific-text></title-part></class-title></classification-item></classification-item></classification-item></classification-item>
<classification-item breakdown-code="false" not-allocatable="true" level="6" additional-only="false" sort-key="F41C23/00" date-revised="2013-01-01" status="published"><classification-symbol>F41C23/00</classification-symbol><class-title date-revised="2013-01-01"><title-part><text>Details</text></title-part></class-title>
<classification-item breakdown-code="false" not-allocatable="false" level="7" additional-only="false" sort-key="F41C23/00" definition-exists="true" ipc-concordant="F41C23/00" c-set-base-allowed="false" c-set-subsequent-allowed="true" date-revised="2013-01-01" status="published"><classification-symbol>F41C23/00</classification-symbol><class-title date-revised="2013-01-01"><title-part><text>Butts</text></title-part><title-part><text>Butt plates</text></title-part><title-part><text>Stocks </text><CPC-specific-text><reference><text>handles for carrying smallarms <class-ref scheme="cpc">F41C33/08</class-ref></text></reference></CPC-specific-text></title-part></class-title>
<classification-item breakdown-code="false" not-allocatable="false" level="8" additional-only="false" sort-key="F41C23/02" definition-exists="true" ipc-concordant="F41C23/02" c-set-base-allowed="false" c-set-subsequent-allowed="true" date-revised="2013-01-01" status="published"><classification-symbol>F41C23/02</classification-symbol><class-title date-revised="2013-01-01"><title-part><text>Attachment of slings</text></title-part></class-title></classification-item>
<classification-item breakdown-code="false" not-allocatable="false" level="8" additional-only="false" sort-key="F41C23/04" definition-exists="true" ipc-concordant="F41C23/04" c-set-base-allowed="false" c-set-subsequent-allowed="true" date-revised="2013-01-01" status="published"><classification-symbol>F41C23/04</classification-symbol><class-title date-revised="2013-01-01"><title-part><text>Folding or telescopic stocks or stock parts </text><reference><text>articulated or collapsible guns <class-ref scheme="cpc">F41A11/04</class-ref></text></reference></title-part></class-title></classification-item>
<classification-item breakdown-code="false" not-allocatable="false" level="8" additional-only="false" sort-key="F41C23/06" definition-exists="true" ipc-concordant="F41C23/06" c-set-base-allowed="false" c-set-subsequent-allowed="true" date-revised="2013-01-01" status="published"><classification-symbol>F41C23/06</classification-symbol><class-title date-revised="2013-01-01"><title-part><text>Stocks </text><CPC-specific-text><text>or firearm frames</text></CPC-specific-text><text> specially adapted for recoil reduction</text></title-part></class-title>
<classification-item breakdown-code="false" not-allocatable="false" level="9" additional-only="false" sort-key="F41C23/08" definition-exists="false" ipc-concordant="F41C23/08" c-set-base-allowed="false" c-set-subsequent-allowed="true" date-revised="2013-01-01" status="published"><classification-symbol>F41C23/08</classification-symbol><class-title date-revised="2013-01-01"><title-part><text>Recoil absorbing pads</text></title-part></class-title></classification-item></classification-item>
<classification-item breakdown-code="false" not-allocatable="false" level="8" additional-only="false" sort-key="F41C23/10" definition-exists="true" ipc-concordant="F41C23/10" c-set-base-allowed="false" c-set-subsequent-allowed="true" date-revised="2013-01-01" status="published"><classification-symbol>F41C23/10</classification-symbol><class-title date-revised="2013-01-01"><title-part><text>Stocks or grips for pistols, e.g. revolvers </text><reference><text><class-ref scheme="cpc">F41C23/12</class-ref> takes precedence</text></reference></title-part></class-title></classification-item>
<classification-item breakdown-code="false" not-allocatable="false" level="8" additional-only="false" sort-key="F41C23/12" definition-exists="false" ipc-concordant="F41C23/12" c-set-base-allowed="false" c-set-subsequent-allowed="true" date-revised="2013-01-01" status="published"><classification-symbol>F41C23/12</classification-symbol><class-title date-revised="2013-01-01"><title-part><text>Auxiliary stocks for stabilising, or for transforming pistols, e.g. revolvers, into shoulder-fired guns</text></title-part></class-title></classification-item>
<classification-item breakdown-code="false" not-allocatable="false" level="8" additional-only="false" sort-key="F41C23/14" definition-exists="true" ipc-concordant="F41C23/14" c-set-base-allowed="false" c-set-subsequent-allowed="true" date-revised="2013-01-01" status="published"><classification-symbol>F41C23/14</classification-symbol><class-title date-revised="2013-01-01"><title-part><text>Adjustable stock or stock parts, i.e. adaptable to personal requirements, e.g. length, pitch, cast or drop</text></title-part></class-title></classification-item>
<classification-item breakdown-code="false" not-allocatable="false" level="8" additional-only="false" sort-key="F41C23/16" definition-exists="false" ipc-concordant="F41C23/16" c-set-base-allowed="false" c-set-subsequent-allowed="true" date-revised="2013-01-01" status="published"><classification-symbol>F41C23/16</classification-symbol><class-title date-revised="2013-01-01"><title-part><text>Forestocks</text></title-part><title-part><text>Handgrips</text></title-part><title-part><text>Hand guards </text><reference><text>pump-action guns <class-ref scheme="cpc">F41C7/02</class-ref></text></reference></title-part></class-title></classification-item>
<classification-item breakdown-code="false" not-allocatable="false" level="8" additional-only="false" sort-key="F41C23/18" definition-exists="false" ipc-concordant="F41C23/18" c-set-base-allowed="false" c-set-subsequent-allowed="true" date-revised="2013-01-01" status="published"><classification-symbol>F41C23/18</classification-symbol><class-title date-revised="2013-01-01"><title-part><text>characterised by the material used </text><reference><text><class-ref scheme="cpc">F41C23/08</class-ref> takes precedence</text></reference></title-part></class-title></classification-item>
<classification-item breakdown-code="false" not-allocatable="false" level="8" additional-only="false" sort-key="F41C23/20" definition-exists="false" ipc-concordant="F41C23/20" c-set-base-allowed="false" c-set-subsequent-allowed="true" date-revised="2013-01-01" status="published"><classification-symbol>F41C23/20</classification-symbol><class-title date-revised="2013-01-01"><title-part><text>Butts</text></title-part><title-part><text>Butt plates</text></title-part><title-part><text>Mountings therefor </text><reference><text><class-ref scheme="cpc">F41C23/08</class-ref>, <class-ref scheme="cpc">F41C23/10</class-ref>, </text><CPC-specific-text><text><class-ref scheme="cpc">F41C23/14</class-ref></text></CPC-specific-text><text> take precedence</text></reference></title-part></class-title></classification-item>
<classification-item breakdown-code="false" not-allocatable="false" level="8" additional-only="false" sort-key="F41C23/22" definition-exists="true" ipc-concordant="F41C23/22" c-set-base-allowed="false" c-set-subsequent-allowed="true" date-revised="2013-01-01" status="published"><classification-symbol>F41C23/22</classification-symbol><class-title date-revised="2013-01-01"><title-part><text>Stocks having space for the storage of objects</text></title-part></class-title></classification-item></classification-item>
<classification-item breakdown-code="false" not-allocatable="false" level="7" additional-only="false" sort-key="F41C27/00" definition-exists="true" ipc-concordant="F41C27/00" c-set-base-allowed="false" c-set-subsequent-allowed="true" date-revised="2013-01-01" status="published"><classification-symbol>F41C27/00</classification-symbol><class-title date-revised="2013-01-01"><title-part><text>Miscellaneous attachments for smallarms</text></title-part><title-part><text>Accessories</text></title-part><title-part><text>Details not otherwise provided for</text></title-part></class-title>
<classification-item breakdown-code="false" not-allocatable="false" level="8" additional-only="false" sort-key="F41C27/04" definition-exists="false" ipc-concordant="F41C27/04" c-set-base-allowed="false" c-set-subsequent-allowed="true" date-revised="2013-01-01" status="published"><classification-symbol>F41C27/04</classification-symbol><class-title date-revised="2013-01-01"><title-part><text>Arrangements for mounting spades or shields </text><reference><text>spades <u>per se</u> <class-ref scheme="cpc">A01B1/02</class-ref> shields <u>per se</u> <class-ref scheme="cpc">F41H5/06</class-ref></text></reference></title-part></class-title></classification-item>
<classification-item breakdown-code="false" not-allocatable="false" level="8" additional-only="false" sort-key="F41C27/06" definition-exists="false" ipc-concordant="F41C27/06" c-set-base-allowed="false" c-set-subsequent-allowed="true" date-revised="2013-01-01" status="published"><classification-symbol>F41C27/06</classification-symbol><class-title date-revised="2013-01-01"><title-part><text>Adaptations of smallarms for firing grenades, e.g. rifle grenades, or for firing riot-control ammunition</text></title-part><title-part><text>Barrel attachments therefor </text><reference><text>signal pistols <class-ref scheme="cpc">F41C3/02</class-ref></text></reference></title-part></class-title></classification-item>
<classification-item breakdown-code="false" not-allocatable="false" level="8" additional-only="false" sort-key="F41C27/16" definition-exists="false" ipc-concordant="F41C27/16" c-set-base-allowed="false" c-set-subsequent-allowed="true" date-revised="2013-01-01" status="published"><classification-symbol>F41C27/16</classification-symbol><class-title date-revised="2013-01-01"><title-part><text>Smallarms combined with thrusting or cutting weapons </text><reference><text>thrusting or cutting weapons other than bayonets <class-ref scheme="cpc">F41B13/00</class-ref></text></reference></title-part><title-part><text>Bayonets</text></title-part><title-part><text>Bayonet mounts</text></title-part></class-title>
<classification-item breakdown-code="false" not-allocatable="false" level="9" additional-only="false" sort-key="F41C27/18" definition-exists="false" ipc-concordant="F41C27/18" c-set-base-allowed="false" c-set-subsequent-allowed="true" date-revised="2013-01-01" status="published"><classification-symbol>F41C27/18</classification-symbol><class-title date-revised="2013-01-01"><title-part><text>Bayonets</text></title-part><title-part><text>Bayonet mounts</text></title-part></class-title></classification-item></classification-item>
<classification-item breakdown-code="false" not-allocatable="false" level="8" additional-only="false" sort-key="F41C27/20" definition-exists="false" ipc-concordant="F41C27/20" c-set-base-allowed="false" c-set-subsequent-allowed="true" date-revised="2013-01-01" status="published"><classification-symbol>F41C27/20</classification-symbol><class-title date-revised="2013-01-01"><title-part><text>Attachments for wire cutting</text></title-part></class-title></classification-item>
<classification-item breakdown-code="false" not-allocatable="false" level="8" additional-only="false" sort-key="F41C27/22" definition-exists="true" ipc-concordant="F41C27/22" c-set-base-allowed="false" c-set-subsequent-allowed="true" date-revised="2013-01-01" status="published"><classification-symbol>F41C27/22</classification-symbol><class-title date-revised="2013-01-01"><title-part><text>Balancing or stabilising arrangements </text><CPC-specific-text><text>on the gun itself, e.g. balancing weights</text></CPC-specific-text></title-part></class-title></classification-item></classification-item>
<classification-item breakdown-code="false" not-allocatable="false" level="7" additional-only="false" sort-key="F41C33/00" definition-exists="true" ipc-concordant="F41C33/00" c-set-base-allowed="false" c-set-subsequent-allowed="true" date-revised="2013-01-01" status="published"><classification-symbol>F41C33/00</classification-symbol><class-title date-revised="2013-01-01"><title-part><text>Means for wearing or carrying smallarms</text></title-part></class-title>
<classification-item breakdown-code="false" not-allocatable="false" level="8" additional-only="false" sort-key="F41C33/001" definition-exists="true" ipc-concordant="F41C33/00" c-set-base-allowed="false" c-set-subsequent-allowed="true" date-revised="2013-01-01" status="published"><classification-symbol>F41C33/001</classification-symbol><class-title date-revised="2013-01-01"><title-part><CPC-specific-text><text>Shooting harnesses; Stabilising devices, e.g. straps on the body </text><reference><text>balancing arrangements on the gun itself <class-ref scheme="cpc">F41C27/22</class-ref></text></reference></CPC-specific-text></title-part></class-title></classification-item>
<classification-item breakdown-code="false" not-allocatable="false" level="8" additional-only="false" sort-key="F41C33/002" definition-exists="false" ipc-concordant="F41C33/00" c-set-base-allowed="false" c-set-subsequent-allowed="true" date-revised="2013-01-01" status="published"><classification-symbol>F41C33/002</classification-symbol><class-title date-revised="2013-01-01"><title-part><CPC-specific-text><text>Slings for carrying longguns, e.g. straps </text><reference><text>attachment of slings <class-ref scheme="cpc">F41C23/02</class-ref>; shooting harnesses <class-ref scheme="cpc">F41C33/001</class-ref></text></reference></CPC-specific-text></title-part></class-title></classification-item>
<classification-item breakdown-code="false" not-allocatable="false" level="8" additional-only="false" sort-key="F41C33/003" definition-exists="false" ipc-concordant="F41C33/00" c-set-base-allowed="false" c-set-subsequent-allowed="true" date-revised="2013-01-01" status="published"><classification-symbol>F41C33/003</classification-symbol><class-title date-revised="2013-01-01"><title-part><CPC-specific-text><text>Buttstock supports, i.e. devices for carrying the weight of long firearms in a substantially vertical orientation by supporting the buttstock </text><reference><text>holsters <class-ref scheme="cpc">F41C33/02</class-ref></text></reference></CPC-specific-text></title-part></class-title>
<classification-item breakdown-code="false" not-allocatable="false" level="9" additional-only="false" sort-key="F41C33/005" definition-exists="false" ipc-concordant="F41C33/00" c-set-base-allowed="false" c-set-subsequent-allowed="true" date-revised="2013-01-01" status="published"><classification-symbol>F41C33/005</classification-symbol><class-title date-revised="2013-01-01"><title-part><CPC-specific-text><text>combined with a second point of support remote from the buttstock, enabling hands-free carrying</text></CPC-specific-text></title-part></class-title></classification-item></classification-item>
<classification-item breakdown-code="false" not-allocatable="false" level="8" additional-only="false" sort-key="F41C33/006" definition-exists="false" ipc-concordant="F41C33/00" c-set-base-allowed="false" c-set-subsequent-allowed="true" date-revised="2013-01-01" status="published"><classification-symbol>F41C33/006</classification-symbol><class-title date-revised="2013-01-01"><title-part><CPC-specific-text><text>Clips, hooks or the like, for carrying the weight of smallarms </text><reference><text>holsters <class-ref scheme="cpc">F41C33/02</class-ref></text></reference></CPC-specific-text></title-part></class-title>
<classification-item breakdown-code="false" not-allocatable="false" level="9" additional-only="false" sort-key="F41C33/007" definition-exists="false" ipc-concordant="F41C33/00" c-set-base-allowed="false" c-set-subsequent-allowed="true" date-revised="2013-01-01" status="published"><classification-symbol>F41C33/007</classification-symbol><class-title date-revised="2013-01-01"><title-part><CPC-specific-text><text>for long firearms, e.g. rifles</text></CPC-specific-text></title-part></class-title></classification-item>
<classification-item breakdown-code="false" not-allocatable="false" level="9" additional-only="false" sort-key="F41C33/008" definition-exists="false" ipc-concordant="F41C33/00" c-set-base-allowed="false" c-set-subsequent-allowed="true" date-revised="2013-01-01" status="published"><classification-symbol>F41C33/008</classification-symbol><class-title date-revised="2013-01-01"><title-part><CPC-specific-text><text>for handguns, i.e. pistols or revolvers</text></CPC-specific-text></title-part></class-title></classification-item></classification-item>
<classification-item breakdown-code="false" not-allocatable="false" level="8" additional-only="false" sort-key="F41C33/02" definition-exists="true" ipc-concordant="F41C33/02" c-set-base-allowed="false" c-set-subsequent-allowed="true" date-revised="2013-01-01" status="published"><classification-symbol>F41C33/02</classification-symbol><class-title date-revised="2013-01-01"><title-part><text>Holsters, i.e. cases for pistols having means for being carried or worn, e.g. at the belt or under the arm</text></title-part></class-title>
<classification-item breakdown-code="false" not-allocatable="false" level="9" additional-only="false" sort-key="F41C33/0209" definition-exists="false" ipc-concordant="F41C33/02" c-set-base-allowed="false" c-set-subsequent-allowed="true" date-revised="2013-01-01" status="published"><classification-symbol>F41C33/0209</classification-symbol><class-title date-revised="2013-01-01"><title-part><CPC-specific-text><text>Pouch or pocket like containers for small arms covering all or most of the small arm</text></CPC-specific-text></title-part></class-title>
<classification-item breakdown-code="false" not-allocatable="false" level="10" additional-only="false" sort-key="F41C33/0218" definition-exists="false" ipc-concordant="F41C33/02" c-set-base-allowed="false" c-set-subsequent-allowed="true" date-revised="2013-01-01" status="published"><classification-symbol>F41C33/0218</classification-symbol><class-title date-revised="2013-01-01"><title-part><CPC-specific-text><text>having a flap substantially covering the opening of the pouch or pocket</text></CPC-specific-text></title-part></class-title></classification-item>
<classification-item breakdown-code="false" not-allocatable="false" level="10" additional-only="false" sort-key="F41C33/0227" definition-exists="false" ipc-concordant="F41C33/02" c-set-base-allowed="false" c-set-subsequent-allowed="true" date-revised="2013-01-01" status="published"><classification-symbol>F41C33/0227</classification-symbol><class-title date-revised="2013-01-01"><title-part><CPC-specific-text><text>having a strap or other restraining element only covering the hammer or a part of the upper part of the small arm</text></CPC-specific-text></title-part></class-title></classification-item></classification-item>
<classification-item breakdown-code="false" not-allocatable="false" level="9" additional-only="false" sort-key="F41C33/0236" definition-exists="false" ipc-concordant="F41C33/02" c-set-base-allowed="false" c-set-subsequent-allowed="true" date-revised="2013-01-01" status="published"><classification-symbol>F41C33/0236</classification-symbol><class-title date-revised="2013-01-01"><title-part><CPC-specific-text><text>Half-holsters covering by encircling only a part of the small arm, e.g. ghost-holsters</text></CPC-specific-text></title-part></class-title></classification-item>
<classification-item breakdown-code="false" not-allocatable="false" level="9" additional-only="false" sort-key="F41C33/0245" definition-exists="false" ipc-concordant="F41C33/02" c-set-base-allowed="false" c-set-subsequent-allowed="true" date-revised="2013-01-01" status="published"><classification-symbol>F41C33/0245</classification-symbol><class-title date-revised="2013-01-01"><title-part><CPC-specific-text><text>Skeleton-holsters, e.g. contacting only a minimal part of the small arm, e.g. contacting the muzzle, ejection port, chamber, trigger guard or hammer</text></CPC-specific-text></title-part></class-title></classification-item>
<classification-item breakdown-code="false" not-allocatable="false" level="9" additional-only="false" sort-key="F41C33/0254" definition-exists="false" ipc-concordant="F41C33/02" c-set-base-allowed="false" c-set-subsequent-allowed="true" date-revised="2013-01-01" status="published"><classification-symbol>F41C33/0254</classification-symbol><class-title date-revised="2013-01-01"><title-part><CPC-specific-text><text>with accommodation for auxiliary devices mounted on the small arm, e.g. telescopic sights, flashlights or laser-devices</text></CPC-specific-text></title-part></class-title></classification-item>
<classification-item breakdown-code="false" not-allocatable="false" level="9" additional-only="false" sort-key="F41C33/0263" definition-exists="false" ipc-concordant="F41C33/02" c-set-base-allowed="false" c-set-subsequent-allowed="true" date-revised="2018-01-01" status="published"><classification-symbol>F41C33/0263</classification-symbol><class-title date-revised="2018-01-01"><title-part><CPC-specific-text><text>having a locking system for preventing unauthorized or accidental removal of the small arm from the holster </text><reference><text><class-ref scheme="cpc">F41C33/0227</class-ref> takes precedence</text></reference></CPC-specific-text></title-part></class-title></classification-item>
<classification-item breakdown-code="false" not-allocatable="false" level="9" additional-only="false" sort-key="F41C33/0272" definition-exists="false" ipc-concordant="F41C33/02" c-set-base-allowed="false" c-set-subsequent-allowed="true" date-revised="2013-01-01" status="published"><classification-symbol>F41C33/0272</classification-symbol><class-title date-revised="2013-01-01"><title-part><CPC-specific-text><text>having means for facilitating or accelerating the drawing of the small arm from the holster</text></CPC-specific-text></title-part></class-title></classification-item>
<classification-item breakdown-code="false" not-allocatable="false" level="9" additional-only="false" sort-key="F41C33/0281" definition-exists="false" ipc-concordant="F41C33/02" c-set-base-allowed="false" c-set-subsequent-allowed="true" date-revised="2013-01-01" status="published"><classification-symbol>F41C33/0281</classification-symbol><class-title date-revised="2013-01-01"><title-part><CPC-specific-text><text>with means for assisting in cocking or loading the small arm</text></CPC-specific-text></title-part></class-title></classification-item>
<classification-item breakdown-code="false" not-allocatable="false" level="9" additional-only="false" sort-key="F41C33/029" definition-exists="false" ipc-concordant="F41C33/02" c-set-base-allowed="false" c-set-subsequent-allowed="true" date-revised="2013-01-01" status="published"><classification-symbol>F41C33/029</classification-symbol><class-title date-revised="2013-01-01"><title-part><CPC-specific-text><text>combined with electronic devices, e.g. GPS</text></CPC-specific-text></title-part></class-title></classification-item>
<classification-item breakdown-code="false" not-allocatable="false" level="9" additional-only="false" sort-key="F41C33/04" definition-exists="true" ipc-concordant="F41C33/04" c-set-base-allowed="false" c-set-subsequent-allowed="true" date-revised="2013-01-01" status="published"><classification-symbol>F41C33/04</classification-symbol><class-title date-revised="2013-01-01"><title-part><text>Special attachments therefor</text></title-part></class-title>
<classification-item breakdown-code="false" not-allocatable="false" level="10" additional-only="false" sort-key="F41C33/041" definition-exists="false" ipc-concordant="F41C33/04" c-set-base-allowed="false" c-set-subsequent-allowed="true" date-revised="2013-01-01" status="published"><classification-symbol>F41C33/041</classification-symbol><class-title date-revised="2013-01-01"><title-part><CPC-specific-text><text>for connecting a holster to a belt, webbing or other object</text></CPC-specific-text></title-part></class-title>
<classification-item breakdown-code="false" not-allocatable="false" level="11" additional-only="false" sort-key="F41C33/043" definition-exists="false" ipc-concordant="F41C33/04" c-set-base-allowed="false" c-set-subsequent-allowed="true" date-revised="2013-01-01" status="published"><classification-symbol>F41C33/043</classification-symbol><class-title date-revised="2013-01-01"><title-part><CPC-specific-text><text>for connection in more than one transversal position</text></CPC-specific-text></title-part></class-title></classification-item>
<classification-item breakdown-code="false" not-allocatable="false" level="11" additional-only="false" sort-key="F41C33/045" definition-exists="false" ipc-concordant="F41C33/04" c-set-base-allowed="false" c-set-subsequent-allowed="true" date-revised="2013-01-01" status="published"><classification-symbol>F41C33/045</classification-symbol><class-title date-revised="2013-01-01"><title-part><CPC-specific-text><text>for connection in more than one rotational position around an axle, e.g. by using a rotatable connection</text></CPC-specific-text></title-part></class-title></classification-item></classification-item>
<classification-item breakdown-code="false" not-allocatable="false" level="10" additional-only="false" sort-key="F41C33/046" definition-exists="true" ipc-concordant="F41C33/04" c-set-base-allowed="false" c-set-subsequent-allowed="true" date-revised="2013-01-01" status="published"><classification-symbol>F41C33/046</classification-symbol><class-title date-revised="2013-01-01"><title-part><CPC-specific-text><text>Webbing, harnesses, belts or straps for wearing holsters</text></CPC-specific-text></title-part></class-title></classification-item>
<classification-item breakdown-code="false" not-allocatable="false" level="10" additional-only="false" sort-key="F41C33/048" definition-exists="false" ipc-concordant="F41C33/04" c-set-base-allowed="false" c-set-subsequent-allowed="true" date-revised="2013-01-01" status="published"><classification-symbol>F41C33/048</classification-symbol><class-title date-revised="2013-01-01"><title-part><CPC-specific-text><text>for concealed carrying of a small arm</text></CPC-specific-text></title-part></class-title></classification-item></classification-item></classification-item>
<classification-item breakdown-code="false" not-allocatable="false" level="8" additional-only="false" sort-key="F41C33/06" definition-exists="true" ipc-concordant="F41C33/06" c-set-base-allowed="false" c-set-subsequent-allowed="true" date-revised="2013-01-01" status="published"><classification-symbol>F41C33/06</classification-symbol><class-title date-revised="2013-01-01"><title-part><text>Containers for carrying smallarms, e.g. safety boxes, gun cases </text><reference><text><class-ref scheme="cpc">F41C33/02</class-ref> takes precedence</text></reference></title-part></class-title></classification-item>
<classification-item breakdown-code="false" not-allocatable="false" level="8" additional-only="false" sort-key="F41C33/08" definition-exists="false" ipc-concordant="F41C33/08" c-set-base-allowed="false" c-set-subsequent-allowed="true" date-revised="2013-01-01" status="published"><classification-symbol>F41C33/08</classification-symbol><class-title date-revised="2013-01-01"><title-part><text>Handles for carrying smallarms</text></title-part></class-title></classification-item></classification-item></classification-item></classification-item></class-scheme>