<?xml version="1.0" encoding="UTF-8"?>
<class-scheme publication-date="2021-05-01" scheme-type="cpc" publication-type="official">
<classification-item breakdown-code="false" not-allocatable="true" level="5" additional-only="false" sort-key="B61C" definition-exists="true" date-revised="2018-08-01" status="published"><classification-symbol>B61C</classification-symbol><class-title date-revised="2013-01-01"><title-part><text>LOCOMOTIVES</text></title-part><title-part><text>MOTOR RAILCARS </text><reference><text>vehicles in general <class-ref scheme="cpc">B60</class-ref>; frames or bogies <class-ref scheme="cpc">B61F</class-ref>; special railroad equipment for locomotives <class-ref scheme="cpc">B61J</class-ref>, <class-ref scheme="cpc">B61K</class-ref></text></reference></title-part></class-title><notes-and-warnings date-revised="2013-01-01"><note type="note"><note-paragraph> This subclass <u>covers</u> : <subnote type="bullet"><note-paragraph>general design features or items of locomotives and motor railcars not otherwise provided for;</note-paragraph><note-paragraph>non-electric features of electric locomotives</note-paragraph></subnote></note-paragraph></note><note type="warning"><note-paragraph>In this subclass non-limiting references (in the sense of paragraph 39 of the Guide to the IPC) may still be displayed in the scheme.</note-paragraph></note></notes-and-warnings>
<classification-item breakdown-code="false" not-allocatable="true" level="6" additional-only="false" sort-key="B61C1/00" date-revised="2013-01-01" status="published"><classification-symbol>B61C1/00</classification-symbol><class-title date-revised="2013-01-01"><title-part><text>Locomotives or motor railcars in general or characterised by the types of motive power plant used</text></title-part></class-title>
<classification-item breakdown-code="false" not-allocatable="false" level="7" additional-only="false" sort-key="B61C1/00" definition-exists="true" ipc-concordant="B61C1/00" c-set-base-allowed="false" c-set-subsequent-allowed="true" date-revised="2013-01-01" status="published"><classification-symbol>B61C1/00</classification-symbol><class-title date-revised="2013-01-01"><title-part><text>Steam locomotives or railcars </text><reference><text>engines <class-ref scheme="cpc">F01</class-ref>; characterised by power transmissions <class-ref scheme="cpc">B61C9/00</class-ref>; boilers <class-ref scheme="cpc">F22B</class-ref></text></reference></title-part></class-title>
<classification-item breakdown-code="false" not-allocatable="false" level="8" additional-only="false" sort-key="B61C1/02" definition-exists="false" ipc-concordant="B61C1/02" c-set-base-allowed="false" c-set-subsequent-allowed="true" date-revised="2013-01-01" status="published"><classification-symbol>B61C1/02</classification-symbol><class-title date-revised="2013-01-01"><title-part><text>of articulated construction</text></title-part><title-part><text>with two or more engines </text><reference><text>appliances of booster engines <class-ref scheme="cpc">B61C15/02</class-ref></text></reference></title-part></class-title></classification-item>
<classification-item breakdown-code="false" not-allocatable="false" level="8" additional-only="false" sort-key="B61C1/04" definition-exists="false" ipc-concordant="B61C1/04" c-set-base-allowed="false" c-set-subsequent-allowed="true" date-revised="2013-01-01" status="published"><classification-symbol>B61C1/04</classification-symbol><class-title date-revised="2013-01-01"><title-part><text>with steam accumulators </text><reference><text>steam accumulators <class-ref scheme="cpc">F01K</class-ref></text></reference></title-part></class-title></classification-item>
<classification-item breakdown-code="false" not-allocatable="false" level="8" additional-only="false" sort-key="B61C1/06" definition-exists="false" ipc-concordant="B61C1/06" c-set-base-allowed="false" c-set-subsequent-allowed="true" date-revised="2013-01-01" status="published"><classification-symbol>B61C1/06</classification-symbol><class-title date-revised="2013-01-01"><title-part><text>Streamlining </text><reference><text>of coachwork <class-ref scheme="cpc">B61D</class-ref></text></reference></title-part></class-title></classification-item>
<classification-item breakdown-code="false" not-allocatable="false" level="8" additional-only="false" sort-key="B61C1/08" definition-exists="false" ipc-concordant="B61C1/08" c-set-base-allowed="false" c-set-subsequent-allowed="true" date-revised="2013-01-01" status="published"><classification-symbol>B61C1/08</classification-symbol><class-title date-revised="2013-01-01"><title-part><text>Arrangement or disposition of combustion apparatus or accessories therefor</text></title-part></class-title></classification-item>
<classification-item breakdown-code="false" not-allocatable="false" level="8" additional-only="false" sort-key="B61C1/10" definition-exists="false" ipc-concordant="B61C1/10" c-set-base-allowed="false" c-set-subsequent-allowed="true" date-revised="2013-01-01" status="published"><classification-symbol>B61C1/10</classification-symbol><class-title date-revised="2013-01-01"><title-part><text>Arrangement or disposition of steam generators</text></title-part></class-title></classification-item>
<classification-item breakdown-code="false" not-allocatable="false" level="8" additional-only="false" sort-key="B61C1/12" definition-exists="false" ipc-concordant="B61C1/12" c-set-base-allowed="false" c-set-subsequent-allowed="true" date-revised="2013-01-01" status="published"><classification-symbol>B61C1/12</classification-symbol><class-title date-revised="2013-01-01"><title-part><text>Arrangement or disposition of condensers</text></title-part></class-title></classification-item>
<classification-item breakdown-code="false" not-allocatable="false" level="8" additional-only="false" sort-key="B61C1/14" definition-exists="false" ipc-concordant="B61C1/14" c-set-base-allowed="false" c-set-subsequent-allowed="true" date-revised="2013-01-01" status="published"><classification-symbol>B61C1/14</classification-symbol><class-title date-revised="2013-01-01"><title-part><text>Arrangement or disposition of exhaust apparatus</text></title-part></class-title></classification-item></classification-item>
<classification-item breakdown-code="false" not-allocatable="false" level="7" additional-only="false" sort-key="B61C3/00" definition-exists="true" ipc-concordant="B61C3/00" c-set-base-allowed="false" c-set-subsequent-allowed="true" date-revised="2013-01-01" status="published"><classification-symbol>B61C3/00</classification-symbol><class-title date-revised="2013-01-01"><title-part><text>Electric locomotives or railcars </text><reference><text>characterised by power transmission <class-ref scheme="cpc">B61C9/00</class-ref>; electrical features <class-ref scheme="cpc">B60L</class-ref>; <class-ref scheme="cpc">H02</class-ref></text></reference></title-part></class-title>
<classification-item breakdown-code="false" not-allocatable="false" level="8" additional-only="false" sort-key="B61C3/02" definition-exists="false" ipc-concordant="B61C3/02" c-set-base-allowed="false" c-set-subsequent-allowed="true" date-revised="2013-01-01" status="published"><classification-symbol>B61C3/02</classification-symbol><class-title date-revised="2013-01-01"><title-part><text>with electric accumulators</text></title-part></class-title></classification-item></classification-item>
<classification-item breakdown-code="false" not-allocatable="false" level="7" additional-only="false" sort-key="B61C5/00" definition-exists="true" ipc-concordant="B61C5/00" c-set-base-allowed="false" c-set-subsequent-allowed="true" date-revised="2013-01-01" status="published"><classification-symbol>B61C5/00</classification-symbol><class-title date-revised="2013-01-01"><title-part><text>Locomotives or motor railcars with IC engines or gas turbines </text><reference><text>characterised by power transmission <class-ref scheme="cpc">B61C9/00</class-ref>; engines <class-ref scheme="cpc">F02</class-ref></text></reference></title-part></class-title>
<classification-item breakdown-code="false" not-allocatable="false" level="8" additional-only="false" sort-key="B61C5/02" definition-exists="true" ipc-concordant="B61C5/02" c-set-base-allowed="false" c-set-subsequent-allowed="true" date-revised="2013-01-01" status="published"><classification-symbol>B61C5/02</classification-symbol><class-title date-revised="2013-01-01"><title-part><text>Arrangement or disposition of intakes and apparatus for supplying, circulating, and filtering air for combustion and engine-cooling purposes</text></title-part></class-title></classification-item>
<classification-item breakdown-code="false" not-allocatable="false" level="8" additional-only="false" sort-key="B61C5/04" definition-exists="false" ipc-concordant="B61C5/04" c-set-base-allowed="false" c-set-subsequent-allowed="true" date-revised="2013-01-01" status="published"><classification-symbol>B61C5/04</classification-symbol><class-title date-revised="2013-01-01"><title-part><text>Arrangement or disposition of exhaust apparatus</text></title-part></class-title></classification-item></classification-item>
<classification-item breakdown-code="false" not-allocatable="false" level="7" additional-only="false" sort-key="B61C7/00" definition-exists="true" ipc-concordant="B61C7/00" c-set-base-allowed="false" c-set-subsequent-allowed="true" date-revised="2013-01-01" status="published"><classification-symbol>B61C7/00</classification-symbol><class-title date-revised="2013-01-01"><title-part><text>Other locomotives or motor railcars</text></title-part></class-title>
<classification-item breakdown-code="false" not-allocatable="false" level="8" additional-only="false" sort-key="B61C7/02" definition-exists="false" ipc-concordant="B61C7/02" c-set-base-allowed="false" c-set-subsequent-allowed="true" date-revised="2013-01-01" status="published"><classification-symbol>B61C7/02</classification-symbol><class-title date-revised="2013-01-01"><title-part><text>Locomotives or motor railcars with pneumatic accumulators</text></title-part></class-title></classification-item>
<classification-item breakdown-code="false" not-allocatable="false" level="8" additional-only="false" sort-key="B61C7/04" definition-exists="false" ipc-concordant="B61C7/04" c-set-base-allowed="false" c-set-subsequent-allowed="true" date-revised="2017-08-01" status="published"><classification-symbol>B61C7/04</classification-symbol><class-title date-revised="2017-08-01"><title-part><text>Locomotives or motor railcars with two or more different kinds or types of engines, e.g. steam and IC engines</text></title-part></class-title></classification-item></classification-item>
<classification-item breakdown-code="false" not-allocatable="false" level="7" additional-only="false" sort-key="B61C8/00" definition-exists="true" ipc-concordant="B61C8/00" c-set-base-allowed="false" c-set-subsequent-allowed="true" date-revised="2013-01-01" status="published"><classification-symbol>B61C8/00</classification-symbol><class-title date-revised="2013-01-01"><title-part><text>Filling stations for steam- or pneumatic-accumulator locomotives or motor railcars</text></title-part></class-title></classification-item>
<classification-item breakdown-code="false" not-allocatable="false" level="7" additional-only="false" sort-key="B61C9/00" definition-exists="true" ipc-concordant="B61C9/00" c-set-base-allowed="false" c-set-subsequent-allowed="true" date-revised="2013-01-01" status="published"><classification-symbol>B61C9/00</classification-symbol><class-title date-revised="2013-01-01"><title-part><text>Locomotives or motor railcars characterised by the type of transmission system used</text></title-part><title-part><text>Transmission systems specially adapted for locomotives or motor railcars </text><reference><text>machine elements <class-ref scheme="cpc">F16</class-ref></text></reference></title-part></class-title>
<classification-item breakdown-code="false" not-allocatable="false" level="8" additional-only="false" sort-key="B61C9/02" definition-exists="false" ipc-concordant="B61C9/02" c-set-base-allowed="false" c-set-subsequent-allowed="true" date-revised="2013-01-01" status="published"><classification-symbol>B61C9/02</classification-symbol><class-title date-revised="2013-01-01"><title-part><text>Transmission systems in or for locomotives or motor railcars with reciprocating piston steam engines</text></title-part></class-title>
<classification-item breakdown-code="false" not-allocatable="false" level="9" additional-only="false" sort-key="B61C9/04" definition-exists="false" ipc-concordant="B61C9/04" c-set-base-allowed="false" c-set-subsequent-allowed="true" date-revised="2013-01-01" status="published"><classification-symbol>B61C9/04</classification-symbol><class-title date-revised="2013-01-01"><title-part><text>consisting of cranked axles and coupling rods</text></title-part></class-title></classification-item>
<classification-item breakdown-code="false" not-allocatable="false" level="9" additional-only="false" sort-key="B61C9/06" definition-exists="false" ipc-concordant="B61C9/06" c-set-base-allowed="false" c-set-subsequent-allowed="true" date-revised="2013-01-01" status="published"><classification-symbol>B61C9/06</classification-symbol><class-title date-revised="2013-01-01"><title-part><text>having toothed, chain, friction, or belt gearing</text></title-part></class-title></classification-item></classification-item>
<classification-item breakdown-code="false" not-allocatable="false" level="8" additional-only="false" sort-key="B61C9/08" definition-exists="false" ipc-concordant="B61C9/08" c-set-base-allowed="false" c-set-subsequent-allowed="true" date-revised="2013-01-01" status="published"><classification-symbol>B61C9/08</classification-symbol><class-title date-revised="2013-01-01"><title-part><text>Transmission systems in or for locomotives or motor railcars with IC reciprocating piston engines</text></title-part></class-title>
<classification-item breakdown-code="false" not-allocatable="false" level="9" additional-only="false" sort-key="B61C9/10" definition-exists="false" ipc-concordant="B61C9/10" c-set-base-allowed="false" c-set-subsequent-allowed="true" date-revised="2013-01-01" status="published"><classification-symbol>B61C9/10</classification-symbol><class-title date-revised="2013-01-01"><title-part><text>mechanical </text><reference><text>combined with hydraulic gearing <class-ref scheme="cpc">B61C9/14</class-ref></text></reference></title-part></class-title>
<classification-item breakdown-code="false" not-allocatable="false" level="10" additional-only="false" sort-key="B61C9/12" definition-exists="false" ipc-concordant="B61C9/12" c-set-base-allowed="false" c-set-subsequent-allowed="true" date-revised="2013-01-01" status="published"><classification-symbol>B61C9/12</classification-symbol><class-title date-revised="2013-01-01"><title-part><text>with change-speed gearing</text></title-part></class-title></classification-item></classification-item>
<classification-item breakdown-code="false" not-allocatable="false" level="9" additional-only="false" sort-key="B61C9/14" definition-exists="false" ipc-concordant="B61C9/14" c-set-base-allowed="false" c-set-subsequent-allowed="true" date-revised="2013-01-01" status="published"><classification-symbol>B61C9/14</classification-symbol><class-title date-revised="2013-01-01"><title-part><text>hydraulic, including combinations with mechanical gearing</text></title-part></class-title>
<classification-item breakdown-code="false" not-allocatable="false" level="10" additional-only="false" sort-key="B61C9/16" definition-exists="false" ipc-concordant="B61C9/16" c-set-base-allowed="false" c-set-subsequent-allowed="true" date-revised="2013-01-01" status="published"><classification-symbol>B61C9/16</classification-symbol><class-title date-revised="2013-01-01"><title-part><text>using gearing of the hydrostatic type</text></title-part></class-title></classification-item>
<classification-item breakdown-code="false" not-allocatable="false" level="10" additional-only="false" sort-key="B61C9/18" definition-exists="false" ipc-concordant="B61C9/18" c-set-base-allowed="false" c-set-subsequent-allowed="true" date-revised="2013-01-01" status="published"><classification-symbol>B61C9/18</classification-symbol><class-title date-revised="2013-01-01"><title-part><text>using gearing of the hydrokinetic type</text></title-part></class-title>
<classification-item breakdown-code="false" not-allocatable="false" level="11" additional-only="false" sort-key="B61C9/20" definition-exists="false" ipc-concordant="B61C9/20" c-set-base-allowed="false" c-set-subsequent-allowed="true" date-revised="2013-01-01" status="published"><classification-symbol>B61C9/20</classification-symbol><class-title date-revised="2013-01-01"><title-part><text>with mechanical change-speed gearing</text></title-part></class-title></classification-item></classification-item></classification-item>
<classification-item breakdown-code="false" not-allocatable="false" level="9" additional-only="false" sort-key="B61C9/22" definition-exists="false" ipc-concordant="B61C9/22" c-set-base-allowed="false" c-set-subsequent-allowed="true" date-revised="2013-01-01" status="published"><classification-symbol>B61C9/22</classification-symbol><class-title date-revised="2013-01-01"><title-part><text>pneumatic</text></title-part></class-title></classification-item>
<classification-item breakdown-code="false" not-allocatable="false" level="9" additional-only="false" sort-key="B61C9/24" definition-exists="false" ipc-concordant="B61C9/24" c-set-base-allowed="false" c-set-subsequent-allowed="true" date-revised="2013-01-01" status="published"><classification-symbol>B61C9/24</classification-symbol><class-title date-revised="2013-01-01"><title-part><text>electric </text><reference><text><class-ref scheme="cpc">B61C9/38</class-ref> takes precedence</text></reference></title-part></class-title></classification-item>
<classification-item breakdown-code="false" not-allocatable="false" level="9" additional-only="false" sort-key="B61C9/26" definition-exists="false" ipc-concordant="B61C9/26" c-set-base-allowed="false" c-set-subsequent-allowed="true" date-revised="2013-01-01" status="published"><classification-symbol>B61C9/26</classification-symbol><class-title date-revised="2013-01-01"><title-part><text>with transmission shafts at an angle to the driving axles</text></title-part></class-title></classification-item></classification-item>
<classification-item breakdown-code="false" not-allocatable="false" level="8" additional-only="false" sort-key="B61C9/28" definition-exists="false" ipc-concordant="B61C9/28" c-set-base-allowed="false" c-set-subsequent-allowed="true" date-revised="2013-01-01" status="published"><classification-symbol>B61C9/28</classification-symbol><class-title date-revised="2013-01-01"><title-part><text>Transmission systems in or for locomotives or motor railcars with rotary prime movers, e.g. turbines</text></title-part></class-title>
<classification-item breakdown-code="false" not-allocatable="false" level="9" additional-only="false" sort-key="B61C9/30" definition-exists="false" ipc-concordant="B61C9/30" c-set-base-allowed="false" c-set-subsequent-allowed="true" date-revised="2013-01-01" status="published"><classification-symbol>B61C9/30</classification-symbol><class-title date-revised="2013-01-01"><title-part><text>mechanical </text><reference><text>combined with hydraulic gearing <class-ref scheme="cpc">B61C9/34</class-ref></text></reference></title-part></class-title>
<classification-item breakdown-code="false" not-allocatable="false" level="10" additional-only="false" sort-key="B61C9/32" definition-exists="false" ipc-concordant="B61C9/32" c-set-base-allowed="false" c-set-subsequent-allowed="true" date-revised="2013-01-01" status="published"><classification-symbol>B61C9/32</classification-symbol><class-title date-revised="2013-01-01"><title-part><text>with change-speed gearing</text></title-part></class-title></classification-item></classification-item>
<classification-item breakdown-code="false" not-allocatable="false" level="9" additional-only="false" sort-key="B61C9/34" definition-exists="false" ipc-concordant="B61C9/34" c-set-base-allowed="false" c-set-subsequent-allowed="true" date-revised="2013-01-01" status="published"><classification-symbol>B61C9/34</classification-symbol><class-title date-revised="2013-01-01"><title-part><text>hydraulic, including combinations with mechanical gearing</text></title-part></class-title></classification-item>
<classification-item breakdown-code="false" not-allocatable="false" level="9" additional-only="false" sort-key="B61C9/36" definition-exists="false" ipc-concordant="B61C9/36" c-set-base-allowed="false" c-set-subsequent-allowed="true" date-revised="2013-01-01" status="published"><classification-symbol>B61C9/36</classification-symbol><class-title date-revised="2013-01-01"><title-part><text>electric </text><reference><text><class-ref scheme="cpc">B61C9/38</class-ref> takes precedence</text></reference></title-part></class-title></classification-item></classification-item>
<classification-item breakdown-code="false" not-allocatable="false" level="8" additional-only="false" sort-key="B61C9/38" definition-exists="false" ipc-concordant="B61C9/38" c-set-base-allowed="false" c-set-subsequent-allowed="true" date-revised="2013-01-01" status="published"><classification-symbol>B61C9/38</classification-symbol><class-title date-revised="2013-01-01"><title-part><text>Transmission systems in or for locomotives or motor railcars with electric motor propulsion </text><reference><text>electrical features <class-ref scheme="cpc">B60L</class-ref></text></reference></title-part></class-title>
<classification-item breakdown-code="false" not-allocatable="false" level="9" additional-only="false" sort-key="B61C9/40" definition-exists="false" ipc-concordant="B61C9/40" c-set-base-allowed="false" c-set-subsequent-allowed="true" date-revised="2013-01-01" status="published"><classification-symbol>B61C9/40</classification-symbol><class-title date-revised="2013-01-01"><title-part><text>with cranked axles and coupling rods</text></title-part></class-title></classification-item>
<classification-item breakdown-code="false" not-allocatable="false" level="9" additional-only="false" sort-key="B61C9/42" definition-exists="false" ipc-concordant="B61C9/42" c-set-base-allowed="false" c-set-subsequent-allowed="true" date-revised="2013-01-01" status="published"><classification-symbol>B61C9/42</classification-symbol><class-title date-revised="2013-01-01"><title-part><text>hydraulic</text></title-part></class-title></classification-item>
<classification-item breakdown-code="false" not-allocatable="false" level="9" additional-only="false" sort-key="B61C9/44" definition-exists="false" ipc-concordant="B61C9/44" c-set-base-allowed="false" c-set-subsequent-allowed="true" date-revised="2013-01-01" status="published"><classification-symbol>B61C9/44</classification-symbol><class-title date-revised="2013-01-01"><title-part><text>with hollow transmission shaft concentric with wheel axis</text></title-part></class-title></classification-item>
<classification-item breakdown-code="false" not-allocatable="false" level="9" additional-only="false" sort-key="B61C9/46" definition-exists="false" ipc-concordant="B61C9/46" c-set-base-allowed="false" c-set-subsequent-allowed="true" date-revised="2013-01-01" status="published"><classification-symbol>B61C9/46</classification-symbol><class-title date-revised="2013-01-01"><title-part><text>with motors forming parts of wheels</text></title-part></class-title></classification-item>
<classification-item breakdown-code="false" not-allocatable="false" level="9" additional-only="false" sort-key="B61C9/48" definition-exists="false" ipc-concordant="B61C9/48" c-set-base-allowed="false" c-set-subsequent-allowed="true" date-revised="2013-01-01" status="published"><classification-symbol>B61C9/48</classification-symbol><class-title date-revised="2013-01-01"><title-part><text>with motors supported on vehicle frames and driving axles, e.g. axle or nose suspension</text></title-part></class-title>
<classification-item breakdown-code="false" not-allocatable="false" level="10" additional-only="false" sort-key="B61C9/50" definition-exists="false" ipc-concordant="B61C9/50" c-set-base-allowed="false" c-set-subsequent-allowed="true" date-revised="2013-01-01" status="published"><classification-symbol>B61C9/50</classification-symbol><class-title date-revised="2013-01-01"><title-part><text>in bogies</text></title-part></class-title></classification-item></classification-item>
<classification-item breakdown-code="false" not-allocatable="false" level="9" additional-only="false" sort-key="B61C9/52" definition-exists="false" ipc-concordant="B61C9/52" c-set-base-allowed="false" c-set-subsequent-allowed="true" date-revised="2013-01-01" status="published"><classification-symbol>B61C9/52</classification-symbol><class-title date-revised="2013-01-01"><title-part><text>with transmission shafts at an angle to the driving axles</text></title-part></class-title></classification-item></classification-item></classification-item></classification-item>
<classification-item breakdown-code="false" not-allocatable="true" level="6" additional-only="false" sort-key="B61C11/00" date-revised="2013-01-01" status="published"><classification-symbol>B61C11/00</classification-symbol><class-title date-revised="2013-01-01"><title-part><text>Locomotives or motor railcars characterised by the type of means applying the tractive effort, or by their application to special railway systems or purposes</text></title-part></class-title>
<classification-item breakdown-code="false" not-allocatable="false" level="7" additional-only="false" sort-key="B61C11/00" definition-exists="true" ipc-concordant="B61C11/00" c-set-base-allowed="false" c-set-subsequent-allowed="true" date-revised="2013-01-01" status="published"><classification-symbol>B61C11/00</classification-symbol><class-title date-revised="2013-01-01"><title-part><text>Locomotives or motor railcars characterised by the type of means applying the tractive effort</text></title-part><title-part><text>Arrangement or disposition of running gear other than normal driving wheel </text><reference><text>constructions wheels <class-ref scheme="cpc">B60B</class-ref></text></reference></title-part></class-title>
<classification-item breakdown-code="false" not-allocatable="false" level="8" additional-only="false" sort-key="B61C11/005" definition-exists="false" ipc-concordant="B61C11/00" c-set-base-allowed="false" c-set-subsequent-allowed="true" date-revised="2013-01-01" status="published"><classification-symbol>B61C11/005</classification-symbol><class-title date-revised="2013-01-01"><title-part><CPC-specific-text><text>tractive effort applied by a transported road vehicle </text><reference><text>railway wagons or vans adapted for carrying vehicles in general <class-ref scheme="cpc">B61D3/18</class-ref>; vehicles for use both on rail and road, e.g. with rail and road wheels on the same axle <class-ref scheme="cpc">B60F</class-ref></text></reference></CPC-specific-text></title-part></class-title></classification-item>
<classification-item breakdown-code="false" not-allocatable="false" level="8" additional-only="false" sort-key="B61C11/02" definition-exists="false" ipc-concordant="B61C11/02" c-set-base-allowed="false" c-set-subsequent-allowed="true" date-revised="2013-01-01" status="published"><classification-symbol>B61C11/02</classification-symbol><class-title date-revised="2013-01-01"><title-part><text>tractive effort applied to cables or chains</text></title-part></class-title></classification-item>
<classification-item breakdown-code="false" not-allocatable="false" level="8" additional-only="false" sort-key="B61C11/04" definition-exists="false" ipc-concordant="B61C11/04" c-set-base-allowed="false" c-set-subsequent-allowed="true" date-revised="2013-01-01" status="published"><classification-symbol>B61C11/04</classification-symbol><class-title date-revised="2013-01-01"><title-part><text>tractive effort applied to racks</text></title-part></class-title></classification-item>
<classification-item breakdown-code="false" not-allocatable="false" level="8" additional-only="false" sort-key="B61C11/06" definition-exists="false" ipc-concordant="B61C11/06" c-set-base-allowed="false" c-set-subsequent-allowed="true" date-revised="2013-01-01" status="published"><classification-symbol>B61C11/06</classification-symbol><class-title date-revised="2013-01-01"><title-part><text>tractive effort applied or supplied by aerodynamic force or fluid reaction, e.g. air-screws and jet or rocket propulsion</text></title-part></class-title></classification-item></classification-item>
<classification-item breakdown-code="false" not-allocatable="false" level="7" additional-only="false" sort-key="B61C13/00" definition-exists="true" ipc-concordant="B61C13/00" c-set-base-allowed="false" c-set-subsequent-allowed="true" date-revised="2013-01-01" status="published"><classification-symbol>B61C13/00</classification-symbol><class-title date-revised="2013-01-01"><title-part><text>Locomotives or motor railcars characterised by their application to special systems or purposes </text><reference><text><class-ref scheme="cpc">B61C11/00</class-ref> takes precedence; self-propelled scaffold cars, break-down cranes, inspection trolleys <class-ref scheme="cpc">B61D15/00</class-ref>; general design of track recording vehicles <class-ref scheme="cpc">B61K9/00</class-ref></text></reference></title-part></class-title>
<classification-item breakdown-code="false" not-allocatable="false" level="8" additional-only="false" sort-key="B61C13/02" definition-exists="false" ipc-concordant="B61C13/02" c-set-base-allowed="false" c-set-subsequent-allowed="true" date-revised="2013-01-01" status="published"><classification-symbol>B61C13/02</classification-symbol><class-title date-revised="2013-01-01"><title-part><text>for towing or transporting ships or for like special purposes</text></title-part></class-title></classification-item>
<classification-item breakdown-code="false" not-allocatable="false" level="8" additional-only="false" sort-key="B61C13/04" definition-exists="false" ipc-concordant="B61C13/04" c-set-base-allowed="false" c-set-subsequent-allowed="true" date-revised="2013-01-01" status="published"><classification-symbol>B61C13/04</classification-symbol><class-title date-revised="2013-01-01"><title-part><text>for elevated railways with rigid rails </text><reference><text><class-ref scheme="cpc">B61C13/08</class-ref> takes precedence</text></reference></title-part></class-title></classification-item>
<classification-item breakdown-code="false" not-allocatable="false" level="8" additional-only="false" sort-key="B61C13/06" definition-exists="false" ipc-concordant="B61C13/06" c-set-base-allowed="false" c-set-subsequent-allowed="true" date-revised="2013-01-01" status="published"><classification-symbol>B61C13/06</classification-symbol><class-title date-revised="2013-01-01"><title-part><text>for railways with suspended flexible tracks, i.e. rope railways</text></title-part></class-title></classification-item>
<classification-item breakdown-code="false" not-allocatable="false" level="8" additional-only="false" sort-key="B61C13/08" definition-exists="false" ipc-concordant="B61C13/08" c-set-base-allowed="false" c-set-subsequent-allowed="true" date-revised="2013-01-01" status="published"><classification-symbol>B61C13/08</classification-symbol><class-title date-revised="2013-01-01"><title-part><text>for saddle or like balanced type railways</text></title-part></class-title></classification-item></classification-item></classification-item>
<classification-item breakdown-code="false" not-allocatable="true" level="6" additional-only="false" sort-key="B61C15/00" date-revised="2013-01-01" status="published"><classification-symbol>B61C15/00</classification-symbol><class-title date-revised="2013-01-01"><title-part><text>Details or accessories not otherwise provided for</text></title-part></class-title>
<classification-item breakdown-code="false" not-allocatable="false" level="7" additional-only="false" sort-key="B61C15/00" definition-exists="true" ipc-concordant="B61C15/00" c-set-base-allowed="false" c-set-subsequent-allowed="true" date-revised="2013-01-01" status="published"><classification-symbol>B61C15/00</classification-symbol><class-title date-revised="2013-01-01"><title-part><text>Maintaining or augmenting the starting or braking power by auxiliary devices and measures</text></title-part><title-part><text>Preventing wheel slippage</text></title-part><title-part><text>Controlling distribution of tractive effort between driving wheels </text><reference><text>propelling locomotives or motor railcars by special means <class-ref scheme="cpc">B61C11/00</class-ref>; driving wheels with non-slipping devices <class-ref scheme="cpc">B60B</class-ref>; brakes <class-ref scheme="cpc">B61H</class-ref>; wetting or lubricating rails <class-ref scheme="cpc">B61K</class-ref></text></reference></title-part></class-title>
<classification-item breakdown-code="false" not-allocatable="false" level="8" additional-only="false" sort-key="B61C15/02" definition-exists="false" ipc-concordant="B61C15/02" c-set-base-allowed="false" c-set-subsequent-allowed="true" date-revised="2013-01-01" status="published"><classification-symbol>B61C15/02</classification-symbol><class-title date-revised="2013-01-01"><title-part><text>by auxiliary driving wheels</text></title-part><title-part><text>by temporary coupling or use of fly wheels or booster engines</text></title-part></class-title></classification-item>
<classification-item breakdown-code="false" not-allocatable="false" level="8" additional-only="false" sort-key="B61C15/04" definition-exists="false" ipc-concordant="B61C15/04" c-set-base-allowed="false" c-set-subsequent-allowed="true" date-revised="2013-01-01" status="published"><classification-symbol>B61C15/04</classification-symbol><class-title date-revised="2013-01-01"><title-part><text>by controlling wheel pressure, e.g. by movable weights or heavy parts or by magnetic devices </text><reference><text>magnetic brakes <class-ref scheme="cpc">B61H</class-ref></text></reference></title-part></class-title>
<classification-item breakdown-code="false" not-allocatable="false" level="9" additional-only="false" sort-key="B61C15/045" definition-exists="false" ipc-concordant="B61C15/04" c-set-base-allowed="false" c-set-subsequent-allowed="true" date-revised="2016-08-01" status="published"><classification-symbol>B61C15/045</classification-symbol><class-title date-revised="2016-08-01"><title-part><CPC-specific-text><text>Specially adapted for tunnel systems vehicles, e.g. with pressure increasing arrangements</text></CPC-specific-text></title-part></class-title></classification-item>
<classification-item breakdown-code="false" not-allocatable="false" level="9" additional-only="false" sort-key="B61C15/06" definition-exists="false" ipc-concordant="B61C15/06" c-set-base-allowed="false" c-set-subsequent-allowed="true" date-revised="2013-01-01" status="published"><classification-symbol>B61C15/06</classification-symbol><class-title date-revised="2013-01-01"><title-part><text>by displacing fuel, ballast, or the like</text></title-part></class-title></classification-item></classification-item>
<classification-item breakdown-code="false" not-allocatable="false" level="8" additional-only="false" sort-key="B61C15/08" definition-exists="false" ipc-concordant="B61C15/08" c-set-base-allowed="false" c-set-subsequent-allowed="true" date-revised="2017-08-01" status="published"><classification-symbol>B61C15/08</classification-symbol><class-title date-revised="2017-08-01"><title-part><text>Preventing wheel slippage </text><reference><text>adjusting wheel-braking force to prevent wheel slippage <class-ref scheme="cpc">B60T8/00</class-ref>  </text><CPC-specific-text><text>; removing undesirable matter from the permanent way of railways <class-ref scheme="cpc">E01H8/00</class-ref></text></CPC-specific-text></reference></title-part></class-title>
<classification-item breakdown-code="false" not-allocatable="false" level="9" additional-only="false" sort-key="B61C15/085" definition-exists="false" ipc-concordant="B61C15/08" c-set-base-allowed="false" c-set-subsequent-allowed="true" date-revised="2013-01-01" status="published"><classification-symbol>B61C15/085</classification-symbol><class-title date-revised="2013-01-01"><title-part><CPC-specific-text><text>by dispersion of a fluid, e.g. containing chemicals</text></CPC-specific-text></title-part></class-title></classification-item>
<classification-item breakdown-code="false" not-allocatable="false" level="9" additional-only="false" sort-key="B61C15/10" definition-exists="false" ipc-concordant="B61C15/10" c-set-base-allowed="false" c-set-subsequent-allowed="true" date-revised="2013-01-01" status="published"><classification-symbol>B61C15/10</classification-symbol><class-title date-revised="2013-01-01"><title-part><text>by depositing sand or like friction increasing materials </text><reference><text>for vehicles in general <class-ref scheme="cpc">B60B</class-ref>; combined control of sanding apparatus and brakes <class-ref scheme="cpc">B61H</class-ref></text></reference></title-part></class-title>
<classification-item breakdown-code="false" not-allocatable="false" level="10" additional-only="false" sort-key="B61C15/102" definition-exists="false" ipc-concordant="B61C15/10" c-set-base-allowed="false" c-set-subsequent-allowed="true" date-revised="2013-01-01" status="published"><classification-symbol>B61C15/102</classification-symbol><class-title date-revised="2013-01-01"><title-part><CPC-specific-text><text>with sanding equipment of mechanical or fluid type, e.g. by means of steam</text></CPC-specific-text></title-part></class-title></classification-item>
<classification-item breakdown-code="false" not-allocatable="false" level="10" additional-only="false" sort-key="B61C15/105" definition-exists="false" ipc-concordant="B61C15/10" c-set-base-allowed="false" c-set-subsequent-allowed="true" date-revised="2013-01-01" status="published"><classification-symbol>B61C15/105</classification-symbol><class-title date-revised="2013-01-01"><title-part><CPC-specific-text><text>with gravity activated sanding equipment</text></CPC-specific-text></title-part></class-title></classification-item>
<classification-item breakdown-code="false" not-allocatable="false" level="10" additional-only="false" sort-key="B61C15/107" definition-exists="false" ipc-concordant="B61C15/10" c-set-base-allowed="false" c-set-subsequent-allowed="true" date-revised="2013-01-01" status="published"><classification-symbol>B61C15/107</classification-symbol><class-title date-revised="2013-01-01"><title-part><CPC-specific-text><text>with electrically or electromagnetically controlled sanding equipment</text></CPC-specific-text></title-part></class-title></classification-item></classification-item>
<classification-item breakdown-code="false" not-allocatable="false" level="9" additional-only="false" sort-key="B61C15/12" definition-exists="false" ipc-concordant="B61C15/12" c-set-base-allowed="false" c-set-subsequent-allowed="true" date-revised="2013-01-01" status="published"><classification-symbol>B61C15/12</classification-symbol><class-title date-revised="2013-01-01"><title-part><text>by reducing the driving power</text></title-part></class-title></classification-item></classification-item>
<classification-item breakdown-code="false" not-allocatable="false" level="8" additional-only="false" sort-key="B61C15/14" definition-exists="false" ipc-concordant="B61C15/14" c-set-base-allowed="false" c-set-subsequent-allowed="true" date-revised="2013-01-01" status="published"><classification-symbol>B61C15/14</classification-symbol><class-title date-revised="2013-01-01"><title-part><text>controlling distribution of tractive effort between driving wheels</text></title-part></class-title></classification-item></classification-item>
<classification-item breakdown-code="false" not-allocatable="false" level="7" additional-only="false" sort-key="B61C17/00" definition-exists="true" ipc-concordant="B61C17/00" c-set-base-allowed="false" c-set-subsequent-allowed="true" date-revised="2013-01-01" status="published"><classification-symbol>B61C17/00</classification-symbol><class-title date-revised="2013-01-01"><title-part><text>Arrangement or disposition of parts</text></title-part><title-part><text>Details or accessories not otherwise provided for</text></title-part><title-part><text>Use of control gear and control systems</text></title-part></class-title>
<classification-item breakdown-code="false" not-allocatable="false" level="8" additional-only="false" sort-key="B61C17/02" definition-exists="false" ipc-concordant="B61C17/02" c-set-base-allowed="false" c-set-subsequent-allowed="true" date-revised="2017-08-01" status="published"><classification-symbol>B61C17/02</classification-symbol><class-title date-revised="2017-08-01"><title-part><text>Bunkers</text></title-part><title-part><text>Tanks</text></title-part><title-part><text>Tenders </text><reference><text>coachwork <class-ref scheme="cpc">B61D</class-ref></text></reference></title-part><title-part><text>Water or fuel pick-up or scoop apparatus</text></title-part><title-part><text>Water or fuel supply fittings </text><reference><text>trackside installations, e.g. bunkers, tanks, for filling locomotives with sand or water <class-ref scheme="cpc">B61K11/00</class-ref></text></reference></title-part></class-title></classification-item>
<classification-item breakdown-code="false" not-allocatable="false" level="8" additional-only="false" sort-key="B61C17/04" definition-exists="true" ipc-concordant="B61C17/04" c-set-base-allowed="false" c-set-subsequent-allowed="true" date-revised="2013-01-01" status="published"><classification-symbol>B61C17/04</classification-symbol><class-title date-revised="2013-01-01"><title-part><text>Arrangement or disposition of driving cabins, footplates or engine rooms</text></title-part><title-part><text>Ventilation thereof </text><reference><text>driving cabins and accessories <class-ref scheme="cpc">B61D</class-ref></text></reference></title-part></class-title></classification-item>
<classification-item breakdown-code="false" not-allocatable="false" level="8" additional-only="false" sort-key="B61C17/06" definition-exists="false" ipc-concordant="B61C17/06" c-set-base-allowed="false" c-set-subsequent-allowed="true" date-revised="2013-01-01" status="published"><classification-symbol>B61C17/06</classification-symbol><class-title date-revised="2013-01-01"><title-part><text>Power storing devices</text></title-part></class-title></classification-item>
<classification-item breakdown-code="false" not-allocatable="false" level="8" additional-only="false" sort-key="B61C17/08" definition-exists="true" ipc-concordant="B61C17/08" c-set-base-allowed="false" c-set-subsequent-allowed="true" date-revised="2013-01-01" status="published"><classification-symbol>B61C17/08</classification-symbol><class-title date-revised="2013-01-01"><title-part><text>Lubrication systems </text><reference><text>in general <class-ref scheme="cpc">F16N</class-ref></text></reference></title-part></class-title></classification-item>
<classification-item breakdown-code="false" not-allocatable="false" level="8" additional-only="false" sort-key="B61C17/10" definition-exists="false" ipc-concordant="B61C17/10" c-set-base-allowed="false" c-set-subsequent-allowed="true" date-revised="2013-01-01" status="published"><classification-symbol>B61C17/10</classification-symbol><class-title date-revised="2013-01-01"><title-part><text>Connecting-rods for driving wheels</text></title-part><title-part><text>Arrangements of their bearings </text><reference><text>connection-rods or bearings, in general <class-ref scheme="cpc">F16C7/00</class-ref>, <class-ref scheme="cpc">B61C9/04</class-ref></text></reference></title-part></class-title></classification-item>
<classification-item breakdown-code="false" not-allocatable="false" level="8" additional-only="false" sort-key="B61C17/12" definition-exists="true" ipc-concordant="B61C17/12" c-set-base-allowed="false" c-set-subsequent-allowed="true" date-revised="2013-01-01" status="published"><classification-symbol>B61C17/12</classification-symbol><class-title date-revised="2013-01-01"><title-part><text>Control gear</text></title-part><title-part><text>Arrangements for controlling locomotives from remote points in the train or when operating in multiple units </text><reference><text>control from points outside the train <class-ref scheme="cpc">B61L3/00</class-ref>; fluid-actuated telemotors, servomotors <class-ref scheme="cpc">F15B</class-ref>; control devices in general <class-ref scheme="cpc">G05</class-ref></text></reference></title-part></class-title></classification-item></classification-item></classification-item></classification-item></class-scheme>