<?xml version="1.0" encoding="UTF-8"?>
<class-scheme publication-date="2021-05-01" scheme-type="cpc" publication-type="official">
<classification-item breakdown-code="false" not-allocatable="true" level="5" additional-only="true" sort-key="Y02P" definition-exists="false" date-revised="2015-11-01" status="published"><classification-symbol>Y02P</classification-symbol><class-title><title-part><text>CLIMATE CHANGE MITIGATION TECHNOLOGIES IN THE PRODUCTION OR PROCESSING OF GOODS</text></title-part></class-title><notes-and-warnings><note type="note"><note-paragraph>This subclass <u>covers</u> climate change mitigation technologies in any kind of industrial processing or production activity, including the agroalimentary industry, agriculture, fishing, ranching and the like.</note-paragraph></note></notes-and-warnings>
<classification-item breakdown-code="false" not-allocatable="true" level="6" additional-only="true" sort-key="Y02P10/00" date-revised="2015-11-01" status="published"><classification-symbol>Y02P10/00</classification-symbol>
<classification-item breakdown-code="false" not-allocatable="false" level="7" additional-only="true" sort-key="Y02P10/00" definition-exists="false" ipc-concordant="CPCONLY" c-set-base-allowed="false" c-set-subsequent-allowed="false" date-revised="2015-11-01" status="published"><classification-symbol>Y02P10/00</classification-symbol><class-title><title-part><text>Technologies related to metal processing</text></title-part></class-title>
<classification-item breakdown-code="false" not-allocatable="false" level="8" additional-only="true" sort-key="Y02P10/10" definition-exists="false" ipc-concordant="CPCONLY" c-set-base-allowed="false" c-set-subsequent-allowed="false" date-revised="2015-11-01" status="published"><classification-symbol>Y02P10/10</classification-symbol><class-title><title-part><text>Reduction of greenhouse gas [GHG] emissions</text></title-part></class-title>
<classification-item breakdown-code="false" not-allocatable="false" level="9" additional-only="true" sort-key="Y02P10/122" definition-exists="false" ipc-concordant="CPCONLY" c-set-base-allowed="false" c-set-subsequent-allowed="false" date-revised="2020-08-01" status="published"><classification-symbol>Y02P10/122</classification-symbol><class-title date-revised="2020-08-01"><title-part><text>by capturing or storing CO<sub>2</sub></text></title-part></class-title></classification-item>
<classification-item breakdown-code="false" not-allocatable="false" level="9" additional-only="true" sort-key="Y02P10/134" definition-exists="false" ipc-concordant="CPCONLY" c-set-base-allowed="false" c-set-subsequent-allowed="false" date-revised="2020-08-01" status="published"><classification-symbol>Y02P10/134</classification-symbol><class-title date-revised="2020-08-01"><title-part><text>by avoiding CO<sub>2</sub>, e.g. using hydrogen</text></title-part></class-title></classification-item>
<classification-item breakdown-code="false" not-allocatable="false" level="9" additional-only="true" sort-key="Y02P10/143" definition-exists="false" ipc-concordant="CPCONLY" c-set-base-allowed="false" c-set-subsequent-allowed="false" date-revised="2020-08-01" status="published"><classification-symbol>Y02P10/143</classification-symbol><class-title date-revised="2020-08-01"><title-part><text>of methane [CH<sub>4</sub>]</text></title-part></class-title></classification-item>
<classification-item breakdown-code="false" not-allocatable="false" level="9" additional-only="true" sort-key="Y02P10/146" definition-exists="false" ipc-concordant="CPCONLY" c-set-base-allowed="false" c-set-subsequent-allowed="false" date-revised="2020-08-01" status="published"><classification-symbol>Y02P10/146</classification-symbol><class-title><title-part><text>Perfluorocarbons [PFC]</text></title-part><title-part><text>Hydrofluorocarbons [HFC]</text></title-part><title-part><text>Sulfur hexafluoride [SF<sub>6</sub>]</text></title-part></class-title></classification-item></classification-item>
<classification-item breakdown-code="false" not-allocatable="false" level="8" additional-only="true" sort-key="Y02P10/20" definition-exists="false" ipc-concordant="CPCONLY" c-set-base-allowed="false" c-set-subsequent-allowed="false" date-revised="2020-08-01" status="published"><classification-symbol>Y02P10/20</classification-symbol><class-title date-revised="2020-08-01"><title-part><text>Recycling</text></title-part></class-title></classification-item>
<classification-item breakdown-code="false" not-allocatable="false" level="8" additional-only="true" sort-key="Y02P10/25" definition-exists="false" ipc-concordant="CPCONLY" c-set-base-allowed="false" c-set-subsequent-allowed="false" date-revised="2020-08-01" status="published"><classification-symbol>Y02P10/25</classification-symbol><class-title date-revised="2020-08-01"><title-part><text>Process efficiency</text></title-part></class-title></classification-item>
<classification-item breakdown-code="false" not-allocatable="false" level="8" additional-only="true" sort-key="Y02P10/32" definition-exists="false" ipc-concordant="CPCONLY" c-set-base-allowed="false" c-set-subsequent-allowed="false" date-revised="2020-08-01" status="published"><classification-symbol>Y02P10/32</classification-symbol><class-title date-revised="2020-08-01"><title-part><text>using renewable energy sources</text></title-part></class-title></classification-item></classification-item>
<classification-item breakdown-code="false" not-allocatable="false" level="7" additional-only="true" sort-key="Y02P20/00" definition-exists="false" ipc-concordant="CPCONLY" c-set-base-allowed="false" c-set-subsequent-allowed="false" date-revised="2015-11-01" status="published"><classification-symbol>Y02P20/00</classification-symbol><class-title><title-part><text>Technologies relating to chemical industry</text></title-part></class-title>
<classification-item breakdown-code="false" not-allocatable="false" level="8" additional-only="true" sort-key="Y02P20/10" definition-exists="false" ipc-concordant="CPCONLY" c-set-base-allowed="false" c-set-subsequent-allowed="false" date-revised="2020-08-01" status="published"><classification-symbol>Y02P20/10</classification-symbol><class-title date-revised="2020-08-01"><title-part><text>Process efficiency</text></title-part></class-title>
<classification-item breakdown-code="false" not-allocatable="false" level="9" additional-only="true" sort-key="Y02P20/129" definition-exists="false" ipc-concordant="CPCONLY" c-set-base-allowed="false" c-set-subsequent-allowed="false" date-revised="2020-08-01" status="published"><classification-symbol>Y02P20/129</classification-symbol><class-title date-revised="2020-08-01"><title-part><text>Energy recovery, e.g. by cogeneration, H<sub>2</sub>recovery or pressure recovery turbines</text></title-part></class-title></classification-item>
<classification-item breakdown-code="false" not-allocatable="false" level="9" additional-only="true" sort-key="Y02P20/133" definition-exists="false" ipc-concordant="CPCONLY" c-set-base-allowed="false" c-set-subsequent-allowed="false" date-revised="2020-08-01" status="published"><classification-symbol>Y02P20/133</classification-symbol><class-title date-revised="2020-08-01"><title-part><text>Renewable energy sources, e.g. sunlight</text></title-part></class-title></classification-item></classification-item>
<classification-item breakdown-code="false" not-allocatable="false" level="8" additional-only="true" sort-key="Y02P20/141" definition-exists="false" ipc-concordant="CPCONLY" c-set-base-allowed="false" c-set-subsequent-allowed="false" date-revised="2020-08-01" status="published"><classification-symbol>Y02P20/141</classification-symbol><class-title><title-part><text>Feedstock</text></title-part></class-title>
<classification-item breakdown-code="false" not-allocatable="false" level="9" additional-only="true" sort-key="Y02P20/143" definition-exists="false" ipc-concordant="CPCONLY" c-set-base-allowed="false" c-set-subsequent-allowed="false" date-revised="2020-08-01" status="published"><classification-symbol>Y02P20/143</classification-symbol><class-title date-revised="2020-08-01"><title-part><text>the feedstock being recycled material, e.g. plastics</text></title-part></class-title></classification-item>
<classification-item breakdown-code="false" not-allocatable="false" level="9" additional-only="true" sort-key="Y02P20/145" definition-exists="false" ipc-concordant="CPCONLY" c-set-base-allowed="false" c-set-subsequent-allowed="false" date-revised="2020-08-01" status="published"><classification-symbol>Y02P20/145</classification-symbol><class-title><title-part><text>the feedstock being materials of biological origin</text></title-part></class-title></classification-item></classification-item>
<classification-item breakdown-code="false" not-allocatable="false" level="8" additional-only="true" sort-key="Y02P20/151" definition-exists="false" ipc-concordant="CPCONLY" c-set-base-allowed="false" c-set-subsequent-allowed="false" date-revised="2020-08-01" status="published"><classification-symbol>Y02P20/151</classification-symbol><class-title date-revised="2020-08-01"><title-part><text>Reduction of greenhouse gas [GHG] emissions, e.g. CO<sub>2</sub></text></title-part></class-title>
<classification-item breakdown-code="false" not-allocatable="false" level="9" additional-only="true" sort-key="Y02P20/155" definition-exists="false" ipc-concordant="CPCONLY" c-set-base-allowed="false" c-set-subsequent-allowed="false" date-revised="2020-08-01" status="published"><classification-symbol>Y02P20/155</classification-symbol><class-title><title-part><text>Perfluorocarbons [PFC]</text></title-part><title-part><text>Hydrofluorocarbons [HFC]</text></title-part><title-part><text>Hydrochlorofluorocarbons [HCFC]</text></title-part><title-part><text>Chlorofluorocarbons [CFC]</text></title-part></class-title></classification-item>
<classification-item breakdown-code="false" not-allocatable="false" level="9" additional-only="true" sort-key="Y02P20/156" definition-exists="false" ipc-concordant="CPCONLY" c-set-base-allowed="false" c-set-subsequent-allowed="false" date-revised="2020-08-01" status="published"><classification-symbol>Y02P20/156</classification-symbol><class-title><title-part><text>Methane [CH<sub>4</sub>]</text></title-part></class-title></classification-item></classification-item>
<classification-item breakdown-code="false" not-allocatable="false" level="8" additional-only="true" sort-key="Y02P20/20" definition-exists="false" ipc-concordant="CPCONLY" c-set-base-allowed="false" c-set-subsequent-allowed="false" date-revised="2015-11-01" status="published"><classification-symbol>Y02P20/20</classification-symbol><class-title><title-part><text>Improvements relating to chlorine production</text></title-part></class-title></classification-item>
<classification-item breakdown-code="false" not-allocatable="false" level="8" additional-only="true" sort-key="Y02P20/30" definition-exists="false" ipc-concordant="CPCONLY" c-set-base-allowed="false" c-set-subsequent-allowed="false" date-revised="2015-11-01" status="published"><classification-symbol>Y02P20/30</classification-symbol><class-title><title-part><text>Improvements relating to adipic acid or caprolactam production</text></title-part></class-title></classification-item>
<classification-item breakdown-code="false" not-allocatable="false" level="8" additional-only="true" sort-key="Y02P20/40" definition-exists="false" ipc-concordant="CPCONLY" c-set-base-allowed="false" c-set-subsequent-allowed="false" date-revised="2020-08-01" status="published"><classification-symbol>Y02P20/40</classification-symbol><class-title date-revised="2020-08-01"><title-part><text>Improvements relating to fluorochloro hydrocarbon, e.g. chlorodifluoromethane [HCFC-22] production</text></title-part></class-title></classification-item>
<classification-item breakdown-code="false" not-allocatable="false" level="8" additional-only="true" sort-key="Y02P20/50" definition-exists="false" ipc-concordant="CPCONLY" c-set-base-allowed="false" c-set-subsequent-allowed="false" date-revised="2020-08-01" status="published"><classification-symbol>Y02P20/50</classification-symbol><class-title date-revised="2020-08-01"><title-part><text>Improvements relating to the production of bulk chemicals</text></title-part></class-title>
<classification-item breakdown-code="false" not-allocatable="false" level="9" additional-only="true" sort-key="Y02P20/52" definition-exists="false" ipc-concordant="CPCONLY" c-set-base-allowed="false" c-set-subsequent-allowed="false" date-revised="2015-11-01" status="published"><classification-symbol>Y02P20/52</classification-symbol><class-title><title-part><text>using catalysts, e.g. selective catalysts</text></title-part></class-title></classification-item>
<classification-item breakdown-code="false" not-allocatable="false" level="9" additional-only="true" sort-key="Y02P20/54" definition-exists="false" ipc-concordant="CPCONLY" c-set-base-allowed="false" c-set-subsequent-allowed="false" date-revised="2020-08-01" status="published"><classification-symbol>Y02P20/54</classification-symbol><class-title date-revised="2020-08-01"><title-part><text>using solvents, e.g. supercritical solvents or ionic liquids</text></title-part></class-title></classification-item>
<classification-item breakdown-code="false" not-allocatable="false" level="9" additional-only="true" sort-key="Y02P20/55" definition-exists="false" ipc-concordant="CPCONLY" c-set-base-allowed="false" c-set-subsequent-allowed="false" date-revised="2020-08-01" status="published"><classification-symbol>Y02P20/55</classification-symbol><class-title date-revised="2020-08-01"><title-part><text>Design of synthesis routes, e.g. reducing the use of auxiliary or protecting groups</text></title-part></class-title></classification-item>
<classification-item breakdown-code="false" not-allocatable="false" level="9" additional-only="true" sort-key="Y02P20/582" definition-exists="false" ipc-concordant="CPCONLY" c-set-base-allowed="false" c-set-subsequent-allowed="false" date-revised="2020-08-01" status="published"><classification-symbol>Y02P20/582</classification-symbol><class-title date-revised="2020-08-01"><title-part><text>Recycling of unreacted starting or intermediate materials</text></title-part></class-title></classification-item>
<classification-item breakdown-code="false" not-allocatable="false" level="9" additional-only="true" sort-key="Y02P20/584" definition-exists="false" ipc-concordant="CPCONLY" c-set-base-allowed="false" c-set-subsequent-allowed="false" date-revised="2020-08-01" status="published"><classification-symbol>Y02P20/584</classification-symbol><class-title date-revised="2020-08-01"><title-part><text>Recycling of catalysts</text></title-part></class-title></classification-item>
<classification-item breakdown-code="false" not-allocatable="false" level="9" additional-only="true" sort-key="Y02P20/59" definition-exists="false" ipc-concordant="CPCONLY" c-set-base-allowed="false" c-set-subsequent-allowed="false" date-revised="2015-11-01" status="published"><classification-symbol>Y02P20/59</classification-symbol><class-title><title-part><text>Biological synthesis</text></title-part><title-part><text>Biological purification</text></title-part></class-title></classification-item></classification-item></classification-item>
<classification-item breakdown-code="false" not-allocatable="false" level="7" additional-only="true" sort-key="Y02P30/00" definition-exists="false" ipc-concordant="CPCONLY" c-set-base-allowed="false" c-set-subsequent-allowed="false" date-revised="2015-11-01" status="published"><classification-symbol>Y02P30/00</classification-symbol><class-title><title-part><text>Technologies relating to oil refining and petrochemical industry</text></title-part></class-title>
<classification-item breakdown-code="false" not-allocatable="false" level="8" additional-only="true" sort-key="Y02P30/20" definition-exists="false" ipc-concordant="CPCONLY" c-set-base-allowed="false" c-set-subsequent-allowed="false" date-revised="2020-08-01" status="published"><classification-symbol>Y02P30/20</classification-symbol><class-title date-revised="2020-08-01"><title-part><text>using bio-feedstock</text></title-part></class-title></classification-item>
<classification-item breakdown-code="false" not-allocatable="false" level="8" additional-only="true" sort-key="Y02P30/40" definition-exists="false" ipc-concordant="CPCONLY" c-set-base-allowed="false" c-set-subsequent-allowed="false" date-revised="2015-11-01" status="published"><classification-symbol>Y02P30/40</classification-symbol><class-title><title-part><text>Ethylene production</text></title-part></class-title></classification-item></classification-item>
<classification-item breakdown-code="false" not-allocatable="false" level="7" additional-only="true" sort-key="Y02P40/00" definition-exists="false" ipc-concordant="CPCONLY" c-set-base-allowed="false" c-set-subsequent-allowed="false" date-revised="2015-11-01" status="published"><classification-symbol>Y02P40/00</classification-symbol><class-title><title-part><text>Technologies relating to the processing of minerals</text></title-part></class-title>
<classification-item breakdown-code="false" not-allocatable="false" level="8" additional-only="true" sort-key="Y02P40/10" definition-exists="false" ipc-concordant="CPCONLY" c-set-base-allowed="false" c-set-subsequent-allowed="false" date-revised="2020-08-01" status="published"><classification-symbol>Y02P40/10</classification-symbol><class-title date-revised="2020-08-01"><title-part><text>Production of cement, e.g. improving or optimising the production methods</text></title-part><title-part><text>Cement grinding</text></title-part></class-title>
<classification-item breakdown-code="false" not-allocatable="false" level="9" additional-only="true" sort-key="Y02P40/121" definition-exists="false" ipc-concordant="CPCONLY" c-set-base-allowed="false" c-set-subsequent-allowed="false" date-revised="2020-08-01" status="published"><classification-symbol>Y02P40/121</classification-symbol><class-title><title-part><text>Energy efficiency measures, e.g. improving or optimising the production methods</text></title-part></class-title></classification-item>
<classification-item breakdown-code="false" not-allocatable="false" level="9" additional-only="true" sort-key="Y02P40/125" definition-exists="false" ipc-concordant="CPCONLY" c-set-base-allowed="false" c-set-subsequent-allowed="false" date-revised="2020-08-01" status="published"><classification-symbol>Y02P40/125</classification-symbol><class-title date-revised="2020-08-01"><title-part><text>Fuels from renewable energy sources, e.g. waste or biomass</text></title-part></class-title></classification-item>
<classification-item breakdown-code="false" not-allocatable="false" level="9" additional-only="true" sort-key="Y02P40/18" definition-exists="false" ipc-concordant="CPCONLY" c-set-base-allowed="false" c-set-subsequent-allowed="false" date-revised="2015-11-01" status="published"><classification-symbol>Y02P40/18</classification-symbol><class-title><title-part><text>Carbon capture and storage [CCS]</text></title-part></class-title></classification-item></classification-item>
<classification-item breakdown-code="false" not-allocatable="false" level="8" additional-only="true" sort-key="Y02P40/40" definition-exists="false" ipc-concordant="CPCONLY" c-set-base-allowed="false" c-set-subsequent-allowed="false" date-revised="2020-08-01" status="published"><classification-symbol>Y02P40/40</classification-symbol><class-title date-revised="2020-08-01"><title-part><text>Production or processing of lime, e.g. limestone regeneration of lime in pulp and sugar mills</text></title-part></class-title>
<classification-item breakdown-code="false" not-allocatable="false" level="9" additional-only="true" sort-key="Y02P40/45" definition-exists="false" ipc-concordant="CPCONLY" c-set-base-allowed="false" c-set-subsequent-allowed="false" date-revised="2015-11-01" status="published"><classification-symbol>Y02P40/45</classification-symbol><class-title><title-part><text>using fuels from renewable energy sources</text></title-part></class-title></classification-item></classification-item>
<classification-item breakdown-code="false" not-allocatable="false" level="8" additional-only="true" sort-key="Y02P40/50" definition-exists="false" ipc-concordant="CPCONLY" c-set-base-allowed="false" c-set-subsequent-allowed="false" date-revised="2020-08-01" status="published"><classification-symbol>Y02P40/50</classification-symbol><class-title date-revised="2020-08-01"><title-part><text>Glass production, e.g. reusing waste heat during processing or shaping</text></title-part></class-title>
<classification-item breakdown-code="false" not-allocatable="false" level="9" additional-only="true" sort-key="Y02P40/57" definition-exists="false" ipc-concordant="CPCONLY" c-set-base-allowed="false" c-set-subsequent-allowed="false" date-revised="2020-08-01" status="published"><classification-symbol>Y02P40/57</classification-symbol><class-title date-revised="2020-08-01"><title-part><text>Improving the yield, e-g- reduction of reject rates</text></title-part></class-title></classification-item></classification-item>
<classification-item breakdown-code="false" not-allocatable="false" level="8" additional-only="true" sort-key="Y02P40/60" definition-exists="false" ipc-concordant="CPCONLY" c-set-base-allowed="false" c-set-subsequent-allowed="false" date-revised="2020-08-01" status="published"><classification-symbol>Y02P40/60</classification-symbol><class-title date-revised="2020-08-01"><title-part><text>Production of ceramic materials or ceramic elements, e.g. substitution of clay or shale by alternative raw materials, e.g. ashes</text></title-part></class-title></classification-item></classification-item>
<classification-item breakdown-code="false" not-allocatable="false" level="7" additional-only="true" sort-key="Y02P60/00" definition-exists="false" ipc-concordant="CPCONLY" c-set-base-allowed="false" c-set-subsequent-allowed="false" date-revised="2015-11-01" status="published"><classification-symbol>Y02P60/00</classification-symbol><class-title><title-part><text>Technologies relating to agriculture, livestock or agroalimentary industries</text></title-part></class-title>
<classification-item breakdown-code="false" not-allocatable="false" level="8" additional-only="true" sort-key="Y02P60/12" definition-exists="false" ipc-concordant="CPCONLY" c-set-base-allowed="false" c-set-subsequent-allowed="false" date-revised="2020-08-01" status="published"><classification-symbol>Y02P60/12</classification-symbol><class-title date-revised="2020-08-01"><title-part><text>using renewable energies, e.g. solar water pumping</text></title-part></class-title></classification-item>
<classification-item breakdown-code="false" not-allocatable="false" level="8" additional-only="true" sort-key="Y02P60/14" definition-exists="false" ipc-concordant="CPCONLY" c-set-base-allowed="false" c-set-subsequent-allowed="false" date-revised="2020-08-01" status="published"><classification-symbol>Y02P60/14</classification-symbol><class-title date-revised="2020-08-01"><title-part><text>Measures for saving energy, e.g. in green houses</text></title-part></class-title></classification-item>
<classification-item breakdown-code="false" not-allocatable="false" level="8" additional-only="true" sort-key="Y02P60/20" definition-exists="false" ipc-concordant="CPCONLY" c-set-base-allowed="false" c-set-subsequent-allowed="false" date-revised="2020-08-01" status="published"><classification-symbol>Y02P60/20</classification-symbol><class-title date-revised="2020-08-01"><title-part><text>Reduction of greenhouse gas [GHG] emissions in agriculture, e.g. CO<sub>2</sub></text></title-part></class-title>
<classification-item breakdown-code="false" not-allocatable="false" level="9" additional-only="true" sort-key="Y02P60/21" definition-exists="false" ipc-concordant="CPCONLY" c-set-base-allowed="false" c-set-subsequent-allowed="false" date-revised="2020-08-01" status="published"><classification-symbol>Y02P60/21</classification-symbol><class-title date-revised="2020-08-01"><title-part><text>Dinitrogen oxide [N<sub>2</sub>O], e.g. using aquaponics, hydroponics or efficiency measures</text></title-part></class-title></classification-item>
<classification-item breakdown-code="false" not-allocatable="false" level="9" additional-only="true" sort-key="Y02P60/22" definition-exists="false" ipc-concordant="CPCONLY" c-set-base-allowed="false" c-set-subsequent-allowed="false" date-revised="2020-08-01" status="published"><classification-symbol>Y02P60/22</classification-symbol><class-title date-revised="2020-08-01"><title-part><text>Methane [CH<sub>4</sub>], e.g. from rice paddies</text></title-part></class-title></classification-item></classification-item>
<classification-item breakdown-code="false" not-allocatable="false" level="8" additional-only="true" sort-key="Y02P60/30" definition-exists="false" ipc-concordant="CPCONLY" c-set-base-allowed="false" c-set-subsequent-allowed="false" date-revised="2015-11-01" status="published"><classification-symbol>Y02P60/30</classification-symbol><class-title><title-part><text>Land use policy measures</text></title-part></class-title></classification-item>
<classification-item breakdown-code="false" not-allocatable="false" level="8" additional-only="true" sort-key="Y02P60/40" definition-exists="false" ipc-concordant="CPCONLY" c-set-base-allowed="false" c-set-subsequent-allowed="false" date-revised="2015-11-01" status="published"><classification-symbol>Y02P60/40</classification-symbol><class-title><title-part><text>Afforestation or reforestation</text></title-part></class-title></classification-item>
<classification-item breakdown-code="false" not-allocatable="false" level="8" additional-only="true" sort-key="Y02P60/50" definition-exists="false" ipc-concordant="CPCONLY" c-set-base-allowed="false" c-set-subsequent-allowed="false" date-revised="2015-11-01" status="published"><classification-symbol>Y02P60/50</classification-symbol><class-title><title-part><text>Livestock or poultry management</text></title-part></class-title>
<classification-item breakdown-code="false" not-allocatable="false" level="9" additional-only="true" sort-key="Y02P60/52" definition-exists="false" ipc-concordant="CPCONLY" c-set-base-allowed="false" c-set-subsequent-allowed="false" date-revised="2015-11-01" status="published"><classification-symbol>Y02P60/52</classification-symbol><class-title><title-part><text>use of renewable energies</text></title-part></class-title></classification-item></classification-item>
<classification-item breakdown-code="false" not-allocatable="false" level="8" additional-only="true" sort-key="Y02P60/60" definition-exists="false" ipc-concordant="CPCONLY" c-set-base-allowed="false" c-set-subsequent-allowed="false" date-revised="2020-08-01" status="published"><classification-symbol>Y02P60/60</classification-symbol><class-title date-revised="2020-08-01"><title-part><text>Fishing</text></title-part><title-part><text>Aquaculture</text></title-part><title-part><text>Aquafarming</text></title-part></class-title></classification-item>
<classification-item breakdown-code="false" not-allocatable="false" level="8" additional-only="true" sort-key="Y02P60/80" definition-exists="false" ipc-concordant="CPCONLY" c-set-base-allowed="false" c-set-subsequent-allowed="false" date-revised="2020-08-01" status="published"><classification-symbol>Y02P60/80</classification-symbol><class-title date-revised="2020-08-01"><title-part><text>Food processing, e.g. use of renewable energies or variable speed drives in handling, conveying or stacking</text></title-part></class-title>
<classification-item breakdown-code="false" not-allocatable="false" level="9" additional-only="true" sort-key="Y02P60/85" definition-exists="false" ipc-concordant="CPCONLY" c-set-base-allowed="false" c-set-subsequent-allowed="false" date-revised="2020-08-01" status="published"><classification-symbol>Y02P60/85</classification-symbol><class-title date-revised="2020-08-01"><title-part><text>Food storage or conservation, e.g. cooling or drying</text></title-part></class-title></classification-item>
<classification-item breakdown-code="false" not-allocatable="false" level="9" additional-only="true" sort-key="Y02P60/87" definition-exists="false" ipc-concordant="CPCONLY" c-set-base-allowed="false" c-set-subsequent-allowed="false" date-revised="2015-11-01" status="published"><classification-symbol>Y02P60/87</classification-symbol><class-title><title-part><text>Re-use of by-products of food processing for fodder production</text></title-part></class-title></classification-item></classification-item></classification-item>
<classification-item breakdown-code="false" not-allocatable="false" level="7" additional-only="true" sort-key="Y02P70/00" definition-exists="false" ipc-concordant="CPCONLY" c-set-base-allowed="false" c-set-subsequent-allowed="false" date-revised="2015-11-01" status="published"><classification-symbol>Y02P70/00</classification-symbol><class-title><title-part><text>Climate change mitigation technologies in the production process for final industrial or consumer products</text></title-part></class-title>
<classification-item breakdown-code="false" not-allocatable="false" level="8" additional-only="true" sort-key="Y02P70/10" definition-exists="false" ipc-concordant="CPCONLY" c-set-base-allowed="false" c-set-subsequent-allowed="false" date-revised="2020-08-01" status="published"><classification-symbol>Y02P70/10</classification-symbol><class-title date-revised="2020-08-01"><title-part><text>Greenhouse gas [GHG] capture, material saving, heat recovery or other energy efficient measures, e.g. motor control, characterised by manufacturing processes, e.g. for rolling metal or metal working</text></title-part></class-title></classification-item>
<classification-item breakdown-code="false" not-allocatable="false" level="8" additional-only="true" sort-key="Y02P70/50" definition-exists="false" ipc-concordant="CPCONLY" c-set-base-allowed="false" c-set-subsequent-allowed="false" date-revised="2015-11-01" status="published"><classification-symbol>Y02P70/50</classification-symbol><class-title><title-part><text>Manufacturing or production processes characterised by the final manufactured product</text></title-part></class-title>
<classification-item breakdown-code="false" not-allocatable="false" level="9" additional-only="true" sort-key="Y02P70/62" definition-exists="false" ipc-concordant="CPCONLY" c-set-base-allowed="false" c-set-subsequent-allowed="false" date-revised="2015-11-01" status="published"><classification-symbol>Y02P70/62</classification-symbol><class-title><title-part><text>related technologies for production or treatment of textile or flexible materials or products thereof, including footwear</text></title-part></class-title></classification-item></classification-item></classification-item>
<classification-item breakdown-code="false" not-allocatable="false" level="7" additional-only="true" sort-key="Y02P80/00" definition-exists="false" ipc-concordant="CPCONLY" c-set-base-allowed="false" c-set-subsequent-allowed="false" date-revised="2015-11-01" status="published"><classification-symbol>Y02P80/00</classification-symbol><class-title><title-part><text>Climate change mitigation technologies for sector-wide applications</text></title-part></class-title>
<classification-item breakdown-code="false" not-allocatable="false" level="8" additional-only="true" sort-key="Y02P80/10" definition-exists="false" ipc-concordant="CPCONLY" c-set-base-allowed="false" c-set-subsequent-allowed="false" date-revised="2020-08-01" status="published"><classification-symbol>Y02P80/10</classification-symbol><class-title date-revised="2020-08-01"><title-part><text>Efficient use of energy, e.g. using compressed air or pressurized fluid as energy carrier</text></title-part></class-title>
<classification-item breakdown-code="false" not-allocatable="false" level="9" additional-only="true" sort-key="Y02P80/14" definition-exists="false" ipc-concordant="CPCONLY" c-set-base-allowed="false" c-set-subsequent-allowed="false" date-revised="2015-11-01" status="published"><classification-symbol>Y02P80/14</classification-symbol><class-title><title-part><text>District level solutions, i.e. local energy networks</text></title-part></class-title></classification-item>
<classification-item breakdown-code="false" not-allocatable="false" level="9" additional-only="true" sort-key="Y02P80/15" definition-exists="false" ipc-concordant="CPCONLY" c-set-base-allowed="false" c-set-subsequent-allowed="false" date-revised="2015-11-01" status="published"><classification-symbol>Y02P80/15</classification-symbol><class-title><title-part><text>On-site combined power, heat or cool generation or distribution, e.g. combined heat and power [CHP] supply</text></title-part></class-title></classification-item></classification-item>
<classification-item breakdown-code="false" not-allocatable="false" level="8" additional-only="true" sort-key="Y02P80/20" definition-exists="false" ipc-concordant="CPCONLY" c-set-base-allowed="false" c-set-subsequent-allowed="false" date-revised="2020-08-01" status="published"><classification-symbol>Y02P80/20</classification-symbol><class-title date-revised="2020-08-01"><title-part><text>using renewable energy</text></title-part></class-title></classification-item>
<classification-item breakdown-code="false" not-allocatable="false" level="8" additional-only="true" sort-key="Y02P80/30" definition-exists="false" ipc-concordant="CPCONLY" c-set-base-allowed="false" c-set-subsequent-allowed="false" date-revised="2015-11-01" status="published"><classification-symbol>Y02P80/30</classification-symbol><class-title><title-part><text>Reducing waste in manufacturing processes</text></title-part><title-part><text>Calculations of released waste quantities</text></title-part></class-title></classification-item>
<classification-item breakdown-code="false" not-allocatable="false" level="8" additional-only="true" sort-key="Y02P80/40" definition-exists="false" ipc-concordant="CPCONLY" c-set-base-allowed="false" c-set-subsequent-allowed="false" date-revised="2015-11-01" status="published"><classification-symbol>Y02P80/40</classification-symbol><class-title><title-part><text>Minimising material used in manufacturing processes</text></title-part></class-title></classification-item></classification-item>
<classification-item breakdown-code="false" not-allocatable="false" level="7" additional-only="true" sort-key="Y02P90/00" definition-exists="false" ipc-concordant="CPCONLY" c-set-base-allowed="false" c-set-subsequent-allowed="false" date-revised="2015-11-01" status="published"><classification-symbol>Y02P90/00</classification-symbol><class-title><title-part><text>Enabling technologies with a potential contribution to greenhouse gas [GHG] emissions mitigation</text></title-part></class-title>
<classification-item breakdown-code="false" not-allocatable="false" level="8" additional-only="true" sort-key="Y02P90/02" definition-exists="false" ipc-concordant="CPCONLY" c-set-base-allowed="false" c-set-subsequent-allowed="false" date-revised="2015-11-01" status="published"><classification-symbol>Y02P90/02</classification-symbol><class-title><title-part><text>Total factory control, e.g. smart factories, flexible manufacturing systems [FMS] or integrated manufacturing systems [IMS]</text></title-part></class-title></classification-item>
<classification-item breakdown-code="false" not-allocatable="false" level="8" additional-only="true" sort-key="Y02P90/30" definition-exists="false" ipc-concordant="CPCONLY" c-set-base-allowed="false" c-set-subsequent-allowed="false" date-revised="2015-11-01" status="published"><classification-symbol>Y02P90/30</classification-symbol><class-title><title-part><text>Computing systems specially adapted for manufacturing</text></title-part></class-title></classification-item>
<classification-item breakdown-code="false" not-allocatable="false" level="8" additional-only="true" sort-key="Y02P90/40" definition-exists="false" ipc-concordant="CPCONLY" c-set-base-allowed="false" c-set-subsequent-allowed="false" date-revised="2015-11-01" status="published"><classification-symbol>Y02P90/40</classification-symbol><class-title><title-part><text>Fuel cell technologies in production processes</text></title-part></class-title></classification-item>
<classification-item breakdown-code="false" not-allocatable="false" level="8" additional-only="true" sort-key="Y02P90/45" definition-exists="false" ipc-concordant="CPCONLY" c-set-base-allowed="false" c-set-subsequent-allowed="false" date-revised="2015-11-01" status="published"><classification-symbol>Y02P90/45</classification-symbol><class-title><title-part><text>Hydrogen technologies in production processes</text></title-part></class-title></classification-item>
<classification-item breakdown-code="false" not-allocatable="false" level="8" additional-only="true" sort-key="Y02P90/50" definition-exists="false" ipc-concordant="CPCONLY" c-set-base-allowed="false" c-set-subsequent-allowed="false" date-revised="2015-11-01" status="published"><classification-symbol>Y02P90/50</classification-symbol><class-title><title-part><text>Energy storage in industry with an added climate change mitigation effect</text></title-part></class-title></classification-item>
<classification-item breakdown-code="false" not-allocatable="false" level="8" additional-only="true" sort-key="Y02P90/60" definition-exists="false" ipc-concordant="CPCONLY" c-set-base-allowed="false" c-set-subsequent-allowed="false" date-revised="2015-11-01" status="published"><classification-symbol>Y02P90/60</classification-symbol><class-title><title-part><text>Electric or hybrid propulsion means for production processes </text></title-part></class-title></classification-item>
<classification-item breakdown-code="false" not-allocatable="false" level="8" additional-only="true" sort-key="Y02P90/70" definition-exists="false" ipc-concordant="CPCONLY" c-set-base-allowed="false" c-set-subsequent-allowed="false" date-revised="2015-11-01" status="published"><classification-symbol>Y02P90/70</classification-symbol><class-title><title-part><text>Combining sequestration of CO<sub>2</sub> and exploitation of hydrocarbons by injecting CO<sub>2</sub> or carbonated water in oil wells</text></title-part></class-title></classification-item>
<classification-item breakdown-code="false" not-allocatable="false" level="8" additional-only="true" sort-key="Y02P90/80" definition-exists="false" ipc-concordant="CPCONLY" c-set-base-allowed="false" c-set-subsequent-allowed="false" date-revised="2015-11-01" status="published"><classification-symbol>Y02P90/80</classification-symbol><class-title><title-part><text>Management or planning</text></title-part></class-title>
<classification-item breakdown-code="false" not-allocatable="false" level="9" additional-only="true" sort-key="Y02P90/82" definition-exists="false" ipc-concordant="CPCONLY" c-set-base-allowed="false" c-set-subsequent-allowed="false" date-revised="2015-11-01" status="published"><classification-symbol>Y02P90/82</classification-symbol><class-title><title-part><text>Energy audits or management systems therefor</text></title-part></class-title></classification-item>
<classification-item breakdown-code="false" not-allocatable="false" level="9" additional-only="true" sort-key="Y02P90/84" definition-exists="false" ipc-concordant="CPCONLY" c-set-base-allowed="false" c-set-subsequent-allowed="false" date-revised="2015-11-01" status="published"><classification-symbol>Y02P90/84</classification-symbol><class-title><title-part><text>Greenhouse gas [GHG] management systems</text></title-part></class-title>
<classification-item breakdown-code="false" not-allocatable="false" level="10" additional-only="true" sort-key="Y02P90/845" definition-exists="false" ipc-concordant="CPCONLY" c-set-base-allowed="false" c-set-subsequent-allowed="false" date-revised="2015-11-01" status="published"><classification-symbol>Y02P90/845</classification-symbol><class-title><title-part><text>Inventory and reporting systems for greenhouse gases [GHG]</text></title-part></class-title></classification-item></classification-item></classification-item>
<classification-item breakdown-code="false" not-allocatable="false" level="8" additional-only="true" sort-key="Y02P90/90" definition-exists="false" ipc-concordant="CPCONLY" c-set-base-allowed="false" c-set-subsequent-allowed="false" date-revised="2015-11-01" status="published"><classification-symbol>Y02P90/90</classification-symbol><class-title><title-part><text>Financial instruments for climate change mitigation, e.g. environmental taxes, subsidies or financing </text></title-part></class-title>
<classification-item breakdown-code="false" not-allocatable="false" level="9" additional-only="true" sort-key="Y02P90/95" definition-exists="false" ipc-concordant="CPCONLY" c-set-base-allowed="false" c-set-subsequent-allowed="false" date-revised="2015-11-01" status="published"><classification-symbol>Y02P90/95</classification-symbol><class-title><title-part><text>CO<sub>2</sub> emission certificates or credits trading</text></title-part></class-title></classification-item></classification-item></classification-item></classification-item></classification-item></class-scheme>