<?xml version="1.0" encoding="UTF-8"?>
<class-scheme publication-date="2021-05-01" scheme-type="cpc" publication-type="official">
<classification-item breakdown-code="false" not-allocatable="true" level="5" additional-only="true" sort-key="Y02D" definition-exists="false" date-revised="2020-08-01" status="published"><classification-symbol>Y02D</classification-symbol><class-title date-revised="2020-08-01"><title-part><text>CLIMATE CHANGE MITIGATION TECHNOLOGIES IN INFORMATION AND COMMUNICATION TECHNOLOGIES [ICT], I.E. INFORMATION AND COMMUNICATION TECHNOLOGIES AIMING AT THE REDUCTION OF THEIR OWN ENERGY USE</text></title-part></class-title><notes-and-warnings><note type="note"><note-paragraph>This subclass <u>covers</u> information and communication technologies [ICT] whose purpose is to minimize the use of energy during the operation of the involved ICT equipment.</note-paragraph><note-paragraph>This subclass <u>does not cover</u> the use of an ICT technology supporting energy efficient operation of a further piece of equipment, nor the reuse or recycling of ICT equipment.</note-paragraph></note></notes-and-warnings>
<classification-item breakdown-code="false" not-allocatable="true" level="6" additional-only="true" sort-key="Y02D10/00" date-revised="2018-01-01" status="published"><classification-symbol>Y02D10/00</classification-symbol>
<classification-item breakdown-code="false" not-allocatable="false" level="7" additional-only="true" sort-key="Y02D10/00" definition-exists="false" ipc-concordant="CPCONLY" c-set-base-allowed="false" c-set-subsequent-allowed="false" date-revised="2020-08-01" status="published"><classification-symbol>Y02D10/00</classification-symbol><class-title date-revised="2020-08-01"><title-part><text>Energy efficient computing, e.g. low power processors, power management or thermal management</text></title-part></class-title></classification-item>
<classification-item breakdown-code="false" not-allocatable="false" level="7" additional-only="true" sort-key="Y02D30/00" definition-exists="false" ipc-concordant="CPCONLY" c-set-base-allowed="false" c-set-subsequent-allowed="false" date-revised="2020-08-01" status="published"><classification-symbol>Y02D30/00</classification-symbol><class-title date-revised="2020-08-01"><title-part><text>Reducing energy consumption in communication networks</text></title-part></class-title>
<classification-item breakdown-code="false" not-allocatable="false" level="8" additional-only="true" sort-key="Y02D30/50" definition-exists="false" ipc-concordant="CPCONLY" c-set-base-allowed="false" c-set-subsequent-allowed="false" date-revised="2020-08-01" status="published"><classification-symbol>Y02D30/50</classification-symbol><class-title date-revised="2020-08-01"><title-part><text>in wire-line communication networks, e.g. low power modes or reduced link rate</text></title-part></class-title></classification-item>
<classification-item breakdown-code="false" not-allocatable="false" level="8" additional-only="true" sort-key="Y02D30/70" definition-exists="false" ipc-concordant="CPCONLY" c-set-base-allowed="false" c-set-subsequent-allowed="false" date-revised="2020-08-01" status="published"><classification-symbol>Y02D30/70</classification-symbol><class-title date-revised="2020-08-01"><title-part><text>in wireless communication networks</text></title-part></class-title></classification-item></classification-item></classification-item></classification-item></class-scheme>