<?xml version="1.0" encoding="UTF-8"?>
<class-scheme publication-date="2021-05-01" scheme-type="cpc" publication-type="official">
<classification-item breakdown-code="false" not-allocatable="true" level="5" additional-only="false" sort-key="C05C" definition-exists="true" date-revised="2018-01-01" status="published"><classification-symbol>C05C</classification-symbol><class-title date-revised="2013-01-01"><title-part><text>NITROGENOUS FERTILISERS</text></title-part></class-title><notes-and-warnings date-revised="2013-01-01"><note type="warning"><note-paragraph warning-type="ipc-not-used">The following IPC groups are not in the CPC scheme. The subject matter for these IPC groups is classified in the following CPC groups: <table><row><entry><class-ref scheme="ipc">C05C13/00</class-ref></entry><entry>covered by</entry><entry><class-ref scheme="cpc">C05C1/00</class-ref> - <class-ref scheme="cpc">C05C11/00</class-ref></entry></row></table> (see internal note after the title of class <class-ref scheme="cpc">C05</class-ref>)</note-paragraph></note></notes-and-warnings>
<classification-item breakdown-code="false" not-allocatable="true" level="6" additional-only="false" sort-key="C05C1/00" date-revised="2013-01-01" status="published"><classification-symbol>C05C1/00</classification-symbol>
<classification-item breakdown-code="false" not-allocatable="false" level="7" additional-only="false" sort-key="C05C1/00" definition-exists="false" ipc-concordant="C05C1/00" c-set-base-allowed="true" c-set-subsequent-allowed="true" date-revised="2013-01-01" status="published"><classification-symbol>C05C1/00</classification-symbol><class-title date-revised="2013-01-01"><title-part><text>Ammonium nitrate fertilisers</text></title-part></class-title>
<classification-item breakdown-code="false" not-allocatable="false" level="8" additional-only="false" sort-key="C05C1/02" definition-exists="false" ipc-concordant="C05C1/02" c-set-base-allowed="true" c-set-subsequent-allowed="true" date-revised="2013-01-01" status="published"><classification-symbol>C05C1/02</classification-symbol><class-title date-revised="2013-01-01"><title-part><text>Granulation </text><reference><text>apparatus <class-ref scheme="cpc">B01J2/00</class-ref></text></reference></title-part><title-part><text>Pelletisation</text></title-part><title-part><text>Stabilisation</text></title-part><title-part><text>Colouring</text></title-part></class-title></classification-item></classification-item>
<classification-item breakdown-code="false" not-allocatable="false" level="7" additional-only="false" sort-key="C05C3/00" definition-exists="false" ipc-concordant="C05C3/00" c-set-base-allowed="true" c-set-subsequent-allowed="true" date-revised="2013-01-01" status="published"><classification-symbol>C05C3/00</classification-symbol><class-title date-revised="2013-01-01"><title-part><text>Fertilisers containing other salts of ammonia or ammonia itself, e.g. gas liquor</text></title-part></class-title>
<classification-item breakdown-code="false" not-allocatable="false" level="8" additional-only="false" sort-key="C05C3/005" definition-exists="false" ipc-concordant="C05C3/00" c-set-base-allowed="true" c-set-subsequent-allowed="true" date-revised="2013-01-01" status="published"><classification-symbol>C05C3/005</classification-symbol><class-title date-revised="2013-01-01"><title-part><CPC-specific-text><text>Post-treatment</text></CPC-specific-text></title-part></class-title></classification-item></classification-item>
<classification-item breakdown-code="false" not-allocatable="false" level="7" additional-only="false" sort-key="C05C5/00" definition-exists="false" ipc-concordant="C05C5/00" c-set-base-allowed="true" c-set-subsequent-allowed="true" date-revised="2013-01-01" status="published"><classification-symbol>C05C5/00</classification-symbol><class-title date-revised="2013-01-01"><title-part><text>Fertilisers containing other nitrates</text></title-part></class-title>
<classification-item breakdown-code="false" not-allocatable="false" level="8" additional-only="false" sort-key="C05C5/005" definition-exists="false" ipc-concordant="C05C5/00" c-set-base-allowed="true" c-set-subsequent-allowed="true" date-revised="2013-01-01" status="published"><classification-symbol>C05C5/005</classification-symbol><class-title date-revised="2013-01-01"><title-part><CPC-specific-text><text>Post-treatment</text></CPC-specific-text></title-part></class-title></classification-item>
<classification-item breakdown-code="false" not-allocatable="false" level="8" additional-only="false" sort-key="C05C5/02" definition-exists="false" ipc-concordant="C05C5/02" c-set-base-allowed="true" c-set-subsequent-allowed="true" date-revised="2013-01-01" status="published"><classification-symbol>C05C5/02</classification-symbol><class-title date-revised="2013-01-01"><title-part><text>containing sodium or potassium nitrate</text></title-part></class-title></classification-item>
<classification-item breakdown-code="false" not-allocatable="false" level="8" additional-only="false" sort-key="C05C5/04" definition-exists="false" ipc-concordant="C05C5/04" c-set-base-allowed="true" c-set-subsequent-allowed="true" date-revised="2013-01-01" status="published"><classification-symbol>C05C5/04</classification-symbol><class-title date-revised="2013-01-01"><title-part><text>containing calcium nitrate</text></title-part></class-title></classification-item></classification-item>
<classification-item breakdown-code="false" not-allocatable="false" level="7" additional-only="false" sort-key="C05C7/00" definition-exists="false" ipc-concordant="C05C7/00" c-set-base-allowed="true" c-set-subsequent-allowed="true" date-revised="2013-01-01" status="published"><classification-symbol>C05C7/00</classification-symbol><class-title date-revised="2013-01-01"><title-part><text>Fertilisers containing calcium or other cyanamides</text></title-part></class-title>
<classification-item breakdown-code="false" not-allocatable="false" level="8" additional-only="false" sort-key="C05C7/02" definition-exists="false" ipc-concordant="C05C7/02" c-set-base-allowed="true" c-set-subsequent-allowed="true" date-revised="2013-01-01" status="published"><classification-symbol>C05C7/02</classification-symbol><class-title date-revised="2013-01-01"><title-part><text>Granulation </text><reference><text>apparatus <class-ref scheme="cpc">B01J2/00</class-ref></text></reference></title-part><title-part><text>Pelletisation</text></title-part><title-part><text>Degassing</text></title-part><title-part><text>Hydrating</text></title-part><title-part><text>Hardening</text></title-part><title-part><text>Stabilisation</text></title-part><title-part><text>Oiling</text></title-part></class-title></classification-item></classification-item>
<classification-item breakdown-code="false" not-allocatable="false" level="7" additional-only="false" sort-key="C05C9/00" definition-exists="false" ipc-concordant="C05C9/00" c-set-base-allowed="true" c-set-subsequent-allowed="true" date-revised="2013-01-01" status="published"><classification-symbol>C05C9/00</classification-symbol><class-title date-revised="2013-01-01"><title-part><text>Fertilisers containing urea or urea compounds</text></title-part></class-title>
<classification-item breakdown-code="false" not-allocatable="false" level="8" additional-only="false" sort-key="C05C9/005" definition-exists="false" ipc-concordant="C05C9/00" c-set-base-allowed="true" c-set-subsequent-allowed="true" date-revised="2013-01-01" status="published"><classification-symbol>C05C9/005</classification-symbol><class-title date-revised="2013-01-01"><title-part><CPC-specific-text><text>Post-treatment</text></CPC-specific-text></title-part></class-title></classification-item>
<classification-item breakdown-code="false" not-allocatable="false" level="8" additional-only="false" sort-key="C05C9/02" definition-exists="false" ipc-concordant="C05C9/02" c-set-base-allowed="true" c-set-subsequent-allowed="true" date-revised="2013-01-01" status="published"><classification-symbol>C05C9/02</classification-symbol><class-title date-revised="2013-01-01"><title-part><text>containing urea-formaldehyde condensates</text></title-part></class-title></classification-item></classification-item>
<classification-item breakdown-code="false" not-allocatable="false" level="7" additional-only="false" sort-key="C05C11/00" definition-exists="false" ipc-concordant="C05C11/00" c-set-base-allowed="true" c-set-subsequent-allowed="true" date-revised="2013-01-01" status="published"><classification-symbol>C05C11/00</classification-symbol><class-title date-revised="2013-01-01"><title-part><text>Other nitrogenous fertilisers</text></title-part></class-title></classification-item></classification-item></classification-item></class-scheme>