<?xml version="1.0" encoding="UTF-8"?>
<class-scheme publication-date="2021-05-01" scheme-type="cpc" publication-type="official">
<classification-item breakdown-code="false" not-allocatable="true" level="5" additional-only="false" sort-key="F16G" definition-exists="true" date-revised="2018-08-01" status="published"><classification-symbol>F16G</classification-symbol><class-title date-revised="2013-01-01"><title-part><text>BELTS, CABLES, OR ROPES, PREDOMINANTLY USED FOR DRIVING PURPOSES</text></title-part><title-part><text>CHAINS</text></title-part><title-part><text>FITTINGS PREDOMINANTLY USED THEREFOR</text></title-part></class-title><notes-and-warnings date-revised="2013-01-01"><note type="note"><note-paragraph>Attention is drawn to the following places: <table><row><entry><class-ref scheme="cpc">B63B21/04</class-ref></entry><entry> Fastening equipment for chains, ropes or the  like for ships </entry></row><row><entry><class-ref scheme="cpc">B63B21/20</class-ref></entry><entry> Adaptations of chains, ropes or the like for  ships </entry></row><row><entry><class-ref scheme="cpc">B65G15/30</class-ref></entry><entry> Endless conveyor belts </entry></row><row><entry><class-ref scheme="cpc">B65G17/38</class-ref>, <class-ref scheme="cpc">B65G19/20</class-ref></entry><entry> Traction chains for conveyors </entry></row><row><entry><class-ref scheme="cpc">F16H</class-ref></entry><entry> Gearings using flexible members </entry></row><row><entry><class-ref scheme="cpc">F16H9/24</class-ref></entry><entry> Chains specially adapted for gearings with  variable ratio </entry></row><row><entry><class-ref scheme="cpc">H05F</class-ref></entry><entry> Preventing or carrying-off electrostatic charges. </entry></row></table></note-paragraph></note><note type="warning"><note-paragraph>In this subclass non-limiting references (in the sense of paragraph 39 of the Guide to the IPC) may still be displayed in the scheme.</note-paragraph></note></notes-and-warnings>
<classification-item breakdown-code="false" not-allocatable="true" level="6" additional-only="false" sort-key="F16G1/00" date-revised="2013-01-01" status="published"><classification-symbol>F16G1/00</classification-symbol>
<classification-item breakdown-code="false" not-allocatable="false" level="7" additional-only="false" sort-key="F16G1/00" definition-exists="true" ipc-concordant="F16G1/00" c-set-base-allowed="false" c-set-subsequent-allowed="true" date-revised="2016-05-01" status="published"><classification-symbol>F16G1/00</classification-symbol><class-title date-revised="2016-05-01"><title-part><text>Driving-belts </text><reference><text>V-belts <class-ref scheme="cpc">F16G5/00</class-ref>; conveyor belt <class-ref scheme="cpc">B65G</class-ref></text></reference></title-part></class-title>
<classification-item breakdown-code="false" not-allocatable="false" level="8" additional-only="false" sort-key="F16G1/02" definition-exists="false" ipc-concordant="F16G1/02" c-set-base-allowed="false" c-set-subsequent-allowed="true" date-revised="2017-08-01" status="published"><classification-symbol>F16G1/02</classification-symbol><class-title date-revised="2017-08-01"><title-part><text>made of leather </text><reference><text><class-ref scheme="cpc">F16G1/28</class-ref> takes precedence; making thereof <class-ref scheme="cpc">C14B9/00</class-ref> </text><CPC-specific-text><text>; consisting of several parts <class-ref scheme="cpc">F16G1/22</class-ref></text></CPC-specific-text></reference></title-part></class-title></classification-item>
<classification-item breakdown-code="false" not-allocatable="false" level="8" additional-only="false" sort-key="F16G1/04" definition-exists="true" ipc-concordant="F16G1/04" c-set-base-allowed="false" c-set-subsequent-allowed="true" date-revised="2017-05-01" status="published"><classification-symbol>F16G1/04</classification-symbol><class-title date-revised="2017-05-01"><title-part><text>made of fibrous material, e.g. textiles, whether rubber-covered or not </text><reference><text><class-ref scheme="cpc">F16G1/28</class-ref> takes precedence; making thereof <class-ref scheme="cpc">D03D</class-ref> </text><CPC-specific-text><text>; consisting of several parts <class-ref scheme="cpc">F16G1/22</class-ref></text></CPC-specific-text></reference></title-part></class-title></classification-item>
<classification-item breakdown-code="false" not-allocatable="false" level="8" additional-only="false" sort-key="F16G1/06" definition-exists="true" ipc-concordant="F16G1/06" c-set-base-allowed="false" c-set-subsequent-allowed="true" date-revised="2013-01-01" status="published"><classification-symbol>F16G1/06</classification-symbol><class-title date-revised="2013-01-01"><title-part><text>made of rubber </text><reference><text><class-ref scheme="cpc">F16G1/28</class-ref> takes precedence; making thereof <class-ref scheme="cpc">B29D29/00</class-ref> </text><CPC-specific-text><text>consisting of several parts <class-ref scheme="cpc">F16G1/22</class-ref></text></CPC-specific-text></reference></title-part></class-title>
<classification-item breakdown-code="false" not-allocatable="false" level="9" additional-only="false" sort-key="F16G1/08" definition-exists="true" ipc-concordant="F16G1/08" c-set-base-allowed="false" c-set-subsequent-allowed="true" date-revised="2013-01-01" status="published"><classification-symbol>F16G1/08</classification-symbol><class-title date-revised="2013-01-01"><title-part><text>with reinforcement bonded by the rubber</text></title-part></class-title>
<classification-item breakdown-code="false" not-allocatable="false" level="10" additional-only="false" sort-key="F16G1/10" definition-exists="true" ipc-concordant="F16G1/10" c-set-base-allowed="false" c-set-subsequent-allowed="true" date-revised="2013-01-01" status="published"><classification-symbol>F16G1/10</classification-symbol><class-title date-revised="2013-01-01"><title-part><text>with textile reinforcement</text></title-part></class-title></classification-item>
<classification-item breakdown-code="false" not-allocatable="false" level="10" additional-only="false" sort-key="F16G1/12" definition-exists="true" ipc-concordant="F16G1/12" c-set-base-allowed="false" c-set-subsequent-allowed="true" date-revised="2013-01-01" status="published"><classification-symbol>F16G1/12</classification-symbol><class-title date-revised="2013-01-01"><title-part><text>with metal reinforcement</text></title-part></class-title></classification-item></classification-item></classification-item>
<classification-item breakdown-code="false" not-allocatable="false" level="8" additional-only="false" sort-key="F16G1/14" definition-exists="true" ipc-concordant="F16G1/14" c-set-base-allowed="false" c-set-subsequent-allowed="true" date-revised="2013-01-01" status="published"><classification-symbol>F16G1/14</classification-symbol><class-title date-revised="2013-01-01"><title-part><text>made of plastics </text><reference><text><class-ref scheme="cpc">F16G1/28</class-ref> takes precedence; making thereof <class-ref scheme="cpc">B29D29/00</class-ref> </text><CPC-specific-text><text>consisting of several parts <class-ref scheme="cpc">F16G1/22</class-ref></text></CPC-specific-text></reference></title-part></class-title>
<classification-item breakdown-code="false" not-allocatable="false" level="9" additional-only="false" sort-key="F16G1/16" definition-exists="false" ipc-concordant="F16G1/16" c-set-base-allowed="false" c-set-subsequent-allowed="true" date-revised="2013-01-01" status="published"><classification-symbol>F16G1/16</classification-symbol><class-title date-revised="2013-01-01"><title-part><text>with reinforcement bonded by the plastic material </text><CPC-specific-text><reference><text>making thereof <class-ref scheme="cpc">B32B</class-ref></text></reference></CPC-specific-text></title-part></class-title></classification-item></classification-item>
<classification-item breakdown-code="false" not-allocatable="false" level="8" additional-only="false" sort-key="F16G1/18" definition-exists="true" ipc-concordant="F16G1/18" c-set-base-allowed="false" c-set-subsequent-allowed="true" date-revised="2017-08-01" status="published"><classification-symbol>F16G1/18</classification-symbol><class-title date-revised="2017-08-01"><title-part><text>made of wire </text><reference><text>making thereof <class-ref scheme="cpc">B21F43/00</class-ref> </text><CPC-specific-text><text>; consisting of several parts <class-ref scheme="cpc">F16G1/22</class-ref></text></CPC-specific-text></reference></title-part></class-title></classification-item>
<classification-item breakdown-code="false" not-allocatable="false" level="8" additional-only="false" sort-key="F16G1/20" definition-exists="true" ipc-concordant="F16G1/20" c-set-base-allowed="false" c-set-subsequent-allowed="true" date-revised="2013-01-01" status="published"><classification-symbol>F16G1/20</classification-symbol><class-title date-revised="2013-01-01"><title-part><text>made of a single metal strip </text><reference><text>making thereof <class-ref scheme="cpc">B21D53/14</class-ref></text></reference></title-part></class-title></classification-item>
<classification-item breakdown-code="false" not-allocatable="false" level="8" additional-only="false" sort-key="F16G1/21" definition-exists="true" ipc-concordant="F16G1/21" c-set-base-allowed="false" c-set-subsequent-allowed="true" date-revised="2017-05-01" status="published"><classification-symbol>F16G1/21</classification-symbol><class-title date-revised="2017-05-01"><title-part><text>built-up from superimposed layers, e.g. zig-zag folded</text></title-part></class-title></classification-item>
<classification-item breakdown-code="false" not-allocatable="false" level="8" additional-only="false" sort-key="F16G1/22" definition-exists="true" ipc-concordant="F16G1/22" c-set-base-allowed="false" c-set-subsequent-allowed="true" date-revised="2013-01-01" status="published"><classification-symbol>F16G1/22</classification-symbol><class-title date-revised="2013-01-01"><title-part><text>consisting of several parts</text></title-part></class-title>
<classification-item breakdown-code="false" not-allocatable="false" level="9" additional-only="false" sort-key="F16G1/24" definition-exists="false" ipc-concordant="F16G1/24" c-set-base-allowed="false" c-set-subsequent-allowed="true" date-revised="2013-01-01" status="published"><classification-symbol>F16G1/24</classification-symbol><class-title date-revised="2013-01-01"><title-part><text>in the form of links </text><reference><text>in the shape of chain links <class-ref scheme="cpc">F16G13/08</class-ref></text></reference></title-part></class-title></classification-item>
<classification-item breakdown-code="false" not-allocatable="false" level="9" additional-only="false" sort-key="F16G1/26" definition-exists="false" ipc-concordant="F16G1/26" c-set-base-allowed="false" c-set-subsequent-allowed="true" date-revised="2013-01-01" status="published"><classification-symbol>F16G1/26</classification-symbol><class-title date-revised="2013-01-01"><title-part><text>in the form of strips or lamellae</text></title-part></class-title></classification-item></classification-item>
<classification-item breakdown-code="false" not-allocatable="false" level="8" additional-only="false" sort-key="F16G1/28" definition-exists="true" ipc-concordant="F16G1/28" c-set-base-allowed="false" c-set-subsequent-allowed="true" date-revised="2013-01-01" status="published"><classification-symbol>F16G1/28</classification-symbol><class-title date-revised="2013-01-01"><title-part><text>with a contact surface of special shape, e.g. toothed</text></title-part></class-title></classification-item></classification-item>
<classification-item breakdown-code="false" not-allocatable="false" level="7" additional-only="false" sort-key="F16G3/00" definition-exists="true" ipc-concordant="F16G3/00" c-set-base-allowed="false" c-set-subsequent-allowed="true" date-revised="2016-05-01" status="published"><classification-symbol>F16G3/00</classification-symbol><class-title date-revised="2016-05-01"><title-part><text>Belt fastenings, e.g. for conveyor belts </text><reference><text>for V-belts <class-ref scheme="cpc">F16G7/00</class-ref></text></reference></title-part></class-title>
<classification-item breakdown-code="false" not-allocatable="false" level="8" additional-only="false" sort-key="F16G3/003" definition-exists="true" ipc-concordant="F16G3/00" c-set-base-allowed="false" c-set-subsequent-allowed="true" date-revised="2013-01-01" status="published"><classification-symbol>F16G3/003</classification-symbol><class-title date-revised="2013-01-01"><title-part><CPC-specific-text><text>Apparatus or tools for joining belts </text><reference><text>stapler <class-ref scheme="cpc">B25C5/00</class-ref></text></reference></CPC-specific-text></title-part></class-title></classification-item>
<classification-item breakdown-code="false" not-allocatable="false" level="8" additional-only="false" sort-key="F16G3/006" definition-exists="true" ipc-concordant="F16G3/00" c-set-base-allowed="false" c-set-subsequent-allowed="true" date-revised="2013-01-01" status="published"><classification-symbol>F16G3/006</classification-symbol><class-title date-revised="2013-01-01"><title-part><CPC-specific-text><text>Traction devices to bring together belts, cables or chains</text></CPC-specific-text></title-part></class-title></classification-item>
<classification-item breakdown-code="false" not-allocatable="false" level="8" additional-only="false" sort-key="F16G3/02" definition-exists="true" ipc-concordant="F16G3/02" c-set-base-allowed="false" c-set-subsequent-allowed="true" date-revised="2013-01-01" status="published"><classification-symbol>F16G3/02</classification-symbol><class-title date-revised="2013-01-01"><title-part><text>with series of eyes or the like, interposed and linked by a pin to form a hinge </text><reference><text><class-ref scheme="cpc">F16G3/09</class-ref> takes precedence</text></reference></title-part></class-title>
<classification-item breakdown-code="false" not-allocatable="false" level="9" additional-only="false" sort-key="F16G3/04" definition-exists="true" ipc-concordant="F16G3/04" c-set-base-allowed="false" c-set-subsequent-allowed="true" date-revised="2013-01-01" status="published"><classification-symbol>F16G3/04</classification-symbol><class-title date-revised="2013-01-01"><title-part><text>in which the ends of separate U-shaped or like eyes are attached to the belt by parts penetrating into it</text></title-part></class-title></classification-item></classification-item>
<classification-item breakdown-code="false" not-allocatable="false" level="8" additional-only="false" sort-key="F16G3/06" definition-exists="true" ipc-concordant="F16G3/06" c-set-base-allowed="false" c-set-subsequent-allowed="true" date-revised="2013-01-01" status="published"><classification-symbol>F16G3/06</classification-symbol><class-title date-revised="2013-01-01"><title-part><text>with outwardly-bent, mutually-connected belt ends</text></title-part></class-title></classification-item>
<classification-item breakdown-code="false" not-allocatable="false" level="8" additional-only="false" sort-key="F16G3/07" definition-exists="false" ipc-concordant="F16G3/07" c-set-base-allowed="false" c-set-subsequent-allowed="true" date-revised="2013-01-01" status="published"><classification-symbol>F16G3/07</classification-symbol><class-title date-revised="2013-01-01"><title-part><text>Friction clamps, e.g. of grommet-thimble type</text></title-part></class-title></classification-item>
<classification-item breakdown-code="false" not-allocatable="false" level="8" additional-only="false" sort-key="F16G3/08" definition-exists="true" ipc-concordant="F16G3/08" c-set-base-allowed="false" c-set-subsequent-allowed="true" date-revised="2013-01-01" status="published"><classification-symbol>F16G3/08</classification-symbol><class-title date-revised="2013-01-01"><title-part><text>consisting of plates and screw-bolts or rivets </text><reference><text><class-ref scheme="cpc">F16G3/06</class-ref> takes precedence</text></reference></title-part></class-title>
<classification-item breakdown-code="false" not-allocatable="false" level="9" additional-only="false" sort-key="F16G3/09" definition-exists="false" ipc-concordant="F16G3/09" c-set-base-allowed="false" c-set-subsequent-allowed="true" date-revised="2013-01-01" status="published"><classification-symbol>F16G3/09</classification-symbol><class-title date-revised="2013-01-01"><title-part><text>the plates forming a hinge</text></title-part></class-title></classification-item></classification-item>
<classification-item breakdown-code="false" not-allocatable="false" level="8" additional-only="false" sort-key="F16G3/10" definition-exists="true" ipc-concordant="F16G3/10" c-set-base-allowed="false" c-set-subsequent-allowed="true" date-revised="2017-08-01" status="published"><classification-symbol>F16G3/10</classification-symbol><class-title date-revised="2017-08-01"><title-part><text>Joining belts by sewing, sticking, vulcanising, or the like</text></title-part><title-part><text>Constructional adaptations of the belt ends for this purpose</text></title-part></class-title></classification-item>
<classification-item breakdown-code="false" not-allocatable="false" level="8" additional-only="false" sort-key="F16G3/12" definition-exists="true" ipc-concordant="F16G3/12" c-set-base-allowed="false" c-set-subsequent-allowed="true" date-revised="2013-01-01" status="published"><classification-symbol>F16G3/12</classification-symbol><class-title date-revised="2013-01-01"><title-part><text>Joining belts by lacing</text></title-part></class-title></classification-item>
<classification-item breakdown-code="false" not-allocatable="false" level="8" additional-only="false" sort-key="F16G3/14" definition-exists="true" ipc-concordant="F16G3/14" c-set-base-allowed="false" c-set-subsequent-allowed="true" date-revised="2013-01-01" status="published"><classification-symbol>F16G3/14</classification-symbol><class-title date-revised="2013-01-01"><title-part><text>with extensible parts</text></title-part><title-part><text>with resilient parts</text></title-part></class-title></classification-item>
<classification-item breakdown-code="false" not-allocatable="false" level="8" additional-only="false" sort-key="F16G3/16" definition-exists="true" ipc-concordant="F16G3/16" c-set-base-allowed="false" c-set-subsequent-allowed="true" date-revised="2013-01-01" status="published"><classification-symbol>F16G3/16</classification-symbol><class-title date-revised="2013-01-01"><title-part><text>Devices or machines for connecting driving-belts or the like</text></title-part></class-title></classification-item></classification-item>
<classification-item breakdown-code="false" not-allocatable="false" level="7" additional-only="false" sort-key="F16G5/00" definition-exists="true" ipc-concordant="F16G5/00" c-set-base-allowed="false" c-set-subsequent-allowed="true" date-revised="2013-01-01" status="published"><classification-symbol>F16G5/00</classification-symbol><class-title date-revised="2013-01-01"><title-part><text>V-belts, i.e. belts of tapered cross-section</text></title-part></class-title>
<classification-item breakdown-code="false" not-allocatable="false" level="8" additional-only="false" sort-key="F16G5/02" definition-exists="false" ipc-concordant="F16G5/02" c-set-base-allowed="false" c-set-subsequent-allowed="true" date-revised="2017-08-01" status="published"><classification-symbol>F16G5/02</classification-symbol><class-title date-revised="2017-08-01"><title-part><text>made of leather </text><reference><text><class-ref scheme="cpc">F16G5/20</class-ref> takes precedence </text><CPC-specific-text><text>; consisting of several parts <class-ref scheme="cpc">F16G5/16</class-ref></text></CPC-specific-text></reference></title-part></class-title></classification-item>
<classification-item breakdown-code="false" not-allocatable="false" level="8" additional-only="false" sort-key="F16G5/04" definition-exists="true" ipc-concordant="F16G5/04" c-set-base-allowed="false" c-set-subsequent-allowed="true" date-revised="2013-01-01" status="published"><classification-symbol>F16G5/04</classification-symbol><class-title date-revised="2013-01-01"><title-part><text>made of rubber </text><reference><text><class-ref scheme="cpc">F16G5/02</class-ref> takes precedence </text><CPC-specific-text><text>consisting of several parts <class-ref scheme="cpc">F16G5/16</class-ref></text></CPC-specific-text></reference></title-part></class-title>
<classification-item breakdown-code="false" not-allocatable="false" level="9" additional-only="false" sort-key="F16G5/06" definition-exists="true" ipc-concordant="F16G5/06" c-set-base-allowed="false" c-set-subsequent-allowed="true" date-revised="2013-01-01" status="published"><classification-symbol>F16G5/06</classification-symbol><class-title date-revised="2013-01-01"><title-part><text>with reinforcement bonded by the rubber</text></title-part></class-title>
<classification-item breakdown-code="false" not-allocatable="false" level="10" additional-only="false" sort-key="F16G5/08" definition-exists="false" ipc-concordant="F16G5/08" c-set-base-allowed="false" c-set-subsequent-allowed="true" date-revised="2013-01-01" status="published"><classification-symbol>F16G5/08</classification-symbol><class-title date-revised="2013-01-01"><title-part><text>with textile reinforcement</text></title-part></class-title></classification-item>
<classification-item breakdown-code="false" not-allocatable="false" level="10" additional-only="false" sort-key="F16G5/10" definition-exists="false" ipc-concordant="F16G5/10" c-set-base-allowed="false" c-set-subsequent-allowed="true" date-revised="2013-01-01" status="published"><classification-symbol>F16G5/10</classification-symbol><class-title date-revised="2013-01-01"><title-part><text>with metal reinforcement</text></title-part></class-title></classification-item></classification-item></classification-item>
<classification-item breakdown-code="false" not-allocatable="false" level="8" additional-only="false" sort-key="F16G5/12" definition-exists="true" ipc-concordant="F16G5/12" c-set-base-allowed="false" c-set-subsequent-allowed="true" date-revised="2013-01-01" status="published"><classification-symbol>F16G5/12</classification-symbol><class-title date-revised="2013-01-01"><title-part><text>made of plastics </text><reference><text><class-ref scheme="cpc">F16G5/20</class-ref> takes precedence </text><CPC-specific-text><text>consisting of several parts <class-ref scheme="cpc">F16G5/16</class-ref></text></CPC-specific-text></reference></title-part></class-title>
<classification-item breakdown-code="false" not-allocatable="false" level="9" additional-only="false" sort-key="F16G5/14" definition-exists="false" ipc-concordant="F16G5/14" c-set-base-allowed="false" c-set-subsequent-allowed="true" date-revised="2013-01-01" status="published"><classification-symbol>F16G5/14</classification-symbol><class-title date-revised="2013-01-01"><title-part><text>with reinforcement bonded by the plastic material</text></title-part></class-title></classification-item></classification-item>
<classification-item breakdown-code="false" not-allocatable="false" level="8" additional-only="false" sort-key="F16G5/16" definition-exists="true" ipc-concordant="F16G5/16" c-set-base-allowed="false" c-set-subsequent-allowed="true" date-revised="2013-01-01" status="published"><classification-symbol>F16G5/16</classification-symbol><class-title date-revised="2013-01-01"><title-part><text>consisting of several parts</text></title-part></class-title>
<classification-item breakdown-code="false" not-allocatable="false" level="9" additional-only="false" sort-key="F16G5/163" definition-exists="false" ipc-concordant="F16G5/16" c-set-base-allowed="false" c-set-subsequent-allowed="true" date-revised="2019-01-01" status="published"><classification-symbol>F16G5/163</classification-symbol><class-title date-revised="2013-01-01"><title-part><CPC-specific-text><text>with means allowing lubrication </text><reference><text><class-ref scheme="cpc">F16G5/18</class-ref> takes precedence</text></reference></CPC-specific-text></title-part></class-title></classification-item>
<classification-item breakdown-code="false" not-allocatable="false" level="9" additional-only="false" sort-key="F16G5/166" definition-exists="false" ipc-concordant="F16G5/16" c-set-base-allowed="false" c-set-subsequent-allowed="true" date-revised="2019-01-01" status="published"><classification-symbol>F16G5/166</classification-symbol><class-title date-revised="2013-01-01"><title-part><CPC-specific-text><text>with non-metallic rings </text><reference><text><class-ref scheme="cpc">F16G5/18</class-ref> takes precedence</text></reference></CPC-specific-text></title-part></class-title></classification-item>
<classification-item breakdown-code="false" not-allocatable="false" level="9" additional-only="false" sort-key="F16G5/18" definition-exists="true" ipc-concordant="F16G5/18" c-set-base-allowed="false" c-set-subsequent-allowed="true" date-revised="2013-01-01" status="published"><classification-symbol>F16G5/18</classification-symbol><class-title date-revised="2013-01-01"><title-part><text>in the form of links</text></title-part></class-title></classification-item></classification-item>
<classification-item breakdown-code="false" not-allocatable="false" level="8" additional-only="false" sort-key="F16G5/20" definition-exists="true" ipc-concordant="F16G5/20" c-set-base-allowed="false" c-set-subsequent-allowed="true" date-revised="2013-01-01" status="published"><classification-symbol>F16G5/20</classification-symbol><class-title date-revised="2013-01-01"><title-part><text>with a contact surface of special shape, e.g. toothed</text></title-part></class-title></classification-item>
<classification-item breakdown-code="false" not-allocatable="false" level="8" additional-only="false" sort-key="F16G5/22" definition-exists="true" ipc-concordant="F16G5/22" c-set-base-allowed="false" c-set-subsequent-allowed="true" date-revised="2013-01-01" status="published"><classification-symbol>F16G5/22</classification-symbol><class-title date-revised="2013-01-01"><title-part><text>built-up from superimposed layers</text></title-part></class-title>
<classification-item breakdown-code="false" not-allocatable="false" level="9" additional-only="false" sort-key="F16G5/24" definition-exists="false" ipc-concordant="F16G5/24" c-set-base-allowed="false" c-set-subsequent-allowed="true" date-revised="2013-01-01" status="published"><classification-symbol>F16G5/24</classification-symbol><class-title date-revised="2013-01-01"><title-part><text>zig-zag folded</text></title-part></class-title></classification-item></classification-item></classification-item>
<classification-item breakdown-code="false" not-allocatable="false" level="7" additional-only="false" sort-key="F16G7/00" definition-exists="true" ipc-concordant="F16G7/00" c-set-base-allowed="false" c-set-subsequent-allowed="true" date-revised="2013-01-01" status="published"><classification-symbol>F16G7/00</classification-symbol><class-title date-revised="2013-01-01"><title-part><text>V-belt fastenings</text></title-part></class-title>
<classification-item breakdown-code="false" not-allocatable="false" level="8" additional-only="false" sort-key="F16G7/02" definition-exists="true" ipc-concordant="F16G7/02" c-set-base-allowed="false" c-set-subsequent-allowed="true" date-revised="2013-01-01" status="published"><classification-symbol>F16G7/02</classification-symbol><class-title date-revised="2013-01-01"><title-part><text>locked, e.g. riveted</text></title-part></class-title></classification-item>
<classification-item breakdown-code="false" not-allocatable="false" level="8" additional-only="false" sort-key="F16G7/04" definition-exists="true" ipc-concordant="F16G7/04" c-set-base-allowed="false" c-set-subsequent-allowed="true" date-revised="2017-08-01" status="published"><classification-symbol>F16G7/04</classification-symbol><class-title date-revised="2017-08-01"><title-part><text>quickly detachable</text></title-part></class-title></classification-item>
<classification-item breakdown-code="false" not-allocatable="false" level="8" additional-only="false" sort-key="F16G7/06" definition-exists="true" ipc-concordant="F16G7/06" c-set-base-allowed="false" c-set-subsequent-allowed="true" date-revised="2013-01-01" status="published"><classification-symbol>F16G7/06</classification-symbol><class-title date-revised="2013-01-01"><title-part><text>adjustable, e.g. for tension</text></title-part></class-title></classification-item></classification-item>
<classification-item breakdown-code="false" not-allocatable="false" level="7" additional-only="false" sort-key="F16G9/00" definition-exists="true" ipc-concordant="F16G9/00" c-set-base-allowed="false" c-set-subsequent-allowed="true" date-revised="2013-01-01" status="published"><classification-symbol>F16G9/00</classification-symbol><class-title date-revised="2013-01-01"><title-part><text>Ropes or cables specially adapted for driving, or for being driven by, pulleys or other gearing elements </text><reference><text>ropes or cables in general <class-ref scheme="cpc">D07B</class-ref></text></reference></title-part></class-title>
<classification-item breakdown-code="false" not-allocatable="false" level="8" additional-only="false" sort-key="F16G9/02" definition-exists="false" ipc-concordant="F16G9/02" c-set-base-allowed="false" c-set-subsequent-allowed="true" date-revised="2017-08-01" status="published"><classification-symbol>F16G9/02</classification-symbol><class-title date-revised="2017-08-01"><title-part><text>made of leather</text></title-part><title-part><text>having enveloping sheathings made of leather</text></title-part></class-title></classification-item>
<classification-item breakdown-code="false" not-allocatable="false" level="8" additional-only="false" sort-key="F16G9/04" definition-exists="false" ipc-concordant="F16G9/04" c-set-base-allowed="false" c-set-subsequent-allowed="true" date-revised="2013-01-01" status="published"><classification-symbol>F16G9/04</classification-symbol><class-title date-revised="2013-01-01"><title-part><text>made of rubber or plastics </text><reference><text><class-ref scheme="cpc">F16G9/02</class-ref> takes precedence</text></reference></title-part></class-title></classification-item></classification-item>
<classification-item breakdown-code="false" not-allocatable="false" level="7" additional-only="false" sort-key="F16G11/00" definition-exists="true" ipc-concordant="F16G11/00" c-set-base-allowed="false" c-set-subsequent-allowed="true" date-revised="2013-01-01" status="published"><classification-symbol>F16G11/00</classification-symbol><class-title date-revised="2013-01-01"><title-part><text>Means for fastening cables or ropes to one another or to other objects</text></title-part><title-part><text>Caps or sleeves for fixing on cables or ropes </text><reference><text>attaching ropes or cables to lift cars or cages <class-ref scheme="cpc">B66B7/08</class-ref>, to winch drums or barrels <class-ref scheme="cpc">B66D1/34</class-ref>; ground anchors <class-ref scheme="cpc">E02D5/00</class-ref>; anchoring devices for prestressed members <class-ref scheme="cpc">E04C5/00</class-ref>; rope clamps in earth drilling <class-ref scheme="cpc">E21B19/12</class-ref></text></reference></title-part></class-title>
<classification-item breakdown-code="false" not-allocatable="false" level="8" additional-only="false" sort-key="F16G11/02" definition-exists="true" ipc-concordant="F16G11/02" c-set-base-allowed="false" c-set-subsequent-allowed="true" date-revised="2013-01-01" status="published"><classification-symbol>F16G11/02</classification-symbol><class-title date-revised="2013-01-01"><title-part><text>with parts deformable to grip the cable or cables</text></title-part><title-part><text>Fastening means which engage a sleeve or the like fixed on the cable</text></title-part></class-title>
<classification-item breakdown-code="false" not-allocatable="false" level="9" additional-only="false" sort-key="F16G11/025" definition-exists="false" ipc-concordant="F16G11/02" c-set-base-allowed="false" c-set-subsequent-allowed="true" date-revised="2019-01-01" status="published"><classification-symbol>F16G11/025</classification-symbol><class-title date-revised="2013-01-01"><title-part><CPC-specific-text><text>Fastening means which engage a sleeve or the like fixed on the cable, e.g. caps </text><reference><text><class-ref scheme="cpc">F16G11/143</class-ref> and <class-ref scheme="cpc">F16G11/146</class-ref> take precedence</text></reference></CPC-specific-text></title-part></class-title></classification-item></classification-item>
<classification-item breakdown-code="false" not-allocatable="false" level="8" additional-only="false" sort-key="F16G11/03" definition-exists="true" ipc-concordant="F16G11/03" c-set-base-allowed="false" c-set-subsequent-allowed="true" date-revised="2013-01-01" status="published"><classification-symbol>F16G11/03</classification-symbol><class-title date-revised="2013-01-01"><title-part><text>incorporating resiliently-mounted members for attachment of the cable end</text></title-part></class-title></classification-item>
<classification-item breakdown-code="false" not-allocatable="false" level="8" additional-only="false" sort-key="F16G11/04" definition-exists="true" ipc-concordant="F16G11/04" c-set-base-allowed="false" c-set-subsequent-allowed="true" date-revised="2019-01-01" status="published"><classification-symbol>F16G11/04</classification-symbol><class-title date-revised="2013-01-01"><title-part><text>with wedging action, e.g. friction clamps </text><reference><text><class-ref scheme="cpc">F16G11/02</class-ref>, </text><CPC-specific-text><text><class-ref scheme="cpc">F16G11/10</class-ref></text></CPC-specific-text><text> take precedence; </text><CPC-specific-text><text>eyes for grommet-thimble type fastenings <class-ref scheme="cpc">F16G11/146</class-ref></text></CPC-specific-text></reference></title-part></class-title>
<classification-item breakdown-code="false" not-allocatable="false" level="9" additional-only="false" sort-key="F16G11/042" definition-exists="false" ipc-concordant="F16G11/04" c-set-base-allowed="false" c-set-subsequent-allowed="true" date-revised="2013-01-01" status="published"><classification-symbol>F16G11/042</classification-symbol><class-title date-revised="2013-01-01"><title-part><CPC-specific-text><text>using solidifying liquid material forming a wedge</text></CPC-specific-text></title-part></class-title></classification-item>
<classification-item breakdown-code="false" not-allocatable="false" level="9" additional-only="false" sort-key="F16G11/044" definition-exists="false" ipc-concordant="F16G11/04" c-set-base-allowed="false" c-set-subsequent-allowed="true" date-revised="2013-01-01" status="published"><classification-symbol>F16G11/044</classification-symbol><class-title date-revised="2013-01-01"><title-part><CPC-specific-text><text>friction clamps deforming the cable, wire, rope or cord</text></CPC-specific-text></title-part></class-title>
<classification-item breakdown-code="false" not-allocatable="false" level="10" additional-only="false" sort-key="F16G11/046" definition-exists="false" ipc-concordant="F16G11/04" c-set-base-allowed="false" c-set-subsequent-allowed="true" date-revised="2013-01-01" status="published"><classification-symbol>F16G11/046</classification-symbol><class-title date-revised="2013-01-01"><title-part><CPC-specific-text><text>by bending the cable around a surface</text></CPC-specific-text></title-part></class-title></classification-item>
<classification-item breakdown-code="false" not-allocatable="false" level="10" additional-only="false" sort-key="F16G11/048" definition-exists="false" ipc-concordant="F16G11/04" c-set-base-allowed="false" c-set-subsequent-allowed="true" date-revised="2013-01-01" status="published"><classification-symbol>F16G11/048</classification-symbol><class-title date-revised="2013-01-01"><title-part><CPC-specific-text><text>by moving a surface into the cable</text></CPC-specific-text></title-part></class-title></classification-item></classification-item>
<classification-item breakdown-code="false" not-allocatable="false" level="9" additional-only="false" sort-key="F16G11/05" definition-exists="true" ipc-concordant="F16G11/05" c-set-base-allowed="false" c-set-subsequent-allowed="true" date-revised="2013-01-01" status="published"><classification-symbol>F16G11/05</classification-symbol><class-title date-revised="2013-01-01"><title-part><text>by using conical plugs insertable between the strands</text></title-part></class-title></classification-item></classification-item>
<classification-item breakdown-code="false" not-allocatable="false" level="8" additional-only="false" sort-key="F16G11/06" definition-exists="true" ipc-concordant="F16G11/06" c-set-base-allowed="false" c-set-subsequent-allowed="true" date-revised="2013-01-01" status="published"><classification-symbol>F16G11/06</classification-symbol><class-title date-revised="2013-01-01"><title-part><text>with laterally-arranged screws </text><reference><text><class-ref scheme="cpc">F16G11/02</class-ref>, <class-ref scheme="cpc">F16G11/04</class-ref> take precedence</text></reference></title-part></class-title></classification-item>
<classification-item breakdown-code="false" not-allocatable="false" level="8" additional-only="false" sort-key="F16G11/08" definition-exists="true" ipc-concordant="F16G11/08" c-set-base-allowed="false" c-set-subsequent-allowed="true" date-revised="2013-01-01" status="published"><classification-symbol>F16G11/08</classification-symbol><class-title date-revised="2013-01-01"><title-part><text>Fastenings for securing ends of driving-cables to one another, the fastenings having approximately the same diameter as the cables</text></title-part></class-title>
<classification-item breakdown-code="false" not-allocatable="false" level="9" additional-only="false" sort-key="F16G11/09" definition-exists="true" ipc-concordant="F16G11/09" c-set-base-allowed="false" c-set-subsequent-allowed="true" date-revised="2013-01-01" status="published"><classification-symbol>F16G11/09</classification-symbol><class-title date-revised="2013-01-01"><title-part><text>incorporating hinge joints or pivots for the attachment of the cable ends</text></title-part></class-title></classification-item></classification-item>
<classification-item breakdown-code="false" not-allocatable="false" level="8" additional-only="false" sort-key="F16G11/10" definition-exists="true" ipc-concordant="F16G11/10" c-set-base-allowed="false" c-set-subsequent-allowed="true" date-revised="2019-01-01" status="published"><classification-symbol>F16G11/10</classification-symbol><class-title date-revised="2013-01-01"><title-part><text>Quick-acting fastenings</text></title-part><title-part><text>Clamps holding in one direction only</text></title-part></class-title>
<classification-item breakdown-code="false" not-allocatable="false" level="9" additional-only="false" sort-key="F16G11/101" definition-exists="false" ipc-concordant="F16G11/10" c-set-base-allowed="false" c-set-subsequent-allowed="true" date-revised="2013-01-01" status="published"><classification-symbol>F16G11/101</classification-symbol><class-title date-revised="2013-01-01"><title-part><CPC-specific-text><text>deforming the cable by moving a part of the fastener</text></CPC-specific-text></title-part></class-title></classification-item>
<classification-item breakdown-code="false" not-allocatable="false" level="9" additional-only="false" sort-key="F16G11/103" definition-exists="false" ipc-concordant="F16G11/10" c-set-base-allowed="false" c-set-subsequent-allowed="true" date-revised="2013-01-01" status="published"><classification-symbol>F16G11/103</classification-symbol><class-title date-revised="2013-01-01"><title-part><CPC-specific-text><text>deforming the cable by bending it around or inserting it into the fastener</text></CPC-specific-text></title-part></class-title></classification-item>
<classification-item breakdown-code="false" not-allocatable="false" level="9" additional-only="false" sort-key="F16G11/105" definition-exists="false" ipc-concordant="F16G11/10" c-set-base-allowed="false" c-set-subsequent-allowed="true" date-revised="2013-01-01" status="published"><classification-symbol>F16G11/105</classification-symbol><class-title date-revised="2013-01-01"><title-part><CPC-specific-text><text>Clamps holding in one direction only</text></CPC-specific-text></title-part></class-title>
<classification-item breakdown-code="false" not-allocatable="false" level="10" additional-only="false" sort-key="F16G11/106" definition-exists="false" ipc-concordant="F16G11/10" c-set-base-allowed="false" c-set-subsequent-allowed="true" date-revised="2013-01-01" status="published"><classification-symbol>F16G11/106</classification-symbol><class-title date-revised="2013-01-01"><title-part><CPC-specific-text><text>using a toothed surface</text></CPC-specific-text></title-part></class-title></classification-item>
<classification-item breakdown-code="false" not-allocatable="false" level="10" additional-only="false" sort-key="F16G11/108" definition-exists="false" ipc-concordant="F16G11/10" c-set-base-allowed="false" c-set-subsequent-allowed="true" date-revised="2013-01-01" status="published"><classification-symbol>F16G11/108</classification-symbol><class-title date-revised="2013-01-01"><title-part><CPC-specific-text><text>using a ball or a cylinder</text></CPC-specific-text></title-part></class-title></classification-item></classification-item></classification-item>
<classification-item breakdown-code="false" not-allocatable="false" level="8" additional-only="false" sort-key="F16G11/12" definition-exists="true" ipc-concordant="F16G11/12" c-set-base-allowed="false" c-set-subsequent-allowed="true" date-revised="2013-01-01" status="published"><classification-symbol>F16G11/12</classification-symbol><class-title date-revised="2013-01-01"><title-part><text>Connections or attachments, e.g. turnbuckles, adapted for straining of cables, ropes, or wire </text><reference><text>straining wire in general <class-ref scheme="cpc">B21F9/00</class-ref></text></reference></title-part></class-title></classification-item>
<classification-item breakdown-code="false" not-allocatable="false" level="8" additional-only="false" sort-key="F16G11/14" definition-exists="true" ipc-concordant="F16G11/14" c-set-base-allowed="false" c-set-subsequent-allowed="true" date-revised="2021-05-01" status="published"><classification-symbol>F16G11/14</classification-symbol><class-title date-revised="2021-05-01"><title-part><text>Devices or coupling-pieces designed for easy formation of adjustable loops, e.g. choker hooks</text></title-part><title-part><text>Hooks or eyes with integral parts designed to facilitate quick attachment to cables or ropes at any point, e.g. by forming loops</text></title-part></class-title>
<classification-item breakdown-code="false" not-allocatable="false" level="9" additional-only="false" sort-key="F16G11/143" definition-exists="false" ipc-concordant="F16G11/14" c-set-base-allowed="false" c-set-subsequent-allowed="true" date-revised="2019-01-01" status="published"><classification-symbol>F16G11/143</classification-symbol><class-title date-revised="2013-01-01"><title-part><CPC-specific-text><text>Hooks</text></CPC-specific-text></title-part></class-title></classification-item>
<classification-item breakdown-code="false" not-allocatable="false" level="9" additional-only="false" sort-key="F16G11/146" definition-exists="false" ipc-concordant="F16G11/14" c-set-base-allowed="false" c-set-subsequent-allowed="true" date-revised="2019-01-01" status="published"><classification-symbol>F16G11/146</classification-symbol><class-title date-revised="2013-01-01"><title-part><CPC-specific-text><text>Eyes</text></CPC-specific-text></title-part></class-title></classification-item></classification-item></classification-item>
<classification-item breakdown-code="false" not-allocatable="false" level="7" additional-only="false" sort-key="F16G13/00" definition-exists="true" ipc-concordant="F16G13/00" c-set-base-allowed="false" c-set-subsequent-allowed="true" date-revised="2013-01-01" status="published"><classification-symbol>F16G13/00</classification-symbol><class-title date-revised="2013-01-01"><title-part><text>Chains </text><reference><text>making thereof <class-ref scheme="cpc">B21L</class-ref></text></reference></title-part></class-title>
<classification-item breakdown-code="false" not-allocatable="false" level="8" additional-only="false" sort-key="F16G13/02" definition-exists="true" ipc-concordant="F16G13/02" c-set-base-allowed="false" c-set-subsequent-allowed="true" date-revised="2013-01-01" status="published"><classification-symbol>F16G13/02</classification-symbol><class-title date-revised="2013-01-01"><title-part><text>Driving-chains </text><reference><text>specially adapted to gearings with variable gear-ratio <class-ref scheme="cpc">F16H9/00</class-ref></text></reference></title-part></class-title>
<classification-item breakdown-code="false" not-allocatable="false" level="9" additional-only="false" sort-key="F16G13/04" definition-exists="true" ipc-concordant="F16G13/04" c-set-base-allowed="false" c-set-subsequent-allowed="true" date-revised="2013-01-01" status="published"><classification-symbol>F16G13/04</classification-symbol><class-title date-revised="2013-01-01"><title-part><text>Toothed chains</text></title-part></class-title></classification-item>
<classification-item breakdown-code="false" not-allocatable="false" level="9" additional-only="false" sort-key="F16G13/06" definition-exists="true" ipc-concordant="F16G13/06" c-set-base-allowed="false" c-set-subsequent-allowed="true" date-revised="2013-01-01" status="published"><classification-symbol>F16G13/06</classification-symbol><class-title date-revised="2013-01-01"><title-part><text>with links connected by parallel driving-pins with or without rollers </text><CPC-specific-text><text>so called open links </text><reference><text>if the parallel coupling pins have only a joining function - so called closed links - <class-ref scheme="cpc">F16G13/02</class-ref></text></reference></CPC-specific-text></title-part></class-title>
<classification-item breakdown-code="false" not-allocatable="false" level="10" additional-only="false" sort-key="F16G13/07" definition-exists="true" ipc-concordant="F16G13/07" c-set-base-allowed="false" c-set-subsequent-allowed="true" date-revised="2013-01-01" status="published"><classification-symbol>F16G13/07</classification-symbol><class-title date-revised="2013-01-01"><title-part><text>the links being of identical shape, e.g. cranked</text></title-part></class-title></classification-item></classification-item>
<classification-item breakdown-code="false" not-allocatable="false" level="9" additional-only="false" sort-key="F16G13/08" definition-exists="true" ipc-concordant="F16G13/08" c-set-base-allowed="false" c-set-subsequent-allowed="true" date-revised="2013-01-01" status="published"><classification-symbol>F16G13/08</classification-symbol><class-title date-revised="2013-01-01"><title-part><text>with links closely interposed on the joint pins </text><reference><text><class-ref scheme="cpc">F16G13/04</class-ref> takes precedence</text></reference></title-part></class-title></classification-item>
<classification-item breakdown-code="false" not-allocatable="false" level="9" additional-only="false" sort-key="F16G13/10" definition-exists="true" ipc-concordant="F16G13/10" c-set-base-allowed="false" c-set-subsequent-allowed="true" date-revised="2013-01-01" status="published"><classification-symbol>F16G13/10</classification-symbol><class-title date-revised="2013-01-01"><title-part><text>with universal joints</text></title-part></class-title></classification-item></classification-item>
<classification-item breakdown-code="false" not-allocatable="false" level="8" additional-only="false" sort-key="F16G13/12" definition-exists="true" ipc-concordant="F16G13/12" c-set-base-allowed="false" c-set-subsequent-allowed="true" date-revised="2013-01-01" status="published"><classification-symbol>F16G13/12</classification-symbol><class-title date-revised="2013-01-01"><title-part><text>Hauling- or hoisting-chains </text><CPC-specific-text><text>so called ornamental chains</text></CPC-specific-text></title-part></class-title>
<classification-item breakdown-code="false" not-allocatable="false" level="9" additional-only="false" sort-key="F16G13/14" definition-exists="false" ipc-concordant="F16G13/14" c-set-base-allowed="false" c-set-subsequent-allowed="true" date-revised="2013-01-01" status="published"><classification-symbol>F16G13/14</classification-symbol><class-title date-revised="2013-01-01"><title-part><text>built up from readily-separable links</text></title-part></class-title></classification-item>
<classification-item breakdown-code="false" not-allocatable="false" level="9" additional-only="false" sort-key="F16G13/16" definition-exists="true" ipc-concordant="F16G13/16" c-set-base-allowed="false" c-set-subsequent-allowed="true" date-revised="2013-01-01" status="published"><classification-symbol>F16G13/16</classification-symbol><class-title date-revised="2013-01-01"><title-part><text>with arrangements for holding electric cables, hoses, or the like</text></title-part></class-title></classification-item></classification-item>
<classification-item breakdown-code="false" not-allocatable="false" level="8" additional-only="false" sort-key="F16G13/18" definition-exists="true" ipc-concordant="F16G13/18" c-set-base-allowed="false" c-set-subsequent-allowed="true" date-revised="2013-01-01" status="published"><classification-symbol>F16G13/18</classification-symbol><class-title date-revised="2013-01-01"><title-part><text>Chains having special overall characteristics</text></title-part></class-title>
<classification-item breakdown-code="false" not-allocatable="false" level="9" additional-only="false" sort-key="F16G13/20" definition-exists="false" ipc-concordant="F16G13/20" c-set-base-allowed="false" c-set-subsequent-allowed="true" date-revised="2016-05-01" status="published"><classification-symbol>F16G13/20</classification-symbol><class-title date-revised="2013-01-01"><title-part><text>stiff</text></title-part><title-part><text>Push-pull chains</text></title-part></class-title></classification-item>
<classification-item breakdown-code="false" not-allocatable="false" level="9" additional-only="false" sort-key="F16G13/22" definition-exists="false" ipc-concordant="F16G13/22" c-set-base-allowed="false" c-set-subsequent-allowed="true" date-revised="2013-01-01" status="published"><classification-symbol>F16G13/22</classification-symbol><class-title date-revised="2013-01-01"><title-part><text>extensible </text><CPC-specific-text><reference><text>not used, <u>see</u> <class-ref scheme="cpc">F16G13/18</class-ref></text></reference></CPC-specific-text></title-part></class-title>
<classification-item breakdown-code="false" not-allocatable="false" level="10" additional-only="false" sort-key="F16G13/24" definition-exists="false" ipc-concordant="F16G13/24" c-set-base-allowed="false" c-set-subsequent-allowed="true" date-revised="2013-01-01" status="published"><classification-symbol>F16G13/24</classification-symbol><class-title date-revised="2013-01-01"><title-part><text>resilient </text><CPC-specific-text><reference><text>not used, <u>see</u> <class-ref scheme="cpc">F16G13/18</class-ref></text></reference></CPC-specific-text></title-part></class-title></classification-item></classification-item></classification-item></classification-item>
<classification-item breakdown-code="false" not-allocatable="false" level="7" additional-only="false" sort-key="F16G15/00" definition-exists="true" ipc-concordant="F16G15/00" c-set-base-allowed="false" c-set-subsequent-allowed="true" date-revised="2013-01-01" status="published"><classification-symbol>F16G15/00</classification-symbol><class-title date-revised="2013-01-01"><title-part><text>Chain couplings, Shackles</text></title-part><title-part><text>Chain joints</text></title-part><title-part><text>Chain links</text></title-part><title-part><text>Chain bushes </text><reference><text>making chain elements <class-ref scheme="cpc">B21L</class-ref></text></reference></title-part></class-title>
<classification-item breakdown-code="false" not-allocatable="false" level="8" additional-only="false" sort-key="F16G15/02" definition-exists="true" ipc-concordant="F16G15/02" c-set-base-allowed="false" c-set-subsequent-allowed="true" date-revised="2013-01-01" status="published"><classification-symbol>F16G15/02</classification-symbol><class-title date-revised="2013-01-01"><title-part><text>for fastening more or less permanently</text></title-part></class-title></classification-item>
<classification-item breakdown-code="false" not-allocatable="false" level="8" additional-only="false" sort-key="F16G15/04" definition-exists="true" ipc-concordant="F16G15/04" c-set-base-allowed="false" c-set-subsequent-allowed="true" date-revised="2013-01-01" status="published"><classification-symbol>F16G15/04</classification-symbol><class-title date-revised="2013-01-01"><title-part><text>Quickly-detachable chain couplings</text></title-part><title-part><text>Shackles </text><CPC-specific-text><text>chain links with rapid junction means are classified according to the corresponding kind of chain</text></CPC-specific-text></title-part></class-title>
<classification-item breakdown-code="false" not-allocatable="false" level="9" additional-only="false" sort-key="F16G15/06" definition-exists="true" ipc-concordant="F16G15/06" c-set-base-allowed="false" c-set-subsequent-allowed="true" date-revised="2013-01-01" status="published"><classification-symbol>F16G15/06</classification-symbol><class-title date-revised="2013-01-01"><title-part><text>Shackles designed for attachment by joint pins to chain elements, e.g. D-shackles </text><CPC-specific-text><text>so called harp links; the D-chain links are classified according to the corresponding kind of chain</text></CPC-specific-text></title-part></class-title></classification-item></classification-item>
<classification-item breakdown-code="false" not-allocatable="false" level="8" additional-only="false" sort-key="F16G15/08" definition-exists="true" ipc-concordant="F16G15/08" c-set-base-allowed="false" c-set-subsequent-allowed="true" date-revised="2013-01-01" status="published"><classification-symbol>F16G15/08</classification-symbol><class-title date-revised="2013-01-01"><title-part><text>Swivels</text></title-part></class-title></classification-item>
<classification-item breakdown-code="false" not-allocatable="false" level="8" additional-only="false" sort-key="F16G15/10" definition-exists="false" ipc-concordant="F16G15/10" c-set-base-allowed="false" c-set-subsequent-allowed="true" date-revised="2013-01-01" status="published"><classification-symbol>F16G15/10</classification-symbol><class-title date-revised="2013-01-01"><title-part><text>Emergency joints or links</text></title-part></class-title></classification-item>
<classification-item breakdown-code="false" not-allocatable="false" level="8" additional-only="false" sort-key="F16G15/12" definition-exists="true" ipc-concordant="F16G15/12" c-set-base-allowed="false" c-set-subsequent-allowed="true" date-revised="2013-01-01" status="published"><classification-symbol>F16G15/12</classification-symbol><class-title date-revised="2013-01-01"><title-part><text>Chain links</text></title-part></class-title>
<classification-item breakdown-code="false" not-allocatable="false" level="9" additional-only="false" sort-key="F16G15/14" definition-exists="false" ipc-concordant="F16G15/14" c-set-base-allowed="false" c-set-subsequent-allowed="true" date-revised="2013-01-01" status="published"><classification-symbol>F16G15/14</classification-symbol><class-title date-revised="2013-01-01"><title-part><text>made of sheet metal, e.g. profiled</text></title-part></class-title></classification-item></classification-item></classification-item>
<classification-item breakdown-code="false" not-allocatable="false" level="7" additional-only="false" sort-key="F16G17/00" definition-exists="true" ipc-concordant="F16G17/00" c-set-base-allowed="false" c-set-subsequent-allowed="true" date-revised="2013-01-01" status="published"><classification-symbol>F16G17/00</classification-symbol><class-title date-revised="2013-01-01"><title-part><text>Hooks as integral parts of chains </text><reference><text>hooks for cranes <class-ref scheme="cpc">B66C1/34</class-ref>; hooks in general <class-ref scheme="cpc">F16B45/00</class-ref></text></reference></title-part></class-title></classification-item></classification-item></classification-item></class-scheme>