<?xml version="1.0" encoding="UTF-8"?>
<class-scheme publication-date="2021-05-01" scheme-type="cpc" publication-type="official">
<classification-item breakdown-code="false" not-allocatable="true" level="5" additional-only="false" sort-key="F41F" definition-exists="true" date-revised="2018-08-01" status="published"><classification-symbol>F41F</classification-symbol><class-title date-revised="2013-01-01"><title-part><text>APPARATUS FOR LAUNCHING PROJECTILES OR MISSILES FROM BARRELS, e.g. CANNONS </text><reference><text>smallarms <class-ref scheme="cpc">F41C</class-ref></text></reference></title-part><title-part><text>LAUNCHERS FOR ROCKETS OR TORPEDOES</text></title-part><title-part><text>HARPOON GUNS </text><reference><text>functional features or details common to both smallarms and ordnance, mountings therefor <class-ref scheme="cpc">F41A</class-ref>; projecting missiles without use of explosive or combustible propellant charge <class-ref scheme="cpc">F41B</class-ref></text></reference></title-part></class-title><notes-and-warnings date-revised="2013-01-01"><note type="note"><note-paragraph>This subclass <u>does not cover</u> the arrangement of armaments, adaptation of mountings therefor, or arrangements of ammunition handlers on ships or aircraft, if they present a shipbuilding or aircraft-building aspect, which are covered by subclass <class-ref scheme="cpc">B63G</class-ref> or <class-ref scheme="cpc">B64D</class-ref>.</note-paragraph></note><note type="warning"><note-paragraph>In this subclass non-limiting references (in the sense of paragraph 39 of the Guide to the IPC) may still be displayed in the scheme.</note-paragraph></note></notes-and-warnings>
<classification-item breakdown-code="false" not-allocatable="true" level="6" additional-only="false" sort-key="F41F1/00" date-revised="2013-01-01" status="published"><classification-symbol>F41F1/00</classification-symbol>
<classification-item breakdown-code="false" not-allocatable="false" level="7" additional-only="false" sort-key="F41F1/00" definition-exists="true" ipc-concordant="F41F1/00" c-set-base-allowed="false" c-set-subsequent-allowed="true" date-revised="2013-01-01" status="published"><classification-symbol>F41F1/00</classification-symbol><class-title date-revised="2013-01-01"><title-part><text>Launching apparatus for projecting projectiles or missiles from barrels, e.g. cannons </text><reference><text><class-ref scheme="cpc">F41F3/00</class-ref> takes precedence</text></reference></title-part><title-part><text>Harpoon guns</text></title-part></class-title>
<classification-item breakdown-code="false" not-allocatable="false" level="8" additional-only="false" sort-key="F41F1/06" definition-exists="false" ipc-concordant="F41F1/06" c-set-base-allowed="false" c-set-subsequent-allowed="true" date-revised="2013-01-01" status="published"><classification-symbol>F41F1/06</classification-symbol><class-title date-revised="2013-01-01"><title-part><text>Mortars </text><reference><text>base plates therefor <class-ref scheme="cpc">F41A23/54</class-ref></text></reference></title-part></class-title></classification-item>
<classification-item breakdown-code="false" not-allocatable="false" level="8" additional-only="false" sort-key="F41F1/08" definition-exists="false" ipc-concordant="F41F1/08" c-set-base-allowed="false" c-set-subsequent-allowed="true" date-revised="2013-01-01" status="published"><classification-symbol>F41F1/08</classification-symbol><class-title date-revised="2013-01-01"><title-part><text>Multibarrel guns, e.g. twin guns</text></title-part></class-title>
<classification-item breakdown-code="false" not-allocatable="false" level="9" additional-only="false" sort-key="F41F1/085" definition-exists="false" ipc-concordant="F41F1/08" c-set-base-allowed="false" c-set-subsequent-allowed="true" date-revised="2013-01-01" status="published"><classification-symbol>F41F1/085</classification-symbol><class-title date-revised="2013-01-01"><title-part><CPC-specific-text><text>with oscillating barrels; with barrels having variable relative orientation </text><reference><text>scatter-fire arrangements <class-ref scheme="cpc">F41A27/04</class-ref></text></reference></CPC-specific-text></title-part></class-title></classification-item>
<classification-item breakdown-code="false" not-allocatable="false" level="9" additional-only="false" sort-key="F41F1/10" definition-exists="false" ipc-concordant="F41F1/10" c-set-base-allowed="false" c-set-subsequent-allowed="true" date-revised="2013-01-01" status="published"><classification-symbol>F41F1/10</classification-symbol><class-title date-revised="2013-01-01"><title-part><text>Revolving-cannon guns, i.e. multibarrel guns with the barrels and their respective breeches mounted on a rotor</text></title-part><title-part><text>Breech mechanisms therefor</text></title-part></class-title></classification-item></classification-item></classification-item>
<classification-item breakdown-code="false" not-allocatable="false" level="7" additional-only="false" sort-key="F41F3/00" definition-exists="true" ipc-concordant="F41F3/00" c-set-base-allowed="false" c-set-subsequent-allowed="true" date-revised="2013-01-01" status="published"><classification-symbol>F41F3/00</classification-symbol><class-title date-revised="2013-01-01"><title-part><text>Rocket or torpedo launchers</text></title-part></class-title>
<classification-item breakdown-code="false" not-allocatable="false" level="8" additional-only="false" sort-key="F41F3/04" definition-exists="true" ipc-concordant="F41F3/04" c-set-base-allowed="false" c-set-subsequent-allowed="true" date-revised="2013-01-01" status="published"><classification-symbol>F41F3/04</classification-symbol><class-title date-revised="2013-01-01"><title-part><text>for rockets</text></title-part></class-title>
<classification-item breakdown-code="false" not-allocatable="false" level="9" additional-only="false" sort-key="F41F3/0406" definition-exists="false" ipc-concordant="F41F3/04" c-set-base-allowed="false" c-set-subsequent-allowed="true" date-revised="2013-01-01" status="published"><classification-symbol>F41F3/0406</classification-symbol><class-title date-revised="2013-01-01"><title-part><CPC-specific-text><text>Rail launchers</text></CPC-specific-text></title-part></class-title></classification-item>
<classification-item breakdown-code="false" not-allocatable="false" level="9" additional-only="false" sort-key="F41F3/0413" definition-exists="false" ipc-concordant="F41F3/04" c-set-base-allowed="false" c-set-subsequent-allowed="true" date-revised="2013-01-01" status="published"><classification-symbol>F41F3/0413</classification-symbol><class-title date-revised="2013-01-01"><title-part><CPC-specific-text><text>Means for exhaust gas disposal, e.g. exhaust deflectors, gas evacuation systems</text></CPC-specific-text></title-part></class-title></classification-item>
<classification-item breakdown-code="false" not-allocatable="false" level="9" additional-only="false" sort-key="F41F3/042" definition-exists="false" ipc-concordant="F41F3/042" c-set-base-allowed="false" c-set-subsequent-allowed="true" date-revised="2013-01-01" status="published"><classification-symbol>F41F3/042</classification-symbol><class-title date-revised="2013-01-01"><title-part><text>the launching apparatus being used also as a transport container for the rocket </text><CPC-specific-text><reference><text><class-ref scheme="cpc">F41F3/065</class-ref> takes precedence</text></reference></CPC-specific-text></title-part></class-title></classification-item>
<classification-item breakdown-code="false" not-allocatable="false" level="9" additional-only="false" sort-key="F41F3/045" definition-exists="false" ipc-concordant="F41F3/045" c-set-base-allowed="false" c-set-subsequent-allowed="true" date-revised="2013-01-01" status="published"><classification-symbol>F41F3/045</classification-symbol><class-title date-revised="2013-01-01"><title-part><text>adapted to be carried and used by a person, e.g. bazookas </text><reference><text><class-ref scheme="cpc">F41F3/042</class-ref> takes precedence</text></reference></title-part></class-title>
<classification-item breakdown-code="false" not-allocatable="false" level="10" additional-only="false" sort-key="F41F3/0455" definition-exists="false" ipc-concordant="F41F3/045" c-set-base-allowed="false" c-set-subsequent-allowed="true" date-revised="2013-01-01" status="published"><classification-symbol>F41F3/0455</classification-symbol><class-title date-revised="2013-01-01"><title-part><CPC-specific-text><text>Bazookas</text></CPC-specific-text></title-part></class-title></classification-item></classification-item>
<classification-item breakdown-code="false" not-allocatable="false" level="9" additional-only="false" sort-key="F41F3/048" definition-exists="true" ipc-concordant="F41F3/048" c-set-base-allowed="false" c-set-subsequent-allowed="true" date-revised="2013-01-01" status="published"><classification-symbol>F41F3/048</classification-symbol><class-title date-revised="2013-01-01"><title-part><text>Means for imparting spin to the rocket before launching</text></title-part></class-title></classification-item>
<classification-item breakdown-code="false" not-allocatable="false" level="9" additional-only="false" sort-key="F41F3/052" definition-exists="false" ipc-concordant="F41F3/052" c-set-base-allowed="false" c-set-subsequent-allowed="true" date-revised="2013-01-01" status="published"><classification-symbol>F41F3/052</classification-symbol><class-title date-revised="2013-01-01"><title-part><text>Means for securing the rocket in the launching apparatus</text></title-part></class-title></classification-item>
<classification-item breakdown-code="false" not-allocatable="false" level="9" additional-only="false" sort-key="F41F3/055" definition-exists="true" ipc-concordant="F41F3/055" c-set-base-allowed="false" c-set-subsequent-allowed="true" date-revised="2017-08-01" status="published"><classification-symbol>F41F3/055</classification-symbol><class-title date-revised="2017-08-01"><title-part><text>Umbilical connecting means </text><CPC-specific-text><reference><text>means for facilitating disengagement of electric line connector coupling parts in general <class-ref scheme="cpc">H01R13/633</class-ref></text></reference></CPC-specific-text></title-part></class-title></classification-item>
<classification-item breakdown-code="false" not-allocatable="false" level="9" additional-only="false" sort-key="F41F3/058" definition-exists="false" ipc-concordant="F41F3/058" c-set-base-allowed="false" c-set-subsequent-allowed="true" date-revised="2013-01-01" status="published"><classification-symbol>F41F3/058</classification-symbol><class-title date-revised="2013-01-01"><title-part><text>Means for removing duds or misfires</text></title-part></class-title></classification-item>
<classification-item breakdown-code="false" not-allocatable="false" level="9" additional-only="false" sort-key="F41F3/06" definition-exists="false" ipc-concordant="F41F3/06" c-set-base-allowed="false" c-set-subsequent-allowed="true" date-revised="2013-01-01" status="published"><classification-symbol>F41F3/06</classification-symbol><class-title date-revised="2013-01-01"><title-part><text>from aircraft </text><CPC-specific-text><reference><text><class-ref scheme="cpc">F41F3/0406</class-ref> takes precedence; arrangements of rocket launchers on aircraft <class-ref scheme="cpc">B64D7/08</class-ref>; bomb releasing in flight <class-ref scheme="cpc">B64D1/06</class-ref></text></reference></CPC-specific-text></title-part></class-title>
<classification-item breakdown-code="false" not-allocatable="false" level="10" additional-only="false" sort-key="F41F3/065" definition-exists="false" ipc-concordant="F41F3/065" c-set-base-allowed="false" c-set-subsequent-allowed="true" date-revised="2013-01-01" status="published"><classification-symbol>F41F3/065</classification-symbol><class-title date-revised="2013-01-01"><title-part><text>Rocket pods, i.e. detachable containers for launching a plurality of rockets</text></title-part></class-title></classification-item></classification-item>
<classification-item breakdown-code="false" not-allocatable="false" level="9" additional-only="false" sort-key="F41F3/07" definition-exists="true" ipc-concordant="F41F3/07" c-set-base-allowed="false" c-set-subsequent-allowed="true" date-revised="2013-01-01" status="published"><classification-symbol>F41F3/07</classification-symbol><class-title date-revised="2013-01-01"><title-part><text>Underwater launching-apparatus</text></title-part></class-title></classification-item>
<classification-item breakdown-code="false" not-allocatable="false" level="9" additional-only="false" sort-key="F41F3/073" definition-exists="false" ipc-concordant="F41F3/073" c-set-base-allowed="false" c-set-subsequent-allowed="true" date-revised="2013-01-01" status="published"><classification-symbol>F41F3/073</classification-symbol><class-title date-revised="2013-01-01"><title-part><text>Silos for rockets, e.g. mounting or sealing rockets therein </text><reference><text><class-ref scheme="cpc">F41F3/077</class-ref> takes precedence</text></reference></title-part></class-title></classification-item>
<classification-item breakdown-code="false" not-allocatable="false" level="9" additional-only="false" sort-key="F41F3/077" definition-exists="false" ipc-concordant="F41F3/077" c-set-base-allowed="false" c-set-subsequent-allowed="true" date-revised="2013-01-01" status="published"><classification-symbol>F41F3/077</classification-symbol><class-title date-revised="2013-01-01"><title-part><text>Doors or covers for launching tubes</text></title-part></class-title></classification-item></classification-item>
<classification-item breakdown-code="false" not-allocatable="false" level="8" additional-only="false" sort-key="F41F3/08" definition-exists="true" ipc-concordant="F41F3/08" c-set-base-allowed="false" c-set-subsequent-allowed="true" date-revised="2013-01-01" status="published"><classification-symbol>F41F3/08</classification-symbol><class-title date-revised="2013-01-01"><title-part><text>for marine torpedoes </text><CPC-specific-text><reference><text><class-ref scheme="cpc">F41A23/22</class-ref> takes precedence</text></reference></CPC-specific-text></title-part></class-title>
<classification-item breakdown-code="false" not-allocatable="false" level="9" additional-only="false" sort-key="F41F3/10" definition-exists="false" ipc-concordant="F41F3/10" c-set-base-allowed="false" c-set-subsequent-allowed="true" date-revised="2013-01-01" status="published"><classification-symbol>F41F3/10</classification-symbol><class-title date-revised="2013-01-01"><title-part><text>from below the surface of the water</text></title-part></class-title></classification-item></classification-item></classification-item>
<classification-item breakdown-code="false" not-allocatable="false" level="7" additional-only="false" sort-key="F41F5/00" definition-exists="true" ipc-concordant="F41F5/00" c-set-base-allowed="false" c-set-subsequent-allowed="true" date-revised="2013-01-01" status="published"><classification-symbol>F41F5/00</classification-symbol><class-title date-revised="2013-01-01"><title-part><text>Launching-apparatus for gravity-propelled missiles or projectiles </text><reference><text>from aircraft <class-ref scheme="cpc">B64D1/04</class-ref></text></reference></title-part></class-title>
<classification-item breakdown-code="false" not-allocatable="false" level="8" additional-only="false" sort-key="F41F5/04" definition-exists="false" ipc-concordant="F41F5/04" c-set-base-allowed="false" c-set-subsequent-allowed="true" date-revised="2013-01-01" status="published"><classification-symbol>F41F5/04</classification-symbol><class-title date-revised="2013-01-01"><title-part><text>from ships, e.g. for mines, for depth charges</text></title-part></class-title></classification-item></classification-item>
<classification-item breakdown-code="false" not-allocatable="false" level="7" additional-only="false" sort-key="F41F7/00" definition-exists="true" ipc-concordant="F41F7/00" c-set-base-allowed="false" c-set-subsequent-allowed="true" date-revised="2013-01-01" status="published"><classification-symbol>F41F7/00</classification-symbol><class-title date-revised="2013-01-01"><title-part><text>Launching-apparatus for projecting missiles or projectiles otherwise than from barrels, </text><CPC-specific-text><text>e.g. using spigots</text></CPC-specific-text><reference><text><class-ref scheme="cpc">F41F3/04</class-ref> takes precedence; </text><CPC-specific-text><text>centrifugal sling apparatus <class-ref scheme="cpc">F41B3/04</class-ref></text></CPC-specific-text></reference></title-part></class-title></classification-item></classification-item></classification-item></class-scheme>