<?xml version="1.0" encoding="UTF-8"?>
<class-scheme publication-date="2021-05-01" scheme-type="cpc" publication-type="official">
<classification-item breakdown-code="false" not-allocatable="true" level="5" additional-only="false" sort-key="B25C" definition-exists="true" date-revised="2018-08-01" status="published"><classification-symbol>B25C</classification-symbol><class-title date-revised="2013-01-01"><title-part><text>HAND-HELD NAILING OR STAPLING TOOLS</text></title-part><title-part><text>MANUALLY OPERATED PORTABLE STAPLING TOOLS </text><reference><text>for shoemaking <class-ref scheme="cpc">A43D</class-ref></text></reference></title-part></class-title><notes-and-warnings date-revised="2013-01-01"><note type="note"><note-paragraph>For the purposes of this subclass, the term &quot;nail&quot; is to be understood as including pin, bolt, and plug</note-paragraph></note><note type="warning"><note-paragraph>In this subclass non-limiting references (in the sense of paragraph 39 of the Guide to the IPC) may still be displayed in the scheme.</note-paragraph></note></notes-and-warnings>
<classification-item breakdown-code="false" not-allocatable="true" level="6" additional-only="false" sort-key="B25C1/00" date-revised="2013-01-01" status="published"><classification-symbol>B25C1/00</classification-symbol>
<classification-item breakdown-code="false" not-allocatable="false" level="7" additional-only="false" sort-key="B25C1/00" definition-exists="true" ipc-concordant="B25C1/00" c-set-base-allowed="false" c-set-subsequent-allowed="true" date-revised="2013-01-01" status="published"><classification-symbol>B25C1/00</classification-symbol><class-title date-revised="2013-01-01"><title-part><text>Hand-held nailing tools </text><reference><text>hammers <u>per se</u> <class-ref scheme="cpc">B25D</class-ref>; nailing machines <class-ref scheme="cpc">B27F7/02</class-ref></text></reference></title-part><title-part><text>Nail feeding devices</text></title-part></class-title>
<classification-item breakdown-code="false" not-allocatable="false" level="8" additional-only="false" sort-key="B25C1/001" definition-exists="false" ipc-concordant="B25C1/00" c-set-base-allowed="false" c-set-subsequent-allowed="true" date-revised="2013-01-01" status="published"><classification-symbol>B25C1/001</classification-symbol><class-title date-revised="2013-01-01"><title-part><CPC-specific-text><text>Nail feeding devices </text><reference><text><class-ref scheme="cpc">B25C1/184</class-ref> takes precedence</text></reference></CPC-specific-text></title-part></class-title>
<classification-item breakdown-code="false" not-allocatable="false" level="9" additional-only="false" sort-key="B25C1/003" definition-exists="false" ipc-concordant="B25C1/00" c-set-base-allowed="false" c-set-subsequent-allowed="true" date-revised="2013-01-01" status="published"><classification-symbol>B25C1/003</classification-symbol><class-title date-revised="2013-01-01"><title-part><CPC-specific-text><text>for belts of nails</text></CPC-specific-text></title-part></class-title></classification-item>
<classification-item breakdown-code="false" not-allocatable="false" level="9" additional-only="false" sort-key="B25C1/005" definition-exists="false" ipc-concordant="B25C1/00" c-set-base-allowed="false" c-set-subsequent-allowed="true" date-revised="2013-01-01" status="published"><classification-symbol>B25C1/005</classification-symbol><class-title date-revised="2013-01-01"><title-part><CPC-specific-text><text>for rows of contiguous nails</text></CPC-specific-text></title-part></class-title></classification-item>
<classification-item breakdown-code="false" not-allocatable="false" level="9" additional-only="false" sort-key="B25C1/006" definition-exists="false" ipc-concordant="B25C1/00" c-set-base-allowed="false" c-set-subsequent-allowed="true" date-revised="2013-01-01" status="published"><classification-symbol>B25C1/006</classification-symbol><class-title date-revised="2013-01-01"><title-part><CPC-specific-text><text>for corrugated nails and marking tags</text></CPC-specific-text></title-part></class-title></classification-item></classification-item>
<classification-item breakdown-code="false" not-allocatable="false" level="8" additional-only="false" sort-key="B25C1/008" definition-exists="false" ipc-concordant="B25C1/00" c-set-base-allowed="false" c-set-subsequent-allowed="true" date-revised="2013-01-01" status="published"><classification-symbol>B25C1/008</classification-symbol><class-title date-revised="2013-01-01"><title-part><CPC-specific-text><text>Safety devices</text></CPC-specific-text></title-part></class-title></classification-item>
<classification-item breakdown-code="false" not-allocatable="false" level="8" additional-only="false" sort-key="B25C1/02" definition-exists="false" ipc-concordant="B25C1/02" c-set-base-allowed="false" c-set-subsequent-allowed="true" date-revised="2013-01-01" status="published"><classification-symbol>B25C1/02</classification-symbol><class-title date-revised="2013-01-01"><title-part><text>operated by manual power</text></title-part></class-title></classification-item>
<classification-item breakdown-code="false" not-allocatable="false" level="8" additional-only="false" sort-key="B25C1/04" definition-exists="false" ipc-concordant="B25C1/04" c-set-base-allowed="false" c-set-subsequent-allowed="true" date-revised="2017-08-01" status="published"><classification-symbol>B25C1/04</classification-symbol><class-title date-revised="2017-08-01"><title-part><text>operated by fluid pressure </text><CPC-specific-text><text>, e.g. by air pressure</text></CPC-specific-text></title-part></class-title>
<classification-item breakdown-code="false" not-allocatable="false" level="9" additional-only="false" sort-key="B25C1/041" definition-exists="false" ipc-concordant="B25C1/04" c-set-base-allowed="false" c-set-subsequent-allowed="true" date-revised="2013-01-01" status="published"><classification-symbol>B25C1/041</classification-symbol><class-title date-revised="2013-01-01"><title-part><CPC-specific-text><text>with fixed main cylinder</text></CPC-specific-text></title-part></class-title>
<classification-item breakdown-code="false" not-allocatable="false" level="10" additional-only="false" sort-key="B25C1/042" definition-exists="false" ipc-concordant="B25C1/04" c-set-base-allowed="false" c-set-subsequent-allowed="true" date-revised="2013-01-01" status="published"><classification-symbol>B25C1/042</classification-symbol><class-title date-revised="2013-01-01"><title-part><CPC-specific-text><text>Main valve and main cylinder</text></CPC-specific-text></title-part></class-title></classification-item>
<classification-item breakdown-code="false" not-allocatable="false" level="10" additional-only="false" sort-key="B25C1/043" definition-exists="false" ipc-concordant="B25C1/04" c-set-base-allowed="false" c-set-subsequent-allowed="true" date-revised="2013-01-01" status="published"><classification-symbol>B25C1/043</classification-symbol><class-title date-revised="2013-01-01"><title-part><CPC-specific-text><text>Trigger valve and trigger mechanism</text></CPC-specific-text></title-part></class-title></classification-item></classification-item>
<classification-item breakdown-code="false" not-allocatable="false" level="9" additional-only="false" sort-key="B25C1/044" definition-exists="false" ipc-concordant="B25C1/04" c-set-base-allowed="false" c-set-subsequent-allowed="true" date-revised="2013-01-01" status="published"><classification-symbol>B25C1/044</classification-symbol><class-title date-revised="2013-01-01"><title-part><CPC-specific-text><text>with movable main cylinder</text></CPC-specific-text></title-part></class-title>
<classification-item breakdown-code="false" not-allocatable="false" level="10" additional-only="false" sort-key="B25C1/045" definition-exists="false" ipc-concordant="B25C1/04" c-set-base-allowed="false" c-set-subsequent-allowed="true" date-revised="2013-01-01" status="published"><classification-symbol>B25C1/045</classification-symbol><class-title date-revised="2013-01-01"><title-part><CPC-specific-text><text>main valve and main cylinder</text></CPC-specific-text></title-part></class-title></classification-item>
<classification-item breakdown-code="false" not-allocatable="false" level="10" additional-only="false" sort-key="B25C1/046" definition-exists="false" ipc-concordant="B25C1/04" c-set-base-allowed="false" c-set-subsequent-allowed="true" date-revised="2013-01-01" status="published"><classification-symbol>B25C1/046</classification-symbol><class-title date-revised="2013-01-01"><title-part><CPC-specific-text><text>Trigger valve and trigger mechanism</text></CPC-specific-text></title-part></class-title></classification-item></classification-item>
<classification-item breakdown-code="false" not-allocatable="false" level="9" additional-only="false" sort-key="B25C1/047" definition-exists="false" ipc-concordant="B25C1/04" c-set-base-allowed="false" c-set-subsequent-allowed="true" date-revised="2013-01-01" status="published"><classification-symbol>B25C1/047</classification-symbol><class-title date-revised="2013-01-01"><title-part><CPC-specific-text><text>Mechanical details</text></CPC-specific-text></title-part></class-title></classification-item>
<classification-item breakdown-code="false" not-allocatable="false" level="9" additional-only="false" sort-key="B25C1/048" definition-exists="false" ipc-concordant="B25C1/04" c-set-base-allowed="false" c-set-subsequent-allowed="true" date-revised="2013-01-01" status="published"><classification-symbol>B25C1/048</classification-symbol><class-title date-revised="2013-01-01"><title-part><CPC-specific-text><text>Hydraulically operated</text></CPC-specific-text></title-part></class-title></classification-item></classification-item>
<classification-item breakdown-code="false" not-allocatable="false" level="8" additional-only="false" sort-key="B25C1/06" definition-exists="false" ipc-concordant="B25C1/06" c-set-base-allowed="false" c-set-subsequent-allowed="true" date-revised="2013-01-01" status="published"><classification-symbol>B25C1/06</classification-symbol><class-title date-revised="2013-01-01"><title-part><text>operated by electric power</text></title-part></class-title></classification-item>
<classification-item breakdown-code="false" not-allocatable="false" level="8" additional-only="false" sort-key="B25C1/08" definition-exists="false" ipc-concordant="B25C1/08" c-set-base-allowed="false" c-set-subsequent-allowed="true" date-revised="2013-01-01" status="published"><classification-symbol>B25C1/08</classification-symbol><class-title date-revised="2013-01-01"><title-part><text>operated by combustion pressure</text></title-part></class-title>
<classification-item breakdown-code="false" not-allocatable="false" level="9" additional-only="false" sort-key="B25C1/082" definition-exists="false" ipc-concordant="B25C1/08" c-set-base-allowed="false" c-set-subsequent-allowed="true" date-revised="2013-01-01" status="published"><classification-symbol>B25C1/082</classification-symbol><class-title date-revised="2013-01-01"><title-part><CPC-specific-text><text>generated by detonation of a pellet</text></CPC-specific-text></title-part></class-title>
<classification-item breakdown-code="false" not-allocatable="false" level="10" additional-only="false" sort-key="B25C1/085" definition-exists="false" ipc-concordant="B25C1/08" c-set-base-allowed="false" c-set-subsequent-allowed="true" date-revised="2013-01-01" status="published"><classification-symbol>B25C1/085</classification-symbol><class-title date-revised="2013-01-01"><title-part><CPC-specific-text><text>trigger operated</text></CPC-specific-text></title-part></class-title></classification-item>
<classification-item breakdown-code="false" not-allocatable="false" level="10" additional-only="false" sort-key="B25C1/087" definition-exists="false" ipc-concordant="B25C1/08" c-set-base-allowed="false" c-set-subsequent-allowed="true" date-revised="2013-01-01" status="published"><classification-symbol>B25C1/087</classification-symbol><class-title date-revised="2013-01-01"><title-part><CPC-specific-text><text>operated by a hammer blow</text></CPC-specific-text></title-part></class-title></classification-item></classification-item>
<classification-item breakdown-code="false" not-allocatable="false" level="9" additional-only="false" sort-key="B25C1/10" definition-exists="false" ipc-concordant="B25C1/10" c-set-base-allowed="false" c-set-subsequent-allowed="true" date-revised="2013-01-01" status="published"><classification-symbol>B25C1/10</classification-symbol><class-title date-revised="2013-01-01"><title-part><text>generated by detonation of a cartridge</text></title-part></class-title>
<classification-item breakdown-code="false" not-allocatable="false" level="10" additional-only="false" sort-key="B25C1/105" definition-exists="false" ipc-concordant="B25C1/10" c-set-base-allowed="false" c-set-subsequent-allowed="true" date-revised="2013-01-01" status="published"><classification-symbol>B25C1/105</classification-symbol><class-title date-revised="2013-01-01"><title-part><CPC-specific-text><text>Cartridge ejecting mechanisms and latch mechanisms</text></CPC-specific-text></title-part></class-title></classification-item>
<classification-item breakdown-code="false" not-allocatable="false" level="10" additional-only="false" sort-key="B25C1/12" definition-exists="false" ipc-concordant="B25C1/12" c-set-base-allowed="false" c-set-subsequent-allowed="true" date-revised="2013-01-01" status="published"><classification-symbol>B25C1/12</classification-symbol><class-title date-revised="2013-01-01"><title-part><text>acting directly on the bolt</text></title-part></class-title>
<classification-item breakdown-code="false" not-allocatable="false" level="11" additional-only="false" sort-key="B25C1/123" definition-exists="false" ipc-concordant="B25C1/12" c-set-base-allowed="false" c-set-subsequent-allowed="true" date-revised="2013-01-01" status="published"><classification-symbol>B25C1/123</classification-symbol><class-title date-revised="2013-01-01"><title-part><CPC-specific-text><text>trigger operated</text></CPC-specific-text></title-part></class-title></classification-item>
<classification-item breakdown-code="false" not-allocatable="false" level="11" additional-only="false" sort-key="B25C1/126" definition-exists="false" ipc-concordant="B25C1/12" c-set-base-allowed="false" c-set-subsequent-allowed="true" date-revised="2013-01-01" status="published"><classification-symbol>B25C1/126</classification-symbol><class-title date-revised="2013-01-01"><title-part><CPC-specific-text><text>operated by a hammer blow</text></CPC-specific-text></title-part></class-title></classification-item></classification-item>
<classification-item breakdown-code="false" not-allocatable="false" level="10" additional-only="false" sort-key="B25C1/14" definition-exists="false" ipc-concordant="B25C1/14" c-set-base-allowed="false" c-set-subsequent-allowed="true" date-revised="2017-08-01" status="published"><classification-symbol>B25C1/14</classification-symbol><class-title date-revised="2017-08-01"><title-part><text>acting on an intermediate plunger or anvil </text><reference><text>pistols for slaughtering or stunning animals <class-ref scheme="cpc">A22B3/02</class-ref></text></reference></title-part></class-title>
<classification-item breakdown-code="false" not-allocatable="false" level="11" additional-only="false" sort-key="B25C1/143" definition-exists="false" ipc-concordant="B25C1/14" c-set-base-allowed="false" c-set-subsequent-allowed="true" date-revised="2013-01-01" status="published"><classification-symbol>B25C1/143</classification-symbol><class-title date-revised="2013-01-01"><title-part><CPC-specific-text><text>trigger operated</text></CPC-specific-text></title-part></class-title></classification-item>
<classification-item breakdown-code="false" not-allocatable="false" level="11" additional-only="false" sort-key="B25C1/146" definition-exists="false" ipc-concordant="B25C1/14" c-set-base-allowed="false" c-set-subsequent-allowed="true" date-revised="2013-01-01" status="published"><classification-symbol>B25C1/146</classification-symbol><class-title date-revised="2013-01-01"><title-part><CPC-specific-text><text>operated by a hammer blow</text></CPC-specific-text></title-part></class-title></classification-item></classification-item>
<classification-item breakdown-code="false" not-allocatable="false" level="10" additional-only="false" sort-key="B25C1/16" definition-exists="false" ipc-concordant="B25C1/16" c-set-base-allowed="false" c-set-subsequent-allowed="true" date-revised="2013-01-01" status="published"><classification-symbol>B25C1/16</classification-symbol><class-title date-revised="2013-01-01"><title-part><text>Cartridges specially adapted for impact tools</text></title-part><title-part><text>Cartridge and bolts units </text><reference><text>bolts <u>per se</u> <class-ref scheme="cpc">F16B19/14</class-ref></text></reference></title-part></class-title>
<classification-item breakdown-code="false" not-allocatable="false" level="11" additional-only="false" sort-key="B25C1/163" definition-exists="false" ipc-concordant="B25C1/16" c-set-base-allowed="false" c-set-subsequent-allowed="true" date-revised="2013-01-01" status="published"><classification-symbol>B25C1/163</classification-symbol><class-title date-revised="2013-01-01"><title-part><CPC-specific-text><text>Cartridges</text></CPC-specific-text></title-part></class-title></classification-item>
<classification-item breakdown-code="false" not-allocatable="false" level="11" additional-only="false" sort-key="B25C1/166" definition-exists="false" ipc-concordant="B25C1/16" c-set-base-allowed="false" c-set-subsequent-allowed="true" date-revised="2013-01-01" status="published"><classification-symbol>B25C1/166</classification-symbol><class-title date-revised="2013-01-01"><title-part><CPC-specific-text><text>Pellets</text></CPC-specific-text></title-part></class-title></classification-item></classification-item>
<classification-item breakdown-code="false" not-allocatable="false" level="10" additional-only="false" sort-key="B25C1/18" definition-exists="false" ipc-concordant="B25C1/18" c-set-base-allowed="false" c-set-subsequent-allowed="true" date-revised="2013-01-01" status="published"><classification-symbol>B25C1/18</classification-symbol><class-title date-revised="2013-01-01"><title-part><text>Details and accessories, e.g. splinter guards, spall minimisers</text></title-part></class-title>
<classification-item breakdown-code="false" not-allocatable="false" level="11" additional-only="false" sort-key="B25C1/182" definition-exists="false" ipc-concordant="B25C1/18" c-set-base-allowed="false" c-set-subsequent-allowed="true" date-revised="2013-01-01" status="published"><classification-symbol>B25C1/182</classification-symbol><class-title date-revised="2013-01-01"><title-part><CPC-specific-text><text>Feeding devices</text></CPC-specific-text></title-part></class-title>
<classification-item breakdown-code="false" not-allocatable="false" level="12" additional-only="false" sort-key="B25C1/184" definition-exists="false" ipc-concordant="B25C1/18" c-set-base-allowed="false" c-set-subsequent-allowed="true" date-revised="2013-01-01" status="published"><classification-symbol>B25C1/184</classification-symbol><class-title date-revised="2013-01-01"><title-part><CPC-specific-text><text>for nails</text></CPC-specific-text></title-part></class-title></classification-item>
<classification-item breakdown-code="false" not-allocatable="false" level="12" additional-only="false" sort-key="B25C1/186" definition-exists="false" ipc-concordant="B25C1/18" c-set-base-allowed="false" c-set-subsequent-allowed="true" date-revised="2013-01-01" status="published"><classification-symbol>B25C1/186</classification-symbol><class-title date-revised="2013-01-01"><title-part><CPC-specific-text><text>for cartridges or pellets</text></CPC-specific-text></title-part></class-title></classification-item></classification-item>
<classification-item breakdown-code="false" not-allocatable="false" level="11" additional-only="false" sort-key="B25C1/188" definition-exists="false" ipc-concordant="B25C1/18" c-set-base-allowed="false" c-set-subsequent-allowed="true" date-revised="2013-01-01" status="published"><classification-symbol>B25C1/188</classification-symbol><class-title date-revised="2013-01-01"><title-part><CPC-specific-text><text>Arrangements at the forward end of the barrel, e.g. splinter guards, spall minimisers, safety arrangements, silencers, bolt retainers</text></CPC-specific-text></title-part></class-title></classification-item></classification-item></classification-item></classification-item></classification-item>
<classification-item breakdown-code="false" not-allocatable="false" level="7" additional-only="false" sort-key="B25C3/00" definition-exists="true" ipc-concordant="B25C3/00" c-set-base-allowed="false" c-set-subsequent-allowed="true" date-revised="2013-01-01" status="published"><classification-symbol>B25C3/00</classification-symbol><class-title date-revised="2013-01-01"><title-part><text>Portable devices for holding and guiding nails</text></title-part><title-part><text>Nail dispensers</text></title-part></class-title>
<classification-item breakdown-code="false" not-allocatable="false" level="8" additional-only="false" sort-key="B25C3/002" definition-exists="false" ipc-concordant="B25C3/00" c-set-base-allowed="false" c-set-subsequent-allowed="true" date-revised="2013-01-01" status="published"><classification-symbol>B25C3/002</classification-symbol><class-title date-revised="2013-01-01"><title-part><CPC-specific-text><text>nail dispensers with provision for holding and guiding nails</text></CPC-specific-text></title-part></class-title>
<classification-item breakdown-code="false" not-allocatable="false" level="9" additional-only="false" sort-key="B25C3/004" definition-exists="false" ipc-concordant="B25C3/00" c-set-base-allowed="false" c-set-subsequent-allowed="true" date-revised="2013-01-01" status="published"><classification-symbol>B25C3/004</classification-symbol><class-title date-revised="2013-01-01"><title-part><CPC-specific-text><text>the nail being hit by a hammer head</text></CPC-specific-text></title-part></class-title></classification-item></classification-item>
<classification-item breakdown-code="false" not-allocatable="false" level="8" additional-only="false" sort-key="B25C3/006" definition-exists="false" ipc-concordant="B25C3/00" c-set-base-allowed="false" c-set-subsequent-allowed="true" date-revised="2013-01-01" status="published"><classification-symbol>B25C3/006</classification-symbol><class-title date-revised="2013-01-01"><title-part><CPC-specific-text><text>only for holding and guiding</text></CPC-specific-text></title-part></class-title>
<classification-item breakdown-code="false" not-allocatable="false" level="9" additional-only="false" sort-key="B25C3/008" definition-exists="false" ipc-concordant="B25C3/00" c-set-base-allowed="false" c-set-subsequent-allowed="true" date-revised="2013-01-01" status="published"><classification-symbol>B25C3/008</classification-symbol><class-title date-revised="2013-01-01"><title-part><CPC-specific-text><text>the nail being hit by a hammer head</text></CPC-specific-text></title-part></class-title></classification-item></classification-item></classification-item>
<classification-item breakdown-code="false" not-allocatable="false" level="7" additional-only="false" sort-key="B25C5/00" definition-exists="true" ipc-concordant="B25C5/00" c-set-base-allowed="false" c-set-subsequent-allowed="true" date-revised="2013-01-01" status="published"><classification-symbol>B25C5/00</classification-symbol><class-title date-revised="2013-01-01"><title-part><text>Manually operated portable stapling tools</text></title-part><title-part><text>Hand-held power-operated stapling tools </text><reference><CPC-specific-text><text>clip clamping hand tools <class-ref scheme="cpc">B25B27/146</class-ref>;</text></CPC-specific-text><text> details or components, e.g. casings, bodies, of portable power-driven tools not particularly related to the operation performed <class-ref scheme="cpc">B25F5/00</class-ref>; stapling machines <class-ref scheme="cpc">B27F7/17</class-ref></text></reference></title-part><title-part><text>Staple feeding devices therefor </text><reference><text>staples <class-ref scheme="cpc">F16B15/00</class-ref></text></reference></title-part></class-title><notes-and-warnings date-revised="2013-01-01"><note type="note"><note-paragraph>In this group the following term is used with the meaning indicated: <subnote type="bullet"><note-paragraph>&quot;stapling tools&quot; covers tools for driving U-shaped loops, e.g. of metallic material, into a surface to fix an object thereto, or through layers of relatively thin material to hold them together, e.g. by clinching</note-paragraph></subnote></note-paragraph></note></notes-and-warnings>
<classification-item breakdown-code="false" not-allocatable="false" level="8" additional-only="false" sort-key="B25C5/02" definition-exists="false" ipc-concordant="B25C5/02" c-set-base-allowed="false" c-set-subsequent-allowed="true" date-revised="2013-01-01" status="published"><classification-symbol>B25C5/02</classification-symbol><class-title date-revised="2013-01-01"><title-part><text>with provision for bending the ends of the staples on to the work</text></title-part></class-title>
<classification-item breakdown-code="false" not-allocatable="false" level="9" additional-only="false" sort-key="B25C5/0207" definition-exists="false" ipc-concordant="B25C5/02" c-set-base-allowed="false" c-set-subsequent-allowed="true" date-revised="2013-01-01" status="published"><classification-symbol>B25C5/0207</classification-symbol><class-title date-revised="2013-01-01"><title-part><CPC-specific-text><text>Particular clinching mechanisms </text><reference><text><class-ref scheme="cpc">B25C5/0271</class-ref> takes precedence</text></reference></CPC-specific-text></title-part></class-title></classification-item>
<classification-item breakdown-code="false" not-allocatable="false" level="9" additional-only="false" sort-key="B25C5/0214" definition-exists="false" ipc-concordant="B25C5/02" c-set-base-allowed="false" c-set-subsequent-allowed="true" date-revised="2013-01-01" status="published"><classification-symbol>B25C5/0214</classification-symbol><class-title date-revised="2013-01-01"><title-part><CPC-specific-text><text>Combined stapling and punching tools</text></CPC-specific-text></title-part></class-title></classification-item>
<classification-item breakdown-code="false" not-allocatable="false" level="9" additional-only="false" sort-key="B25C5/0221" definition-exists="false" ipc-concordant="B25C5/02" c-set-base-allowed="false" c-set-subsequent-allowed="true" date-revised="2013-01-01" status="published"><classification-symbol>B25C5/0221</classification-symbol><class-title date-revised="2013-01-01"><title-part><CPC-specific-text><text>Stapling tools of the table model type, i.e. tools supported by a table or the work during operation</text></CPC-specific-text></title-part></class-title>
<classification-item breakdown-code="false" not-allocatable="false" level="10" additional-only="false" sort-key="B25C5/0228" definition-exists="false" ipc-concordant="B25C5/02" c-set-base-allowed="false" c-set-subsequent-allowed="true" date-revised="2013-01-01" status="published"><classification-symbol>B25C5/0228</classification-symbol><class-title date-revised="2013-01-01"><title-part><CPC-specific-text><text>power-operated</text></CPC-specific-text></title-part></class-title></classification-item>
<classification-item breakdown-code="false" not-allocatable="false" level="10" additional-only="false" sort-key="B25C5/0235" definition-exists="false" ipc-concordant="B25C5/02" c-set-base-allowed="false" c-set-subsequent-allowed="true" date-revised="2013-01-01" status="published"><classification-symbol>B25C5/0235</classification-symbol><class-title date-revised="2013-01-01"><title-part><CPC-specific-text><text>manually operated having a plunger cooperating with an anvil </text><reference><text><class-ref scheme="cpc">B25C5/025</class-ref> takes precedence</text></reference></CPC-specific-text></title-part></class-title></classification-item>
<classification-item breakdown-code="false" not-allocatable="false" level="10" additional-only="false" sort-key="B25C5/0242" definition-exists="false" ipc-concordant="B25C5/02" c-set-base-allowed="false" c-set-subsequent-allowed="true" date-revised="2013-01-01" status="published"><classification-symbol>B25C5/0242</classification-symbol><class-title date-revised="2013-01-01"><title-part><CPC-specific-text><text>having a pivoting upper leg and a leg provided with an anvil supported by the table or work</text></CPC-specific-text></title-part></class-title>
<classification-item breakdown-code="false" not-allocatable="false" level="11" additional-only="false" sort-key="B25C5/025" definition-exists="false" ipc-concordant="B25C5/02" c-set-base-allowed="false" c-set-subsequent-allowed="true" date-revised="2013-01-01" status="published"><classification-symbol>B25C5/025</classification-symbol><class-title date-revised="2013-01-01"><title-part><CPC-specific-text><text>the plunger being manually operated</text></CPC-specific-text></title-part></class-title></classification-item></classification-item>
<classification-item breakdown-code="false" not-allocatable="false" level="10" additional-only="false" sort-key="B25C5/0257" definition-exists="false" ipc-concordant="B25C5/02" c-set-base-allowed="false" c-set-subsequent-allowed="true" date-revised="2013-01-01" status="published"><classification-symbol>B25C5/0257</classification-symbol><class-title date-revised="2013-01-01"><title-part><CPC-specific-text><text>without an anvil, e.g. using staples of particular shape bent during the stapling operation without the use of external clinching means</text></CPC-specific-text></title-part></class-title>
<classification-item breakdown-code="false" not-allocatable="false" level="11" additional-only="false" sort-key="B25C5/0264" definition-exists="false" ipc-concordant="B25C5/02" c-set-base-allowed="false" c-set-subsequent-allowed="true" date-revised="2013-01-01" status="published"><classification-symbol>B25C5/0264</classification-symbol><class-title date-revised="2013-01-01"><title-part><CPC-specific-text><text>having pivoting clinching means for bending the staple ends</text></CPC-specific-text></title-part></class-title>
<classification-item breakdown-code="false" not-allocatable="false" level="12" additional-only="false" sort-key="B25C5/0271" definition-exists="false" ipc-concordant="B25C5/02" c-set-base-allowed="false" c-set-subsequent-allowed="true" date-revised="2013-01-01" status="published"><classification-symbol>B25C5/0271</classification-symbol><class-title date-revised="2013-01-01"><title-part><CPC-specific-text><text>Clinching means therefor</text></CPC-specific-text></title-part></class-title></classification-item></classification-item></classification-item>
<classification-item breakdown-code="false" not-allocatable="false" level="10" additional-only="false" sort-key="B25C5/0278" definition-exists="false" ipc-concordant="B25C5/02" c-set-base-allowed="false" c-set-subsequent-allowed="true" date-revised="2013-01-01" status="published"><classification-symbol>B25C5/0278</classification-symbol><class-title date-revised="2013-01-01"><title-part><CPC-specific-text><text>having staple forming means</text></CPC-specific-text></title-part></class-title></classification-item></classification-item>
<classification-item breakdown-code="false" not-allocatable="false" level="9" additional-only="false" sort-key="B25C5/0285" definition-exists="false" ipc-concordant="B25C5/02" c-set-base-allowed="false" c-set-subsequent-allowed="true" date-revised="2013-01-01" status="published"><classification-symbol>B25C5/0285</classification-symbol><class-title date-revised="2013-01-01"><title-part><CPC-specific-text><text>Hand-held stapling tools, e.g. manually operated, i.e. not resting on a working surface during operation</text></CPC-specific-text></title-part></class-title>
<classification-item breakdown-code="false" not-allocatable="false" level="10" additional-only="false" sort-key="B25C5/0292" definition-exists="false" ipc-concordant="B25C5/02" c-set-base-allowed="false" c-set-subsequent-allowed="true" date-revised="2013-01-01" status="published"><classification-symbol>B25C5/0292</classification-symbol><class-title date-revised="2013-01-01"><title-part><CPC-specific-text><text>with the objects to be stapled together introduced perpendicularly to the longitudinal axis of the tool in an opening formed by an anvil and a plunger</text></CPC-specific-text></title-part></class-title></classification-item></classification-item>
<classification-item breakdown-code="false" not-allocatable="false" level="9" additional-only="false" sort-key="B25C5/04" definition-exists="false" ipc-concordant="B25C5/04" c-set-base-allowed="false" c-set-subsequent-allowed="true" date-revised="2013-01-01" status="published"><classification-symbol>B25C5/04</classification-symbol><class-title date-revised="2013-01-01"><title-part><text>with means for forming the staples in the tool</text></title-part></class-title>
<classification-item breakdown-code="false" not-allocatable="false" level="10" additional-only="false" sort-key="B25C5/045" definition-exists="false" ipc-concordant="B25C5/04" c-set-base-allowed="false" c-set-subsequent-allowed="true" date-revised="2013-01-01" status="published"><classification-symbol>B25C5/045</classification-symbol><class-title date-revised="2013-01-01"><title-part><CPC-specific-text><text>starting from performed staples</text></CPC-specific-text></title-part></class-title></classification-item></classification-item></classification-item>
<classification-item breakdown-code="false" not-allocatable="false" level="8" additional-only="false" sort-key="B25C5/06" definition-exists="false" ipc-concordant="B25C5/06" c-set-base-allowed="false" c-set-subsequent-allowed="true" date-revised="2013-01-01" status="published"><classification-symbol>B25C5/06</classification-symbol><class-title date-revised="2013-01-01"><title-part><text>without provision for bending the ends of the staples on to the work</text></title-part></class-title>
<classification-item breakdown-code="false" not-allocatable="false" level="9" additional-only="false" sort-key="B25C5/08" definition-exists="false" ipc-concordant="B25C5/08" c-set-base-allowed="false" c-set-subsequent-allowed="true" date-revised="2013-01-01" status="published"><classification-symbol>B25C5/08</classification-symbol><class-title date-revised="2013-01-01"><title-part><text>with means for forming the staples in the tool</text></title-part></class-title>
<classification-item breakdown-code="false" not-allocatable="false" level="10" additional-only="false" sort-key="B25C5/085" definition-exists="false" ipc-concordant="B25C5/08" c-set-base-allowed="false" c-set-subsequent-allowed="true" date-revised="2013-01-01" status="published"><classification-symbol>B25C5/085</classification-symbol><class-title date-revised="2013-01-01"><title-part><CPC-specific-text><text>starting from performed staples</text></CPC-specific-text></title-part></class-title></classification-item></classification-item></classification-item>
<classification-item breakdown-code="false" not-allocatable="false" level="8" additional-only="false" sort-key="B25C5/10" definition-exists="false" ipc-concordant="B25C5/10" c-set-base-allowed="false" c-set-subsequent-allowed="true" date-revised="2013-01-01" status="published"><classification-symbol>B25C5/10</classification-symbol><class-title date-revised="2013-01-01"><title-part><text>Driving means</text></title-part></class-title>
<classification-item breakdown-code="false" not-allocatable="false" level="9" additional-only="false" sort-key="B25C5/11" definition-exists="false" ipc-concordant="B25C5/11" c-set-base-allowed="false" c-set-subsequent-allowed="true" date-revised="2013-01-01" status="published"><classification-symbol>B25C5/11</classification-symbol><class-title date-revised="2013-01-01"><title-part><text>operated by manual </text><CPC-specific-text><text>or foot</text></CPC-specific-text><text> power</text></title-part></class-title></classification-item>
<classification-item breakdown-code="false" not-allocatable="false" level="9" additional-only="false" sort-key="B25C5/13" definition-exists="false" ipc-concordant="B25C5/13" c-set-base-allowed="false" c-set-subsequent-allowed="true" date-revised="2013-01-01" status="published"><classification-symbol>B25C5/13</classification-symbol><class-title date-revised="2013-01-01"><title-part><text>operated by fluid pressure</text></title-part></class-title></classification-item>
<classification-item breakdown-code="false" not-allocatable="false" level="9" additional-only="false" sort-key="B25C5/15" definition-exists="false" ipc-concordant="B25C5/15" c-set-base-allowed="false" c-set-subsequent-allowed="true" date-revised="2013-01-01" status="published"><classification-symbol>B25C5/15</classification-symbol><class-title date-revised="2013-01-01"><title-part><text>operated by electric power</text></title-part></class-title></classification-item></classification-item>
<classification-item breakdown-code="false" not-allocatable="false" level="8" additional-only="false" sort-key="B25C5/16" definition-exists="false" ipc-concordant="B25C5/16" c-set-base-allowed="false" c-set-subsequent-allowed="true" date-revised="2016-08-01" status="published"><classification-symbol>B25C5/16</classification-symbol><class-title date-revised="2016-08-01"><title-part><text>Staple-feeding devices </text><CPC-specific-text><text>, e.g. with feeding means, supports for staples or accessories concerning feeding devices</text></CPC-specific-text></title-part></class-title>
<classification-item breakdown-code="false" not-allocatable="false" level="9" additional-only="false" sort-key="B25C5/1603" definition-exists="false" ipc-concordant="B25C5/16" c-set-base-allowed="false" c-set-subsequent-allowed="true" date-revised="2013-01-01" status="published"><classification-symbol>B25C5/1603</classification-symbol><class-title date-revised="2013-01-01"><title-part><CPC-specific-text><text>for tools with provision for bending the ends of the staples or to the work</text></CPC-specific-text></title-part></class-title></classification-item>
<classification-item breakdown-code="false" not-allocatable="false" level="9" additional-only="false" sort-key="B25C5/1606" definition-exists="false" ipc-concordant="B25C5/16" c-set-base-allowed="false" c-set-subsequent-allowed="true" date-revised="2013-01-01" status="published"><classification-symbol>B25C5/1606</classification-symbol><class-title date-revised="2013-01-01"><title-part><CPC-specific-text><text>Feeding means</text></CPC-specific-text></title-part></class-title>
<classification-item breakdown-code="false" not-allocatable="false" level="10" additional-only="false" sort-key="B25C5/161" definition-exists="false" ipc-concordant="B25C5/16" c-set-base-allowed="false" c-set-subsequent-allowed="true" date-revised="2013-01-01" status="published"><classification-symbol>B25C5/161</classification-symbol><class-title date-revised="2013-01-01"><title-part><CPC-specific-text><text>employing a spring-loaded puller</text></CPC-specific-text></title-part></class-title>
<classification-item breakdown-code="false" not-allocatable="false" level="11" additional-only="false" sort-key="B25C5/1613" definition-exists="false" ipc-concordant="B25C5/16" c-set-base-allowed="false" c-set-subsequent-allowed="true" date-revised="2013-01-01" status="published"><classification-symbol>B25C5/1613</classification-symbol><class-title date-revised="2013-01-01"><title-part><CPC-specific-text><text>with means for holding puller out of position during re-loading</text></CPC-specific-text></title-part></class-title></classification-item></classification-item>
<classification-item breakdown-code="false" not-allocatable="false" level="10" additional-only="false" sort-key="B25C5/1617" definition-exists="false" ipc-concordant="B25C5/16" c-set-base-allowed="false" c-set-subsequent-allowed="true" date-revised="2013-01-01" status="published"><classification-symbol>B25C5/1617</classification-symbol><class-title date-revised="2013-01-01"><title-part><CPC-specific-text><text>employing a spring-loaded pusher</text></CPC-specific-text></title-part></class-title>
<classification-item breakdown-code="false" not-allocatable="false" level="11" additional-only="false" sort-key="B25C5/162" definition-exists="false" ipc-concordant="B25C5/16" c-set-base-allowed="false" c-set-subsequent-allowed="true" date-revised="2013-01-01" status="published"><classification-symbol>B25C5/162</classification-symbol><class-title date-revised="2013-01-01"><title-part><CPC-specific-text><text>with means for holding pusher out of position during re-loading</text></CPC-specific-text></title-part></class-title></classification-item></classification-item>
<classification-item breakdown-code="false" not-allocatable="false" level="10" additional-only="false" sort-key="B25C5/1624" definition-exists="false" ipc-concordant="B25C5/16" c-set-base-allowed="false" c-set-subsequent-allowed="true" date-revised="2013-01-01" status="published"><classification-symbol>B25C5/1624</classification-symbol><class-title date-revised="2013-01-01"><title-part><CPC-specific-text><text>employing mechanical feeding means </text><reference><text><class-ref scheme="cpc">B25C5/161</class-ref>, <class-ref scheme="cpc">B25C5/1617</class-ref> take precedence</text></reference></CPC-specific-text></title-part></class-title>
<classification-item breakdown-code="false" not-allocatable="false" level="11" additional-only="false" sort-key="B25C5/1627" definition-exists="false" ipc-concordant="B25C5/16" c-set-base-allowed="false" c-set-subsequent-allowed="true" date-revised="2013-01-01" status="published"><classification-symbol>B25C5/1627</classification-symbol><class-title date-revised="2013-01-01"><title-part><CPC-specific-text><text>of incremental type</text></CPC-specific-text></title-part></class-title></classification-item>
<classification-item breakdown-code="false" not-allocatable="false" level="11" additional-only="false" sort-key="B25C5/1631" definition-exists="false" ipc-concordant="B25C5/16" c-set-base-allowed="false" c-set-subsequent-allowed="true" date-revised="2013-01-01" status="published"><classification-symbol>B25C5/1631</classification-symbol><class-title date-revised="2013-01-01"><title-part><CPC-specific-text><text>for feeding a chosen number of staples to the drive channel</text></CPC-specific-text></title-part></class-title></classification-item></classification-item>
<classification-item breakdown-code="false" not-allocatable="false" level="10" additional-only="false" sort-key="B25C5/1634" definition-exists="false" ipc-concordant="B25C5/16" c-set-base-allowed="false" c-set-subsequent-allowed="true" date-revised="2013-01-01" status="published"><classification-symbol>B25C5/1634</classification-symbol><class-title date-revised="2013-01-01"><title-part><CPC-specific-text><text>employing gravity feed</text></CPC-specific-text></title-part></class-title></classification-item></classification-item>
<classification-item breakdown-code="false" not-allocatable="false" level="9" additional-only="false" sort-key="B25C5/1637" definition-exists="false" ipc-concordant="B25C5/16" c-set-base-allowed="false" c-set-subsequent-allowed="true" date-revised="2013-01-01" status="published"><classification-symbol>B25C5/1637</classification-symbol><class-title date-revised="2013-01-01"><title-part><CPC-specific-text><text>Supports for the staples being fed</text></CPC-specific-text></title-part></class-title>
<classification-item breakdown-code="false" not-allocatable="false" level="10" additional-only="false" sort-key="B25C5/1641" definition-exists="false" ipc-concordant="B25C5/16" c-set-base-allowed="false" c-set-subsequent-allowed="true" date-revised="2013-01-01" status="published"><classification-symbol>B25C5/1641</classification-symbol><class-title date-revised="2013-01-01"><title-part><CPC-specific-text><text>allowing the feeding of a variety of elements</text></CPC-specific-text></title-part></class-title>
<classification-item breakdown-code="false" not-allocatable="false" level="11" additional-only="false" sort-key="B25C5/1644" definition-exists="false" ipc-concordant="B25C5/16" c-set-base-allowed="false" c-set-subsequent-allowed="true" date-revised="2013-01-01" status="published"><classification-symbol>B25C5/1644</classification-symbol><class-title date-revised="2013-01-01"><title-part><CPC-specific-text><text>of different shapes</text></CPC-specific-text></title-part></class-title>
<classification-item breakdown-code="false" not-allocatable="false" level="12" additional-only="false" sort-key="B25C5/1648" definition-exists="false" ipc-concordant="B25C5/16" c-set-base-allowed="false" c-set-subsequent-allowed="true" date-revised="2013-01-01" status="published"><classification-symbol>B25C5/1648</classification-symbol><class-title date-revised="2013-01-01"><title-part><CPC-specific-text><text>by use or interchangeable supports</text></CPC-specific-text></title-part></class-title></classification-item>
<classification-item breakdown-code="false" not-allocatable="false" level="12" additional-only="false" sort-key="B25C5/1651" definition-exists="false" ipc-concordant="B25C5/16" c-set-base-allowed="false" c-set-subsequent-allowed="true" date-revised="2013-01-01" status="published"><classification-symbol>B25C5/1651</classification-symbol><class-title date-revised="2013-01-01"><title-part><CPC-specific-text><text>of T-shaped staples or nails</text></CPC-specific-text></title-part></class-title>
<classification-item breakdown-code="false" not-allocatable="false" level="13" additional-only="false" sort-key="B25C5/1655" definition-exists="false" ipc-concordant="B25C5/16" c-set-base-allowed="false" c-set-subsequent-allowed="true" date-revised="2013-01-01" status="published"><classification-symbol>B25C5/1655</classification-symbol><class-title date-revised="2013-01-01"><title-part><CPC-specific-text><text>by use of interchangeable supports</text></CPC-specific-text></title-part></class-title></classification-item></classification-item></classification-item>
<classification-item breakdown-code="false" not-allocatable="false" level="11" additional-only="false" sort-key="B25C5/1658" definition-exists="false" ipc-concordant="B25C5/16" c-set-base-allowed="false" c-set-subsequent-allowed="true" date-revised="2013-01-01" status="published"><classification-symbol>B25C5/1658</classification-symbol><class-title date-revised="2013-01-01"><title-part><CPC-specific-text><text>of different sizes of staples</text></CPC-specific-text></title-part></class-title>
<classification-item breakdown-code="false" not-allocatable="false" level="12" additional-only="false" sort-key="B25C5/1662" definition-exists="false" ipc-concordant="B25C5/16" c-set-base-allowed="false" c-set-subsequent-allowed="true" date-revised="2013-01-01" status="published"><classification-symbol>B25C5/1662</classification-symbol><class-title date-revised="2013-01-01"><title-part><CPC-specific-text><text>by use of interchangeable supports</text></CPC-specific-text></title-part></class-title></classification-item></classification-item></classification-item></classification-item>
<classification-item breakdown-code="false" not-allocatable="false" level="9" additional-only="false" sort-key="B25C5/1665" definition-exists="false" ipc-concordant="B25C5/16" c-set-base-allowed="false" c-set-subsequent-allowed="true" date-revised="2013-01-01" status="published"><classification-symbol>B25C5/1665</classification-symbol><class-title date-revised="2013-01-01"><title-part><CPC-specific-text><text>with means for preventing jamming or aiding unjamming within the drive channel</text></CPC-specific-text></title-part></class-title>
<classification-item breakdown-code="false" not-allocatable="false" level="10" additional-only="false" sort-key="B25C5/1668" definition-exists="false" ipc-concordant="B25C5/16" c-set-base-allowed="false" c-set-subsequent-allowed="true" date-revised="2013-01-01" status="published"><classification-symbol>B25C5/1668</classification-symbol><class-title date-revised="2013-01-01"><title-part><CPC-specific-text><text>preventing jamming by retaining the next staple</text></CPC-specific-text></title-part></class-title>
<classification-item breakdown-code="false" not-allocatable="false" level="11" additional-only="false" sort-key="B25C5/1672" definition-exists="false" ipc-concordant="B25C5/16" c-set-base-allowed="false" c-set-subsequent-allowed="true" date-revised="2013-01-01" status="published"><classification-symbol>B25C5/1672</classification-symbol><class-title date-revised="2013-01-01"><title-part><CPC-specific-text><text>for multiple-stroke driving</text></CPC-specific-text></title-part></class-title></classification-item></classification-item>
<classification-item breakdown-code="false" not-allocatable="false" level="10" additional-only="false" sort-key="B25C5/1675" definition-exists="false" ipc-concordant="B25C5/16" c-set-base-allowed="false" c-set-subsequent-allowed="true" date-revised="2013-01-01" status="published"><classification-symbol>B25C5/1675</classification-symbol><class-title date-revised="2013-01-01"><title-part><CPC-specific-text><text>unjamming by movement of the feeding device</text></CPC-specific-text></title-part></class-title></classification-item></classification-item>
<classification-item breakdown-code="false" not-allocatable="false" level="9" additional-only="false" sort-key="B25C5/1679" definition-exists="false" ipc-concordant="B25C5/16" c-set-base-allowed="false" c-set-subsequent-allowed="true" date-revised="2013-01-01" status="published"><classification-symbol>B25C5/1679</classification-symbol><class-title date-revised="2013-01-01"><title-part><CPC-specific-text><text>comprising storing arrangements for a plurality of staple strips</text></CPC-specific-text></title-part></class-title>
<classification-item breakdown-code="false" not-allocatable="false" level="10" additional-only="false" sort-key="B25C5/1682" definition-exists="false" ipc-concordant="B25C5/16" c-set-base-allowed="false" c-set-subsequent-allowed="true" date-revised="2013-01-01" status="published"><classification-symbol>B25C5/1682</classification-symbol><class-title date-revised="2013-01-01"><title-part><CPC-specific-text><text>on a rotating carousel</text></CPC-specific-text></title-part></class-title></classification-item></classification-item>
<classification-item breakdown-code="false" not-allocatable="false" level="9" additional-only="false" sort-key="B25C5/1686" definition-exists="false" ipc-concordant="B25C5/16" c-set-base-allowed="false" c-set-subsequent-allowed="true" date-revised="2013-01-01" status="published"><classification-symbol>B25C5/1686</classification-symbol><class-title date-revised="2013-01-01"><title-part><CPC-specific-text><text>using pre-loaded cassettes</text></CPC-specific-text></title-part></class-title></classification-item>
<classification-item breakdown-code="false" not-allocatable="false" level="9" additional-only="false" sort-key="B25C5/1689" definition-exists="false" ipc-concordant="B25C5/16" c-set-base-allowed="false" c-set-subsequent-allowed="true" date-revised="2013-01-01" status="published"><classification-symbol>B25C5/1689</classification-symbol><class-title date-revised="2013-01-01"><title-part><CPC-specific-text><text>with means for indicating the number of staples remaining</text></CPC-specific-text></title-part></class-title></classification-item>
<classification-item breakdown-code="false" not-allocatable="false" level="9" additional-only="false" sort-key="B25C5/1693" definition-exists="false" ipc-concordant="B25C5/16" c-set-base-allowed="false" c-set-subsequent-allowed="true" date-revised="2013-01-01" status="published"><classification-symbol>B25C5/1693</classification-symbol><class-title date-revised="2013-01-01"><title-part><CPC-specific-text><text>co-ordinating with the feed of a second item</text></CPC-specific-text></title-part></class-title></classification-item>
<classification-item breakdown-code="false" not-allocatable="false" level="9" additional-only="false" sort-key="B25C5/1696" definition-exists="false" ipc-concordant="B25C5/16" c-set-base-allowed="false" c-set-subsequent-allowed="true" date-revised="2013-01-01" status="published"><classification-symbol>B25C5/1696</classification-symbol><class-title date-revised="2013-01-01"><title-part><CPC-specific-text><text>Staple support displaceable relative to the tool to allow re-loading</text></CPC-specific-text></title-part></class-title></classification-item></classification-item></classification-item>
<classification-item breakdown-code="false" not-allocatable="false" level="7" additional-only="false" sort-key="B25C7/00" definition-exists="true" ipc-concordant="B25C7/00" c-set-base-allowed="false" c-set-subsequent-allowed="true" date-revised="2013-01-01" status="published"><classification-symbol>B25C7/00</classification-symbol><class-title date-revised="2013-01-01"><title-part><text>Accessories for nailing or stapling tools, e.g. supports </text><reference><text>for tools operated by detonation of a cartridge <class-ref scheme="cpc">B25C1/18</class-ref></text></reference></title-part></class-title></classification-item>
<classification-item breakdown-code="false" not-allocatable="false" level="7" additional-only="false" sort-key="B25C9/00" definition-exists="true" ipc-concordant="B25C9/00" c-set-base-allowed="false" c-set-subsequent-allowed="true" date-revised="2013-01-01" status="published"><classification-symbol>B25C9/00</classification-symbol><class-title date-revised="2013-01-01"><title-part><text>Nail punches</text></title-part></class-title></classification-item>
<classification-item breakdown-code="false" not-allocatable="false" level="7" additional-only="false" sort-key="B25C11/00" definition-exists="true" ipc-concordant="B25C11/00" c-set-base-allowed="false" c-set-subsequent-allowed="true" date-revised="2013-01-01" status="published"><classification-symbol>B25C11/00</classification-symbol><class-title date-revised="2013-01-01"><title-part><text>Nail, spike, and staple extractors </text><reference><text>incorporated in hammers <class-ref scheme="cpc">B25D1/00</class-ref></text></reference></title-part></class-title>
<classification-item breakdown-code="false" not-allocatable="false" level="8" additional-only="false" sort-key="B25C11/02" definition-exists="false" ipc-concordant="B25C11/02" c-set-base-allowed="false" c-set-subsequent-allowed="true" date-revised="2013-01-01" status="published"><classification-symbol>B25C11/02</classification-symbol><class-title date-revised="2013-01-01"><title-part><text>Pincers </text><reference><text>joints therefor <class-ref scheme="cpc">B25B7/06</class-ref></text></reference></title-part></class-title></classification-item></classification-item>
<classification-item breakdown-code="false" not-allocatable="false" level="7" additional-only="false" sort-key="B25C13/00" definition-exists="true" ipc-concordant="B25C13/00" c-set-base-allowed="false" c-set-subsequent-allowed="true" date-revised="2013-01-01" status="published"><classification-symbol>B25C13/00</classification-symbol><class-title date-revised="2013-01-01"><title-part><text>Nail straightening devices</text></title-part></class-title></classification-item></classification-item></classification-item></class-scheme>