<?xml version="1.0" encoding="UTF-8"?>
<class-scheme publication-date="2021-05-01" scheme-type="cpc" publication-type="official">
<classification-item breakdown-code="false" not-allocatable="true" level="5" additional-only="false" sort-key="C10J" definition-exists="true" date-revised="2018-08-01" status="published"><classification-symbol>C10J</classification-symbol><class-title date-revised="2013-01-01"><title-part><text>PRODUCTION OF PRODUCER GAS, WATER-GAS, SYNTHESIS GAS FROM SOLID CARBONACEOUS MATERIAL, OR MIXTURES CONTAINING THESE GASES </text><reference><text>synthesis gas from liquid or gaseous hydrocarbons <class-ref scheme="cpc">C01B</class-ref>; underground gasification of minerals <class-ref scheme="cpc">E21B43/295</class-ref></text></reference></title-part><title-part><text>CARBURETTING AIR OR OTHER GASES</text></title-part></class-title><notes-and-warnings><note type="warning"><note-paragraph>In this subclass non-limiting references (in the sense of paragraph 39 of the Guide to the IPC) may still be displayed in the scheme.</note-paragraph></note></notes-and-warnings>
<classification-item breakdown-code="false" not-allocatable="true" level="6" additional-only="false" sort-key="C10J1/00" date-revised="2013-01-01" status="published"><classification-symbol>C10J1/00</classification-symbol>
<classification-item breakdown-code="false" not-allocatable="false" level="7" additional-only="false" sort-key="C10J1/00" definition-exists="true" ipc-concordant="C10J1/00" c-set-base-allowed="false" c-set-subsequent-allowed="true" date-revised="2013-01-01" status="published"><classification-symbol>C10J1/00</classification-symbol><class-title date-revised="2013-01-01"><title-part><text>Production of fuel gases by carburetting air or other gases without pyrolysis </text><reference><text>for internal-combustion engines <class-ref scheme="cpc">F02</class-ref></text></reference></title-part></class-title>
<classification-item breakdown-code="false" not-allocatable="false" level="8" additional-only="false" sort-key="C10J1/02" definition-exists="false" ipc-concordant="C10J1/02" c-set-base-allowed="false" c-set-subsequent-allowed="true" date-revised="2013-01-01" status="published"><classification-symbol>C10J1/02</classification-symbol><class-title date-revised="2013-01-01"><title-part><text>Carburetting air</text></title-part></class-title>
<classification-item breakdown-code="false" not-allocatable="false" level="9" additional-only="false" sort-key="C10J1/04" definition-exists="false" ipc-concordant="C10J1/04" c-set-base-allowed="false" c-set-subsequent-allowed="true" date-revised="2013-01-01" status="published"><classification-symbol>C10J1/04</classification-symbol><class-title date-revised="2013-01-01"><title-part><text>Controlling supply of air</text></title-part></class-title></classification-item>
<classification-item breakdown-code="false" not-allocatable="false" level="9" additional-only="false" sort-key="C10J1/06" definition-exists="false" ipc-concordant="C10J1/06" c-set-base-allowed="false" c-set-subsequent-allowed="true" date-revised="2013-01-01" status="published"><classification-symbol>C10J1/06</classification-symbol><class-title date-revised="2013-01-01"><title-part><text>with materials which are liquid at ordinary temperatures</text></title-part></class-title>
<classification-item breakdown-code="false" not-allocatable="false" level="10" additional-only="false" sort-key="C10J1/08" definition-exists="false" ipc-concordant="C10J1/08" c-set-base-allowed="false" c-set-subsequent-allowed="true" date-revised="2013-01-01" status="published"><classification-symbol>C10J1/08</classification-symbol><class-title date-revised="2013-01-01"><title-part><text>by passage of air through or over the surface of the liquid</text></title-part></class-title>
<classification-item breakdown-code="false" not-allocatable="false" level="11" additional-only="false" sort-key="C10J1/10" definition-exists="false" ipc-concordant="C10J1/10" c-set-base-allowed="false" c-set-subsequent-allowed="true" date-revised="2013-01-01" status="published"><classification-symbol>C10J1/10</classification-symbol><class-title date-revised="2013-01-01"><title-part><text>with the liquid absorbed on carriers</text></title-part></class-title></classification-item></classification-item>
<classification-item breakdown-code="false" not-allocatable="false" level="10" additional-only="false" sort-key="C10J1/12" definition-exists="false" ipc-concordant="C10J1/12" c-set-base-allowed="false" c-set-subsequent-allowed="true" date-revised="2013-01-01" status="published"><classification-symbol>C10J1/12</classification-symbol><class-title date-revised="2013-01-01"><title-part><text>by atomisation of the liquid</text></title-part></class-title></classification-item>
<classification-item breakdown-code="false" not-allocatable="false" level="10" additional-only="false" sort-key="C10J1/14" definition-exists="false" ipc-concordant="C10J1/14" c-set-base-allowed="false" c-set-subsequent-allowed="true" date-revised="2013-01-01" status="published"><classification-symbol>C10J1/14</classification-symbol><class-title date-revised="2013-01-01"><title-part><text>Controlling the supply of liquid in accordance with the air supply</text></title-part></class-title></classification-item></classification-item>
<classification-item breakdown-code="false" not-allocatable="false" level="9" additional-only="false" sort-key="C10J1/16" definition-exists="false" ipc-concordant="C10J1/16" c-set-base-allowed="false" c-set-subsequent-allowed="true" date-revised="2013-01-01" status="published"><classification-symbol>C10J1/16</classification-symbol><class-title date-revised="2013-01-01"><title-part><text>with solid hydrocarbons</text></title-part></class-title></classification-item>
<classification-item breakdown-code="false" not-allocatable="false" level="9" additional-only="false" sort-key="C10J1/18" definition-exists="false" ipc-concordant="C10J1/18" c-set-base-allowed="false" c-set-subsequent-allowed="true" date-revised="2013-01-01" status="published"><classification-symbol>C10J1/18</classification-symbol><class-title date-revised="2013-01-01"><title-part><text>in rotary carburettors</text></title-part></class-title></classification-item></classification-item>
<classification-item breakdown-code="false" not-allocatable="false" level="8" additional-only="false" sort-key="C10J1/20" definition-exists="false" ipc-concordant="C10J1/20" c-set-base-allowed="false" c-set-subsequent-allowed="true" date-revised="2013-01-01" status="published"><classification-symbol>C10J1/20</classification-symbol><class-title date-revised="2013-01-01"><title-part><text>Carburetting gases other than air</text></title-part></class-title></classification-item>
<classification-item breakdown-code="false" not-allocatable="false" level="8" additional-only="false" sort-key="C10J1/207" definition-exists="false" ipc-concordant="C10J1/207" c-set-base-allowed="false" c-set-subsequent-allowed="true" date-revised="2013-01-01" status="published"><classification-symbol>C10J1/207</classification-symbol><class-title date-revised="2013-01-01"><title-part><text>Carburetting by pyrolysis of solid carbonaceous material in a fuel bed </text><reference><text><class-ref scheme="cpc">C10J3/66</class-ref> takes precedence</text></reference></title-part></class-title></classification-item>
<classification-item breakdown-code="false" not-allocatable="false" level="8" additional-only="false" sort-key="C10J1/213" definition-exists="false" ipc-concordant="C10J1/213" c-set-base-allowed="false" c-set-subsequent-allowed="true" date-revised="2013-01-01" status="published"><classification-symbol>C10J1/213</classification-symbol><class-title date-revised="2013-01-01"><title-part><text>Carburetting by pyrolysis of solid carbonaceous material in a carburettor</text></title-part></class-title></classification-item>
<classification-item breakdown-code="false" not-allocatable="false" level="8" additional-only="false" sort-key="C10J1/22" definition-exists="false" ipc-concordant="C10J1/22" c-set-base-allowed="false" c-set-subsequent-allowed="true" date-revised="2013-01-01" status="published"><classification-symbol>C10J1/22</classification-symbol><class-title date-revised="2013-01-01"><title-part><text>Adding materials to prevent vapour deposition</text></title-part></class-title></classification-item>
<classification-item breakdown-code="false" not-allocatable="false" level="8" additional-only="false" sort-key="C10J1/24" definition-exists="false" ipc-concordant="C10J1/24" c-set-base-allowed="false" c-set-subsequent-allowed="true" date-revised="2013-01-01" status="published"><classification-symbol>C10J1/24</classification-symbol><class-title date-revised="2013-01-01"><title-part><text>Controlling humidity of the air or gas to be carburetted</text></title-part></class-title></classification-item>
<classification-item breakdown-code="false" not-allocatable="false" level="8" additional-only="false" sort-key="C10J1/26" definition-exists="false" ipc-concordant="C10J1/26" c-set-base-allowed="false" c-set-subsequent-allowed="true" date-revised="2013-01-01" status="published"><classification-symbol>C10J1/26</classification-symbol><class-title date-revised="2013-01-01"><title-part><text>using raised temperatures or pressures</text></title-part></class-title></classification-item>
<classification-item breakdown-code="false" not-allocatable="false" level="8" additional-only="false" sort-key="C10J1/28" definition-exists="false" ipc-concordant="C10J1/28" c-set-base-allowed="false" c-set-subsequent-allowed="true" date-revised="2013-01-01" status="published"><classification-symbol>C10J1/28</classification-symbol><class-title date-revised="2013-01-01"><title-part><text>Odorising air gas</text></title-part></class-title></classification-item></classification-item>
<classification-item breakdown-code="false" not-allocatable="false" level="7" additional-only="false" sort-key="C10J3/00" definition-exists="true" ipc-concordant="C10J3/00" c-set-base-allowed="false" c-set-subsequent-allowed="true" date-revised="2013-01-01" status="published"><classification-symbol>C10J3/00</classification-symbol><class-title date-revised="2013-01-01"><title-part><text>Production of combustible gases containing carbon monoxide from solid carbonaceous fuels </text><reference><text>destructive distillation processes <class-ref scheme="cpc">C10B</class-ref></text></reference></title-part></class-title>
<classification-item breakdown-code="false" not-allocatable="false" level="8" additional-only="false" sort-key="C10J3/002" definition-exists="false" ipc-concordant="C10J3/00" c-set-base-allowed="false" c-set-subsequent-allowed="true" date-revised="2013-01-01" status="published"><classification-symbol>C10J3/002</classification-symbol><class-title date-revised="2013-01-01"><title-part><CPC-specific-text><text>Horizontal gasifiers, e.g. belt-type gasifiers</text></CPC-specific-text></title-part></class-title></classification-item>
<classification-item breakdown-code="false" not-allocatable="false" level="8" additional-only="false" sort-key="C10J3/005" definition-exists="false" ipc-concordant="C10J3/00" c-set-base-allowed="false" c-set-subsequent-allowed="true" date-revised="2013-01-01" status="published"><classification-symbol>C10J3/005</classification-symbol><class-title date-revised="2013-01-01"><title-part><CPC-specific-text><text>Rotary drum or kiln gasifiers</text></CPC-specific-text></title-part></class-title></classification-item>
<classification-item breakdown-code="false" not-allocatable="false" level="8" additional-only="false" sort-key="C10J3/007" definition-exists="false" ipc-concordant="C10J3/00" c-set-base-allowed="false" c-set-subsequent-allowed="true" date-revised="2013-01-01" status="published"><classification-symbol>C10J3/007</classification-symbol><class-title date-revised="2013-01-01"><title-part><CPC-specific-text><text>Screw type gasifiers</text></CPC-specific-text></title-part></class-title></classification-item>
<classification-item breakdown-code="false" not-allocatable="false" level="8" additional-only="false" sort-key="C10J3/02" definition-exists="true" ipc-concordant="C10J3/02" c-set-base-allowed="false" c-set-subsequent-allowed="true" date-revised="2013-01-01" status="published"><classification-symbol>C10J3/02</classification-symbol><class-title date-revised="2013-01-01"><title-part><text>Fixed-bed gasification of lump fuel</text></title-part></class-title>
<classification-item breakdown-code="false" not-allocatable="false" level="9" additional-only="false" sort-key="C10J3/04" definition-exists="false" ipc-concordant="C10J3/04" c-set-base-allowed="false" c-set-subsequent-allowed="true" date-revised="2013-01-01" status="published"><classification-symbol>C10J3/04</classification-symbol><class-title date-revised="2013-01-01"><title-part><text>Cyclic processes, e.g. alternate blast and run</text></title-part></class-title></classification-item>
<classification-item breakdown-code="false" not-allocatable="false" level="9" additional-only="false" sort-key="C10J3/06" definition-exists="false" ipc-concordant="C10J3/06" c-set-base-allowed="false" c-set-subsequent-allowed="true" date-revised="2013-01-01" status="published"><classification-symbol>C10J3/06</classification-symbol><class-title date-revised="2013-01-01"><title-part><text>Continuous processes</text></title-part></class-title>
<classification-item breakdown-code="false" not-allocatable="false" level="10" additional-only="false" sort-key="C10J3/08" definition-exists="false" ipc-concordant="C10J3/08" c-set-base-allowed="false" c-set-subsequent-allowed="true" date-revised="2013-01-01" status="published"><classification-symbol>C10J3/08</classification-symbol><class-title date-revised="2013-01-01"><title-part><text>with ash-removal in liquid state</text></title-part></class-title></classification-item>
<classification-item breakdown-code="false" not-allocatable="false" level="10" additional-only="false" sort-key="C10J3/10" definition-exists="false" ipc-concordant="C10J3/10" c-set-base-allowed="false" c-set-subsequent-allowed="true" date-revised="2013-01-01" status="published"><classification-symbol>C10J3/10</classification-symbol><class-title date-revised="2013-01-01"><title-part><text>using external heating</text></title-part></class-title></classification-item>
<classification-item breakdown-code="false" not-allocatable="false" level="10" additional-only="false" sort-key="C10J3/12" definition-exists="false" ipc-concordant="C10J3/12" c-set-base-allowed="false" c-set-subsequent-allowed="true" date-revised="2013-01-01" status="published"><classification-symbol>C10J3/12</classification-symbol><class-title date-revised="2013-01-01"><title-part><text>using solid heat-carriers</text></title-part></class-title></classification-item>
<classification-item breakdown-code="false" not-allocatable="false" level="10" additional-only="false" sort-key="C10J3/14" definition-exists="false" ipc-concordant="C10J3/14" c-set-base-allowed="false" c-set-subsequent-allowed="true" date-revised="2013-01-01" status="published"><classification-symbol>C10J3/14</classification-symbol><class-title date-revised="2013-01-01"><title-part><text>using gaseous heat-carriers</text></title-part></class-title></classification-item>
<classification-item breakdown-code="false" not-allocatable="false" level="10" additional-only="false" sort-key="C10J3/16" definition-exists="false" ipc-concordant="C10J3/16" c-set-base-allowed="false" c-set-subsequent-allowed="true" date-revised="2013-01-01" status="published"><classification-symbol>C10J3/16</classification-symbol><class-title date-revised="2013-01-01"><title-part><text>simultaneously reacting oxygen and water with the carbonaceous material</text></title-part></class-title></classification-item>
<classification-item breakdown-code="false" not-allocatable="false" level="10" additional-only="false" sort-key="C10J3/18" definition-exists="false" ipc-concordant="C10J3/18" c-set-base-allowed="false" c-set-subsequent-allowed="true" date-revised="2013-01-01" status="published"><classification-symbol>C10J3/18</classification-symbol><class-title date-revised="2013-01-01"><title-part><text>using electricity</text></title-part></class-title></classification-item></classification-item>
<classification-item breakdown-code="false" not-allocatable="false" level="9" additional-only="false" sort-key="C10J3/20" definition-exists="false" ipc-concordant="C10J3/20" c-set-base-allowed="false" c-set-subsequent-allowed="true" date-revised="2017-08-01" status="published"><classification-symbol>C10J3/20</classification-symbol><class-title date-revised="2017-08-01"><title-part><text>Apparatus</text></title-part><title-part><text>Plants</text></title-part></class-title>
<classification-item breakdown-code="false" not-allocatable="false" level="10" additional-only="false" sort-key="C10J3/22" definition-exists="false" ipc-concordant="C10J3/22" c-set-base-allowed="false" c-set-subsequent-allowed="true" date-revised="2017-08-01" status="published"><classification-symbol>C10J3/22</classification-symbol><class-title date-revised="2017-08-01"><title-part><text>Arrangements or dispositions of valves or flues</text></title-part></class-title>
<classification-item breakdown-code="false" not-allocatable="false" level="11" additional-only="false" sort-key="C10J3/24" definition-exists="false" ipc-concordant="C10J3/24" c-set-base-allowed="false" c-set-subsequent-allowed="true" date-revised="2013-01-01" status="published"><classification-symbol>C10J3/24</classification-symbol><class-title date-revised="2013-01-01"><title-part><text>to permit flow of gases or vapours other than upwardly through the fuel bed</text></title-part></class-title>
<classification-item breakdown-code="false" not-allocatable="false" level="12" additional-only="false" sort-key="C10J3/26" definition-exists="false" ipc-concordant="C10J3/26" c-set-base-allowed="false" c-set-subsequent-allowed="true" date-revised="2013-01-01" status="published"><classification-symbol>C10J3/26</classification-symbol><class-title date-revised="2013-01-01"><title-part><text>downwardly</text></title-part></class-title></classification-item></classification-item>
<classification-item breakdown-code="false" not-allocatable="false" level="11" additional-only="false" sort-key="C10J3/28" definition-exists="false" ipc-concordant="C10J3/28" c-set-base-allowed="false" c-set-subsequent-allowed="true" date-revised="2013-01-01" status="published"><classification-symbol>C10J3/28</classification-symbol><class-title date-revised="2013-01-01"><title-part><text>fully automatic</text></title-part></class-title></classification-item></classification-item>
<classification-item breakdown-code="false" not-allocatable="false" level="10" additional-only="false" sort-key="C10J3/30" definition-exists="true" ipc-concordant="C10J3/30" c-set-base-allowed="false" c-set-subsequent-allowed="true" date-revised="2013-01-01" status="published"><classification-symbol>C10J3/30</classification-symbol><class-title date-revised="2013-01-01"><title-part><text>Fuel charging devices</text></title-part></class-title></classification-item>
<classification-item breakdown-code="false" not-allocatable="false" level="10" additional-only="false" sort-key="C10J3/32" definition-exists="false" ipc-concordant="C10J3/32" c-set-base-allowed="false" c-set-subsequent-allowed="true" date-revised="2013-01-01" status="published"><classification-symbol>C10J3/32</classification-symbol><class-title date-revised="2013-01-01"><title-part><text>Devices for distributing fuel evenly over the bed or for stirring up the fuel bed</text></title-part></class-title></classification-item>
<classification-item breakdown-code="false" not-allocatable="false" level="10" additional-only="false" sort-key="C10J3/34" definition-exists="true" ipc-concordant="C10J3/34" c-set-base-allowed="false" c-set-subsequent-allowed="true" date-revised="2013-01-01" status="published"><classification-symbol>C10J3/34</classification-symbol><class-title date-revised="2013-01-01"><title-part><text>Grates</text></title-part><title-part><text>Mechanical ash-removing devices</text></title-part></class-title>
<classification-item breakdown-code="false" not-allocatable="false" level="11" additional-only="false" sort-key="C10J3/36" definition-exists="false" ipc-concordant="C10J3/36" c-set-base-allowed="false" c-set-subsequent-allowed="true" date-revised="2013-01-01" status="published"><classification-symbol>C10J3/36</classification-symbol><class-title date-revised="2013-01-01"><title-part><text>Fixed grates</text></title-part></class-title>
<classification-item breakdown-code="false" not-allocatable="false" level="12" additional-only="false" sort-key="C10J3/38" definition-exists="false" ipc-concordant="C10J3/38" c-set-base-allowed="false" c-set-subsequent-allowed="true" date-revised="2013-01-01" status="published"><classification-symbol>C10J3/38</classification-symbol><class-title date-revised="2013-01-01"><title-part><text>with stirring beams</text></title-part></class-title></classification-item></classification-item>
<classification-item breakdown-code="false" not-allocatable="false" level="11" additional-only="false" sort-key="C10J3/40" definition-exists="false" ipc-concordant="C10J3/40" c-set-base-allowed="false" c-set-subsequent-allowed="true" date-revised="2013-01-01" status="published"><classification-symbol>C10J3/40</classification-symbol><class-title date-revised="2013-01-01"><title-part><text>Movable grates</text></title-part></class-title>
<classification-item breakdown-code="false" not-allocatable="false" level="12" additional-only="false" sort-key="C10J3/42" definition-exists="false" ipc-concordant="C10J3/42" c-set-base-allowed="false" c-set-subsequent-allowed="true" date-revised="2013-01-01" status="published"><classification-symbol>C10J3/42</classification-symbol><class-title date-revised="2013-01-01"><title-part><text>Rotary grates</text></title-part></class-title></classification-item></classification-item></classification-item>
<classification-item breakdown-code="false" not-allocatable="false" level="10" additional-only="false" sort-key="C10J3/44" definition-exists="true" ipc-concordant="C10J3/44" c-set-base-allowed="false" c-set-subsequent-allowed="true" date-revised="2013-01-01" status="published"><classification-symbol>C10J3/44</classification-symbol><class-title date-revised="2013-01-01"><title-part><text>adapted for use on vehicles</text></title-part></class-title></classification-item></classification-item></classification-item>
<classification-item breakdown-code="false" not-allocatable="false" level="8" additional-only="false" sort-key="C10J3/46" definition-exists="false" ipc-concordant="C10J3/46" c-set-base-allowed="false" c-set-subsequent-allowed="true" date-revised="2020-05-01" status="published"><classification-symbol>C10J3/46</classification-symbol><class-title date-revised="2013-01-01"><title-part><text>Gasification of granular or pulverulent flues in suspension</text></title-part></class-title>
<classification-item breakdown-code="false" not-allocatable="false" level="9" additional-only="false" sort-key="C10J3/463" definition-exists="true" ipc-concordant="C10J3/46" c-set-base-allowed="false" c-set-subsequent-allowed="true" date-revised="2013-01-01" status="published"><classification-symbol>C10J3/463</classification-symbol><class-title date-revised="2013-01-01"><title-part><CPC-specific-text><text>in stationary fluidised beds</text></CPC-specific-text></title-part></class-title></classification-item>
<classification-item breakdown-code="false" not-allocatable="false" level="9" additional-only="false" sort-key="C10J3/466" definition-exists="true" ipc-concordant="C10J3/46" c-set-base-allowed="false" c-set-subsequent-allowed="true" date-revised="2013-01-01" status="published"><classification-symbol>C10J3/466</classification-symbol><class-title date-revised="2013-01-01"><title-part><CPC-specific-text><text>Entrained flow processes</text></CPC-specific-text></title-part></class-title></classification-item>
<classification-item breakdown-code="false" not-allocatable="false" level="9" additional-only="false" sort-key="C10J3/48" definition-exists="false" ipc-concordant="C10J3/48" c-set-base-allowed="false" c-set-subsequent-allowed="true" date-revised="2017-08-01" status="published"><classification-symbol>C10J3/48</classification-symbol><class-title date-revised="2017-08-01"><title-part><text>Apparatus</text></title-part><title-part><text>Plants</text></title-part></class-title>
<classification-item breakdown-code="false" not-allocatable="false" level="10" additional-only="false" sort-key="C10J3/482" definition-exists="true" ipc-concordant="C10J3/48" c-set-base-allowed="false" c-set-subsequent-allowed="true" date-revised="2013-01-01" status="published"><classification-symbol>C10J3/482</classification-symbol><class-title date-revised="2013-01-01"><title-part><CPC-specific-text><text>Gasifiers with stationary fluidised bed</text></CPC-specific-text></title-part></class-title></classification-item>
<classification-item breakdown-code="false" not-allocatable="false" level="10" additional-only="false" sort-key="C10J3/485" definition-exists="false" ipc-concordant="C10J3/48" c-set-base-allowed="false" c-set-subsequent-allowed="true" date-revised="2013-01-01" status="published"><classification-symbol>C10J3/485</classification-symbol><class-title date-revised="2013-01-01"><title-part><CPC-specific-text><text>Entrained flow gasifiers</text></CPC-specific-text></title-part></class-title>
<classification-item breakdown-code="false" not-allocatable="false" level="11" additional-only="false" sort-key="C10J3/487" definition-exists="false" ipc-concordant="C10J3/48" c-set-base-allowed="false" c-set-subsequent-allowed="true" date-revised="2013-01-01" status="published"><classification-symbol>C10J3/487</classification-symbol><class-title date-revised="2013-01-01"><title-part><CPC-specific-text><text>Swirling or cyclonic gasifiers</text></CPC-specific-text></title-part></class-title></classification-item></classification-item>
<classification-item breakdown-code="false" not-allocatable="false" level="10" additional-only="false" sort-key="C10J3/50" definition-exists="true" ipc-concordant="C10J3/50" c-set-base-allowed="false" c-set-subsequent-allowed="true" date-revised="2013-01-01" status="published"><classification-symbol>C10J3/50</classification-symbol><class-title date-revised="2013-01-01"><title-part><text>Fuel charging devices</text></title-part></class-title>
<classification-item breakdown-code="false" not-allocatable="false" level="11" additional-only="false" sort-key="C10J3/503" definition-exists="false" ipc-concordant="C10J3/50" c-set-base-allowed="false" c-set-subsequent-allowed="true" date-revised="2013-01-01" status="published"><classification-symbol>C10J3/503</classification-symbol><class-title date-revised="2013-01-01"><title-part><CPC-specific-text><text>for gasifiers with stationary fluidised bed</text></CPC-specific-text></title-part></class-title></classification-item>
<classification-item breakdown-code="false" not-allocatable="false" level="11" additional-only="false" sort-key="C10J3/506" definition-exists="false" ipc-concordant="C10J3/50" c-set-base-allowed="false" c-set-subsequent-allowed="true" date-revised="2013-01-01" status="published"><classification-symbol>C10J3/506</classification-symbol><class-title date-revised="2013-01-01"><title-part><CPC-specific-text><text>for entrained flow gasifiers</text></CPC-specific-text></title-part></class-title></classification-item></classification-item>
<classification-item breakdown-code="false" not-allocatable="false" level="10" additional-only="false" sort-key="C10J3/52" definition-exists="true" ipc-concordant="C10J3/52" c-set-base-allowed="false" c-set-subsequent-allowed="true" date-revised="2013-01-01" status="published"><classification-symbol>C10J3/52</classification-symbol><class-title date-revised="2013-01-01"><title-part><text>Ash-removing devices</text></title-part></class-title>
<classification-item breakdown-code="false" not-allocatable="false" level="11" additional-only="false" sort-key="C10J3/523" definition-exists="false" ipc-concordant="C10J3/52" c-set-base-allowed="false" c-set-subsequent-allowed="true" date-revised="2013-01-01" status="published"><classification-symbol>C10J3/523</classification-symbol><class-title date-revised="2013-01-01"><title-part><CPC-specific-text><text>for gasifiers with stationary fluidised bed</text></CPC-specific-text></title-part></class-title></classification-item>
<classification-item breakdown-code="false" not-allocatable="false" level="11" additional-only="false" sort-key="C10J3/526" definition-exists="false" ipc-concordant="C10J3/52" c-set-base-allowed="false" c-set-subsequent-allowed="true" date-revised="2013-01-01" status="published"><classification-symbol>C10J3/526</classification-symbol><class-title date-revised="2013-01-01"><title-part><CPC-specific-text><text>for entrained flow gasifiers</text></CPC-specific-text></title-part></class-title></classification-item></classification-item></classification-item>
<classification-item breakdown-code="false" not-allocatable="false" level="9" additional-only="false" sort-key="C10J3/54" definition-exists="true" ipc-concordant="C10J3/54" c-set-base-allowed="false" c-set-subsequent-allowed="true" date-revised="2013-01-01" status="published"><classification-symbol>C10J3/54</classification-symbol><class-title date-revised="2013-01-01"><title-part><text>Gasification of granular or pulverulent fuels by the Winkler technique, i.e. by fluidisation</text></title-part></class-title>
<classification-item breakdown-code="false" not-allocatable="false" level="10" additional-only="false" sort-key="C10J3/56" definition-exists="false" ipc-concordant="C10J3/56" c-set-base-allowed="false" c-set-subsequent-allowed="true" date-revised="2017-08-01" status="published"><classification-symbol>C10J3/56</classification-symbol><class-title date-revised="2017-08-01"><title-part><text>Apparatus</text></title-part><title-part><text>Plants</text></title-part></class-title></classification-item></classification-item></classification-item>
<classification-item breakdown-code="false" not-allocatable="false" level="8" additional-only="false" sort-key="C10J3/57" definition-exists="true" ipc-concordant="C10J3/57" c-set-base-allowed="false" c-set-subsequent-allowed="true" date-revised="2013-01-01" status="published"><classification-symbol>C10J3/57</classification-symbol><class-title date-revised="2013-01-01"><title-part><text>Gasification using molten salts or metals </text><reference><text><class-ref scheme="cpc">C10J3/02</class-ref>, <class-ref scheme="cpc">C10J3/46</class-ref> take precedence</text></reference></title-part></class-title></classification-item>
<classification-item breakdown-code="false" not-allocatable="false" level="8" additional-only="false" sort-key="C10J3/58" definition-exists="true" ipc-concordant="C10J3/58" c-set-base-allowed="false" c-set-subsequent-allowed="true" date-revised="2013-01-01" status="published"><classification-symbol>C10J3/58</classification-symbol><class-title date-revised="2013-01-01"><title-part><text>combined with pre-distillation of the fuel</text></title-part></class-title>
<classification-item breakdown-code="false" not-allocatable="false" level="9" additional-only="false" sort-key="C10J3/60" definition-exists="false" ipc-concordant="C10J3/60" c-set-base-allowed="false" c-set-subsequent-allowed="true" date-revised="2013-01-01" status="published"><classification-symbol>C10J3/60</classification-symbol><class-title date-revised="2013-01-01"><title-part><text>Processes</text></title-part></class-title>
<classification-item breakdown-code="false" not-allocatable="false" level="10" additional-only="false" sort-key="C10J3/62" definition-exists="true" ipc-concordant="C10J3/62" c-set-base-allowed="false" c-set-subsequent-allowed="true" date-revised="2013-01-01" status="published"><classification-symbol>C10J3/62</classification-symbol><class-title date-revised="2013-01-01"><title-part><text>with separate withdrawal of the distillation products</text></title-part></class-title></classification-item>
<classification-item breakdown-code="false" not-allocatable="false" level="10" additional-only="false" sort-key="C10J3/64" definition-exists="true" ipc-concordant="C10J3/64" c-set-base-allowed="false" c-set-subsequent-allowed="true" date-revised="2013-01-01" status="published"><classification-symbol>C10J3/64</classification-symbol><class-title date-revised="2013-01-01"><title-part><text>with decomposition of the distillation products</text></title-part></class-title>
<classification-item breakdown-code="false" not-allocatable="false" level="11" additional-only="false" sort-key="C10J3/66" definition-exists="true" ipc-concordant="C10J3/66" c-set-base-allowed="false" c-set-subsequent-allowed="true" date-revised="2013-01-01" status="published"><classification-symbol>C10J3/66</classification-symbol><class-title date-revised="2013-01-01"><title-part><text>by introducing them into the gasification zone</text></title-part></class-title></classification-item></classification-item></classification-item></classification-item>
<classification-item breakdown-code="false" not-allocatable="false" level="8" additional-only="false" sort-key="C10J3/72" definition-exists="false" ipc-concordant="C10J3/72" c-set-base-allowed="false" c-set-subsequent-allowed="true" date-revised="2013-01-01" status="published"><classification-symbol>C10J3/72</classification-symbol><class-title date-revised="2013-01-01"><title-part><text>Other features</text></title-part></class-title>
<classification-item breakdown-code="false" not-allocatable="false" level="9" additional-only="false" sort-key="C10J3/721" definition-exists="false" ipc-concordant="C10J3/72" c-set-base-allowed="false" c-set-subsequent-allowed="true" date-revised="2013-01-01" status="published"><classification-symbol>C10J3/721</classification-symbol><class-title date-revised="2013-01-01"><title-part><CPC-specific-text><text>Multistage gasification, e.g. plural parallel or serial gasification stages</text></CPC-specific-text></title-part></class-title></classification-item>
<classification-item breakdown-code="false" not-allocatable="false" level="9" additional-only="false" sort-key="C10J3/723" definition-exists="false" ipc-concordant="C10J3/72" c-set-base-allowed="false" c-set-subsequent-allowed="true" date-revised="2013-01-01" status="published"><classification-symbol>C10J3/723</classification-symbol><class-title date-revised="2013-01-01"><title-part><CPC-specific-text><text>Controlling or regulating the gasification process</text></CPC-specific-text></title-part></class-title></classification-item>
<classification-item breakdown-code="false" not-allocatable="false" level="9" additional-only="false" sort-key="C10J3/725" definition-exists="false" ipc-concordant="C10J3/72" c-set-base-allowed="false" c-set-subsequent-allowed="true" date-revised="2013-01-01" status="published"><classification-symbol>C10J3/725</classification-symbol><class-title date-revised="2013-01-01"><title-part><CPC-specific-text><text>Redox processes</text></CPC-specific-text></title-part></class-title></classification-item>
<classification-item breakdown-code="false" not-allocatable="false" level="9" additional-only="false" sort-key="C10J3/726" definition-exists="false" ipc-concordant="C10J3/72" c-set-base-allowed="false" c-set-subsequent-allowed="true" date-revised="2013-01-01" status="published"><classification-symbol>C10J3/726</classification-symbol><class-title date-revised="2013-01-01"><title-part><CPC-specific-text><text>Start-up</text></CPC-specific-text></title-part></class-title></classification-item>
<classification-item breakdown-code="false" not-allocatable="false" level="9" additional-only="false" sort-key="C10J3/728" definition-exists="false" ipc-concordant="C10J3/72" c-set-base-allowed="false" c-set-subsequent-allowed="true" date-revised="2013-01-01" status="published"><classification-symbol>C10J3/728</classification-symbol><class-title date-revised="2013-01-01"><title-part><CPC-specific-text><text>Shut down</text></CPC-specific-text></title-part></class-title></classification-item>
<classification-item breakdown-code="false" not-allocatable="false" level="9" additional-only="false" sort-key="C10J3/74" definition-exists="false" ipc-concordant="C10J3/74" c-set-base-allowed="false" c-set-subsequent-allowed="true" date-revised="2013-01-01" status="published"><classification-symbol>C10J3/74</classification-symbol><class-title date-revised="2013-01-01"><title-part><text>Construction of shells or jackets</text></title-part></class-title>
<classification-item breakdown-code="false" not-allocatable="false" level="10" additional-only="false" sort-key="C10J3/76" definition-exists="true" ipc-concordant="C10J3/76" c-set-base-allowed="false" c-set-subsequent-allowed="true" date-revised="2013-01-01" status="published"><classification-symbol>C10J3/76</classification-symbol><class-title date-revised="2013-01-01"><title-part><text>Water jackets</text></title-part><title-part><text>Steam boiler-jackets</text></title-part></class-title></classification-item></classification-item>
<classification-item breakdown-code="false" not-allocatable="false" level="9" additional-only="false" sort-key="C10J3/78" definition-exists="true" ipc-concordant="C10J3/78" c-set-base-allowed="false" c-set-subsequent-allowed="true" date-revised="2013-01-01" status="published"><classification-symbol>C10J3/78</classification-symbol><class-title date-revised="2013-01-01"><title-part><text>High-pressure apparatus</text></title-part></class-title></classification-item>
<classification-item breakdown-code="false" not-allocatable="false" level="9" additional-only="false" sort-key="C10J3/80" definition-exists="false" ipc-concordant="C10J3/80" c-set-base-allowed="false" c-set-subsequent-allowed="true" date-revised="2013-01-01" status="published"><classification-symbol>C10J3/80</classification-symbol><class-title date-revised="2013-01-01"><title-part><text>with arrangements for preheating the blast or the water vapour</text></title-part></class-title></classification-item>
<classification-item breakdown-code="false" not-allocatable="false" level="9" additional-only="false" sort-key="C10J3/82" definition-exists="false" ipc-concordant="C10J3/82" c-set-base-allowed="false" c-set-subsequent-allowed="true" date-revised="2013-01-01" status="published"><classification-symbol>C10J3/82</classification-symbol><class-title date-revised="2013-01-01"><title-part><text>Gas withdrawal means</text></title-part></class-title>
<classification-item breakdown-code="false" not-allocatable="false" level="10" additional-only="false" sort-key="C10J3/84" definition-exists="true" ipc-concordant="C10J3/84" c-set-base-allowed="false" c-set-subsequent-allowed="true" date-revised="2013-01-01" status="published"><classification-symbol>C10J3/84</classification-symbol><class-title date-revised="2013-01-01"><title-part><text>with means for removing dust or tar from the gas</text></title-part></class-title>
<classification-item breakdown-code="false" not-allocatable="false" level="11" additional-only="false" sort-key="C10J3/845" definition-exists="false" ipc-concordant="C10J3/84" c-set-base-allowed="false" c-set-subsequent-allowed="true" date-revised="2013-01-01" status="published"><classification-symbol>C10J3/845</classification-symbol><class-title date-revised="2013-01-01"><title-part><CPC-specific-text><text>Quench rings</text></CPC-specific-text></title-part></class-title></classification-item></classification-item></classification-item>
<classification-item breakdown-code="false" not-allocatable="false" level="9" additional-only="false" sort-key="C10J3/86" definition-exists="true" ipc-concordant="C10J3/86" c-set-base-allowed="false" c-set-subsequent-allowed="true" date-revised="2013-01-01" status="published"><classification-symbol>C10J3/86</classification-symbol><class-title date-revised="2013-01-01"><title-part><text>combined with waste-heat boilers</text></title-part></class-title></classification-item></classification-item></classification-item></classification-item>
<classification-item breakdown-code="false" not-allocatable="true" level="6" additional-only="true" sort-key="C10J200/00" date-revised="2013-01-01" status="published"><classification-symbol>C10J2200/00</classification-symbol>
<classification-item breakdown-code="true" not-allocatable="false" level="7" additional-only="true" sort-key="C10J200/00" definition-exists="false" ipc-concordant="CPCONLY" c-set-base-allowed="false" c-set-subsequent-allowed="true" date-revised="2013-01-01" status="published"><classification-symbol>C10J2200/00</classification-symbol><class-title date-revised="2013-01-01"><title-part><text>Details of gasification apparatus</text></title-part></class-title>
<classification-item breakdown-code="true" not-allocatable="false" level="8" additional-only="true" sort-key="C10J200/06" definition-exists="false" ipc-concordant="CPCONLY" c-set-base-allowed="false" c-set-subsequent-allowed="true" date-revised="2013-01-01" status="published"><classification-symbol>C10J2200/06</classification-symbol><class-title date-revised="2013-01-01"><title-part><text>Catalysts as integral part of gasifiers </text><reference><text>catalysts added to the feed <class-ref scheme="cpc">C10J2300/0986</class-ref></text></reference></title-part></class-title></classification-item>
<classification-item breakdown-code="true" not-allocatable="false" level="8" additional-only="true" sort-key="C10J200/09" definition-exists="false" ipc-concordant="CPCONLY" c-set-base-allowed="false" c-set-subsequent-allowed="true" date-revised="2013-01-01" status="published"><classification-symbol>C10J2200/09</classification-symbol><class-title date-revised="2013-01-01"><title-part><text>Mechanical details of gasifiers not otherwise provided for, e.g. sealing means</text></title-part></class-title></classification-item>
<classification-item breakdown-code="true" not-allocatable="false" level="8" additional-only="true" sort-key="C10J200/12" definition-exists="false" ipc-concordant="CPCONLY" c-set-base-allowed="false" c-set-subsequent-allowed="true" date-revised="2013-01-01" status="published"><classification-symbol>C10J2200/12</classification-symbol><class-title date-revised="2013-01-01"><title-part><text>Electrodes present in the gasifier</text></title-part></class-title></classification-item>
<classification-item breakdown-code="true" not-allocatable="false" level="8" additional-only="true" sort-key="C10J200/15" definition-exists="false" ipc-concordant="CPCONLY" c-set-base-allowed="false" c-set-subsequent-allowed="true" date-revised="2013-01-01" status="published"><classification-symbol>C10J2200/15</classification-symbol><class-title date-revised="2013-01-01"><title-part><text>Details of feeding means</text></title-part></class-title>
<classification-item breakdown-code="true" not-allocatable="false" level="9" additional-only="true" sort-key="C10J200/152" definition-exists="false" ipc-concordant="CPCONLY" c-set-base-allowed="false" c-set-subsequent-allowed="true" date-revised="2013-01-01" status="published"><classification-symbol>C10J2200/152</classification-symbol><class-title date-revised="2013-01-01"><title-part><text>Nozzles or lances for introducing gas, liquids or suspensions</text></title-part></class-title></classification-item>
<classification-item breakdown-code="true" not-allocatable="false" level="9" additional-only="true" sort-key="C10J200/154" definition-exists="false" ipc-concordant="CPCONLY" c-set-base-allowed="false" c-set-subsequent-allowed="true" date-revised="2013-01-01" status="published"><classification-symbol>C10J2200/154</classification-symbol><class-title date-revised="2013-01-01"><title-part><text>Pushing devices, e.g. pistons</text></title-part></class-title></classification-item>
<classification-item breakdown-code="true" not-allocatable="false" level="9" additional-only="true" sort-key="C10J200/156" definition-exists="false" ipc-concordant="CPCONLY" c-set-base-allowed="false" c-set-subsequent-allowed="true" date-revised="2013-01-01" status="published"><classification-symbol>C10J2200/156</classification-symbol><class-title date-revised="2013-01-01"><title-part><text>Sluices, e.g. mechanical sluices for preventing escape of gas through the feed inlet</text></title-part></class-title></classification-item>
<classification-item breakdown-code="true" not-allocatable="false" level="9" additional-only="true" sort-key="C10J200/158" definition-exists="false" ipc-concordant="CPCONLY" c-set-base-allowed="false" c-set-subsequent-allowed="true" date-revised="2013-01-01" status="published"><classification-symbol>C10J2200/158</classification-symbol><class-title date-revised="2013-01-01"><title-part><text>Screws</text></title-part></class-title></classification-item></classification-item>
<classification-item breakdown-code="true" not-allocatable="false" level="8" additional-only="true" sort-key="C10J200/31" definition-exists="false" ipc-concordant="CPCONLY" c-set-base-allowed="false" c-set-subsequent-allowed="true" date-revised="2013-01-01" status="published"><classification-symbol>C10J2200/31</classification-symbol><class-title date-revised="2013-01-01"><title-part><text>Mobile gasifiers, e.g. for use in cars, ships or containers</text></title-part></class-title></classification-item>
<classification-item breakdown-code="true" not-allocatable="false" level="8" additional-only="true" sort-key="C10J200/33" definition-exists="false" ipc-concordant="CPCONLY" c-set-base-allowed="false" c-set-subsequent-allowed="true" date-revised="2013-01-01" status="published"><classification-symbol>C10J2200/33</classification-symbol><class-title date-revised="2013-01-01"><title-part><text>Laboratory scale gasifiers</text></title-part></class-title></classification-item>
<classification-item breakdown-code="true" not-allocatable="false" level="8" additional-only="true" sort-key="C10J200/36" definition-exists="false" ipc-concordant="CPCONLY" c-set-base-allowed="false" c-set-subsequent-allowed="true" date-revised="2013-01-01" status="published"><classification-symbol>C10J2200/36</classification-symbol><class-title date-revised="2013-01-01"><title-part><text>Moving parts inside the gasification reactor not otherwise provided for </text><reference><text>devices for distributing fuel evenly over a fixed bed <class-ref scheme="cpc">C10J3/32</class-ref></text></reference></title-part></class-title></classification-item>
<classification-item breakdown-code="true" not-allocatable="false" level="8" additional-only="true" sort-key="C10J200/39" definition-exists="false" ipc-concordant="CPCONLY" c-set-base-allowed="false" c-set-subsequent-allowed="true" date-revised="2013-01-01" status="published"><classification-symbol>C10J2200/39</classification-symbol><class-title date-revised="2013-01-01"><title-part><text>Gasifiers designed as centrifuge</text></title-part></class-title></classification-item></classification-item>
<classification-item breakdown-code="true" not-allocatable="false" level="7" additional-only="true" sort-key="C10J300/00" definition-exists="false" ipc-concordant="CPCONLY" c-set-base-allowed="false" c-set-subsequent-allowed="true" date-revised="2013-01-01" status="published"><classification-symbol>C10J2300/00</classification-symbol><class-title date-revised="2013-01-01"><title-part><text>Details of gasification processes</text></title-part></class-title>
<classification-item breakdown-code="true" not-allocatable="false" level="8" additional-only="true" sort-key="C10J300/06" definition-exists="false" ipc-concordant="CPCONLY" c-set-base-allowed="false" c-set-subsequent-allowed="true" date-revised="2013-01-01" status="published"><classification-symbol>C10J2300/06</classification-symbol><class-title date-revised="2013-01-01"><title-part><text>Modeling or simulation of processes</text></title-part></class-title></classification-item>
<classification-item breakdown-code="true" not-allocatable="false" level="8" additional-only="true" sort-key="C10J300/09" definition-exists="false" ipc-concordant="CPCONLY" c-set-base-allowed="false" c-set-subsequent-allowed="true" date-revised="2013-01-01" status="published"><classification-symbol>C10J2300/09</classification-symbol><class-title date-revised="2013-01-01"><title-part><text>Details of the feed, e.g. feeding of spent catalyst, inert gas or halogens</text></title-part></class-title>
<classification-item breakdown-code="true" not-allocatable="false" level="9" additional-only="true" sort-key="C10J300/0903" definition-exists="false" ipc-concordant="CPCONLY" c-set-base-allowed="false" c-set-subsequent-allowed="true" date-revised="2013-01-01" status="published"><classification-symbol>C10J2300/0903</classification-symbol><class-title date-revised="2013-01-01"><title-part><text>Feed preparation</text></title-part></class-title>
<classification-item breakdown-code="true" not-allocatable="false" level="10" additional-only="true" sort-key="C10J300/0906" definition-exists="false" ipc-concordant="CPCONLY" c-set-base-allowed="false" c-set-subsequent-allowed="true" date-revised="2013-01-01" status="published"><classification-symbol>C10J2300/0906</classification-symbol><class-title date-revised="2013-01-01"><title-part><text>Physical processes, e.g. shredding, comminuting, chopping, sorting</text></title-part></class-title></classification-item>
<classification-item breakdown-code="true" not-allocatable="false" level="10" additional-only="true" sort-key="C10J300/0909" definition-exists="false" ipc-concordant="CPCONLY" c-set-base-allowed="false" c-set-subsequent-allowed="true" date-revised="2013-01-01" status="published"><classification-symbol>C10J2300/0909</classification-symbol><class-title date-revised="2013-01-01"><title-part><text>Drying</text></title-part></class-title></classification-item></classification-item>
<classification-item breakdown-code="true" not-allocatable="false" level="9" additional-only="true" sort-key="C10J300/0913" definition-exists="false" ipc-concordant="CPCONLY" c-set-base-allowed="false" c-set-subsequent-allowed="true" date-revised="2013-01-01" status="published"><classification-symbol>C10J2300/0913</classification-symbol><class-title date-revised="2013-01-01"><title-part><text>Carbonaceous raw material</text></title-part></class-title>
<classification-item breakdown-code="true" not-allocatable="false" level="10" additional-only="true" sort-key="C10J300/0916" definition-exists="false" ipc-concordant="CPCONLY" c-set-base-allowed="false" c-set-subsequent-allowed="true" date-revised="2013-01-01" status="published"><classification-symbol>C10J2300/0916</classification-symbol><class-title date-revised="2013-01-01"><title-part><text>Biomass</text></title-part></class-title>
<classification-item breakdown-code="true" not-allocatable="false" level="11" additional-only="true" sort-key="C10J300/092" definition-exists="false" ipc-concordant="CPCONLY" c-set-base-allowed="false" c-set-subsequent-allowed="true" date-revised="2013-01-01" status="published"><classification-symbol>C10J2300/092</classification-symbol><class-title date-revised="2013-01-01"><title-part><text>Wood, cellulose</text></title-part></class-title></classification-item>
<classification-item breakdown-code="true" not-allocatable="false" level="11" additional-only="true" sort-key="C10J300/0923" definition-exists="false" ipc-concordant="CPCONLY" c-set-base-allowed="false" c-set-subsequent-allowed="true" date-revised="2013-01-01" status="published"><classification-symbol>C10J2300/0923</classification-symbol><class-title date-revised="2013-01-01"><title-part><text>Sludge, e.g. from water treatment plant</text></title-part></class-title></classification-item></classification-item>
<classification-item breakdown-code="true" not-allocatable="false" level="10" additional-only="true" sort-key="C10J300/0926" definition-exists="false" ipc-concordant="CPCONLY" c-set-base-allowed="false" c-set-subsequent-allowed="true" date-revised="2016-08-01" status="published"><classification-symbol>C10J2300/0926</classification-symbol><class-title date-revised="2016-08-01"><title-part><text>Slurries comprising bio-oil or bio-coke, i.e. charcoal, obtained, e.g. by fast pyrolysis of biomass</text></title-part></class-title></classification-item>
<classification-item breakdown-code="true" not-allocatable="false" level="10" additional-only="true" sort-key="C10J300/093" definition-exists="false" ipc-concordant="CPCONLY" c-set-base-allowed="false" c-set-subsequent-allowed="true" date-revised="2013-01-01" status="published"><classification-symbol>C10J2300/093</classification-symbol><class-title date-revised="2013-01-01"><title-part><text>Coal</text></title-part></class-title>
<classification-item breakdown-code="true" not-allocatable="false" level="11" additional-only="true" sort-key="C10J300/0933" definition-exists="false" ipc-concordant="CPCONLY" c-set-base-allowed="false" c-set-subsequent-allowed="true" date-revised="2013-01-01" status="published"><classification-symbol>C10J2300/0933</classification-symbol><class-title date-revised="2013-01-01"><title-part><text>Coal fines for producing water gas</text></title-part></class-title></classification-item>
<classification-item breakdown-code="true" not-allocatable="false" level="11" additional-only="true" sort-key="C10J300/0936" definition-exists="false" ipc-concordant="CPCONLY" c-set-base-allowed="false" c-set-subsequent-allowed="true" date-revised="2013-01-01" status="published"><classification-symbol>C10J2300/0936</classification-symbol><class-title date-revised="2013-01-01"><title-part><text>Coal fines for producing producer gas</text></title-part></class-title></classification-item></classification-item>
<classification-item breakdown-code="true" not-allocatable="false" level="10" additional-only="true" sort-key="C10J300/094" definition-exists="false" ipc-concordant="CPCONLY" c-set-base-allowed="false" c-set-subsequent-allowed="true" date-revised="2013-01-01" status="published"><classification-symbol>C10J2300/094</classification-symbol><class-title date-revised="2013-01-01"><title-part><text>Char</text></title-part></class-title></classification-item>
<classification-item breakdown-code="true" not-allocatable="false" level="10" additional-only="true" sort-key="C10J300/0943" definition-exists="false" ipc-concordant="CPCONLY" c-set-base-allowed="false" c-set-subsequent-allowed="true" date-revised="2013-01-01" status="published"><classification-symbol>C10J2300/0943</classification-symbol><class-title date-revised="2013-01-01"><title-part><text>Coke</text></title-part></class-title></classification-item>
<classification-item breakdown-code="true" not-allocatable="false" level="10" additional-only="true" sort-key="C10J300/0946" definition-exists="false" ipc-concordant="CPCONLY" c-set-base-allowed="false" c-set-subsequent-allowed="true" date-revised="2013-01-01" status="published"><classification-symbol>C10J2300/0946</classification-symbol><class-title date-revised="2013-01-01"><title-part><text>Waste, e.g. MSW, tires, glass, tar sand, peat, paper, lignite, oil shale</text></title-part></class-title></classification-item>
<classification-item breakdown-code="true" not-allocatable="false" level="10" additional-only="true" sort-key="C10J300/095" definition-exists="false" ipc-concordant="CPCONLY" c-set-base-allowed="false" c-set-subsequent-allowed="true" date-revised="2013-01-01" status="published"><classification-symbol>C10J2300/095</classification-symbol><class-title date-revised="2013-01-01"><title-part><text>Exhaust gas from an external process for purification</text></title-part></class-title></classification-item></classification-item>
<classification-item breakdown-code="true" not-allocatable="false" level="9" additional-only="true" sort-key="C10J300/0953" definition-exists="false" ipc-concordant="CPCONLY" c-set-base-allowed="false" c-set-subsequent-allowed="true" date-revised="2013-01-01" status="published"><classification-symbol>C10J2300/0953</classification-symbol><class-title date-revised="2013-01-01"><title-part><text>Gasifying agents</text></title-part></class-title>
<classification-item breakdown-code="true" not-allocatable="false" level="10" additional-only="true" sort-key="C10J300/0956" definition-exists="false" ipc-concordant="CPCONLY" c-set-base-allowed="false" c-set-subsequent-allowed="true" date-revised="2013-01-01" status="published"><classification-symbol>C10J2300/0956</classification-symbol><class-title date-revised="2013-01-01"><title-part><text>Air or oxygen enriched air</text></title-part></class-title></classification-item>
<classification-item breakdown-code="true" not-allocatable="false" level="10" additional-only="true" sort-key="C10J300/0959" definition-exists="false" ipc-concordant="CPCONLY" c-set-base-allowed="false" c-set-subsequent-allowed="true" date-revised="2013-01-01" status="published"><classification-symbol>C10J2300/0959</classification-symbol><class-title date-revised="2013-01-01"><title-part><text>Oxygen</text></title-part></class-title></classification-item>
<classification-item breakdown-code="true" not-allocatable="false" level="10" additional-only="true" sort-key="C10J300/0963" definition-exists="false" ipc-concordant="CPCONLY" c-set-base-allowed="false" c-set-subsequent-allowed="true" date-revised="2013-01-01" status="published"><classification-symbol>C10J2300/0963</classification-symbol><class-title date-revised="2013-01-01"><title-part><text>Ozone</text></title-part></class-title></classification-item>
<classification-item breakdown-code="true" not-allocatable="false" level="10" additional-only="true" sort-key="C10J300/0966" definition-exists="false" ipc-concordant="CPCONLY" c-set-base-allowed="false" c-set-subsequent-allowed="true" date-revised="2013-01-01" status="published"><classification-symbol>C10J2300/0966</classification-symbol><class-title date-revised="2013-01-01"><title-part><text>Hydrogen</text></title-part></class-title></classification-item>
<classification-item breakdown-code="true" not-allocatable="false" level="10" additional-only="true" sort-key="C10J300/0969" definition-exists="false" ipc-concordant="CPCONLY" c-set-base-allowed="false" c-set-subsequent-allowed="true" date-revised="2013-01-01" status="published"><classification-symbol>C10J2300/0969</classification-symbol><class-title date-revised="2013-01-01"><title-part><text>Carbon dioxide</text></title-part></class-title></classification-item>
<classification-item breakdown-code="true" not-allocatable="false" level="10" additional-only="true" sort-key="C10J300/0973" definition-exists="false" ipc-concordant="CPCONLY" c-set-base-allowed="false" c-set-subsequent-allowed="true" date-revised="2013-01-01" status="published"><classification-symbol>C10J2300/0973</classification-symbol><class-title date-revised="2013-01-01"><title-part><text>Water</text></title-part></class-title>
<classification-item breakdown-code="true" not-allocatable="false" level="11" additional-only="true" sort-key="C10J300/0976" definition-exists="false" ipc-concordant="CPCONLY" c-set-base-allowed="false" c-set-subsequent-allowed="true" date-revised="2013-01-01" status="published"><classification-symbol>C10J2300/0976</classification-symbol><class-title date-revised="2013-01-01"><title-part><text>as steam</text></title-part></class-title></classification-item>
<classification-item breakdown-code="true" not-allocatable="false" level="11" additional-only="true" sort-key="C10J300/0979" definition-exists="false" ipc-concordant="CPCONLY" c-set-base-allowed="false" c-set-subsequent-allowed="true" date-revised="2013-01-01" status="published"><classification-symbol>C10J2300/0979</classification-symbol><class-title date-revised="2013-01-01"><title-part><text>as supercritical steam</text></title-part></class-title></classification-item></classification-item></classification-item>
<classification-item breakdown-code="true" not-allocatable="false" level="9" additional-only="true" sort-key="C10J300/0983" definition-exists="false" ipc-concordant="CPCONLY" c-set-base-allowed="false" c-set-subsequent-allowed="true" date-revised="2013-01-01" status="published"><classification-symbol>C10J2300/0983</classification-symbol><class-title date-revised="2013-01-01"><title-part><text>Additives</text></title-part></class-title>
<classification-item breakdown-code="true" not-allocatable="false" level="10" additional-only="true" sort-key="C10J300/0986" definition-exists="false" ipc-concordant="CPCONLY" c-set-base-allowed="false" c-set-subsequent-allowed="true" date-revised="2013-01-01" status="published"><classification-symbol>C10J2300/0986</classification-symbol><class-title date-revised="2013-01-01"><title-part><text>Catalysts</text></title-part></class-title></classification-item>
<classification-item breakdown-code="true" not-allocatable="false" level="10" additional-only="true" sort-key="C10J300/0989" definition-exists="false" ipc-concordant="CPCONLY" c-set-base-allowed="false" c-set-subsequent-allowed="true" date-revised="2013-01-01" status="published"><classification-symbol>C10J2300/0989</classification-symbol><class-title date-revised="2013-01-01"><title-part><text>Hydrocarbons as additives to gasifying agents to improve caloric properties</text></title-part></class-title></classification-item>
<classification-item breakdown-code="true" not-allocatable="false" level="10" additional-only="true" sort-key="C10J300/0993" definition-exists="false" ipc-concordant="CPCONLY" c-set-base-allowed="false" c-set-subsequent-allowed="true" date-revised="2013-01-01" status="published"><classification-symbol>C10J2300/0993</classification-symbol><class-title date-revised="2013-01-01"><title-part><text>Inert particles, e.g. as heat exchange medium in a fluidized or moving bed, heat carriers, sand</text></title-part></class-title></classification-item>
<classification-item breakdown-code="true" not-allocatable="false" level="10" additional-only="true" sort-key="C10J300/0996" definition-exists="false" ipc-concordant="CPCONLY" c-set-base-allowed="false" c-set-subsequent-allowed="true" date-revised="2013-01-01" status="published"><classification-symbol>C10J2300/0996</classification-symbol><class-title date-revised="2013-01-01"><title-part><text>Calcium-containing inorganic materials, e.g. lime</text></title-part></class-title></classification-item></classification-item></classification-item>
<classification-item breakdown-code="true" not-allocatable="false" level="8" additional-only="true" sort-key="C10J300/12" definition-exists="false" ipc-concordant="CPCONLY" c-set-base-allowed="false" c-set-subsequent-allowed="true" date-revised="2013-01-01" status="published"><classification-symbol>C10J2300/12</classification-symbol><class-title date-revised="2013-01-01"><title-part><text>Heating the gasifier</text></title-part></class-title>
<classification-item breakdown-code="true" not-allocatable="false" level="9" additional-only="true" sort-key="C10J300/1207" definition-exists="false" ipc-concordant="CPCONLY" c-set-base-allowed="false" c-set-subsequent-allowed="true" date-revised="2013-01-01" status="published"><classification-symbol>C10J2300/1207</classification-symbol><class-title date-revised="2013-01-01"><title-part><text>using pyrolysis gas as fuel</text></title-part></class-title></classification-item>
<classification-item breakdown-code="true" not-allocatable="false" level="9" additional-only="true" sort-key="C10J300/1215" definition-exists="false" ipc-concordant="CPCONLY" c-set-base-allowed="false" c-set-subsequent-allowed="true" date-revised="2013-01-01" status="published"><classification-symbol>C10J2300/1215</classification-symbol><class-title date-revised="2013-01-01"><title-part><text>using synthesis gas as fuel</text></title-part></class-title></classification-item>
<classification-item breakdown-code="true" not-allocatable="false" level="9" additional-only="true" sort-key="C10J300/1223" definition-exists="false" ipc-concordant="CPCONLY" c-set-base-allowed="false" c-set-subsequent-allowed="true" date-revised="2013-01-01" status="published"><classification-symbol>C10J2300/1223</classification-symbol><class-title date-revised="2013-01-01"><title-part><text>by burners</text></title-part></class-title></classification-item>
<classification-item breakdown-code="true" not-allocatable="false" level="9" additional-only="true" sort-key="C10J300/123" definition-exists="false" ipc-concordant="CPCONLY" c-set-base-allowed="false" c-set-subsequent-allowed="true" date-revised="2013-01-01" status="published"><classification-symbol>C10J2300/123</classification-symbol><class-title date-revised="2013-01-01"><title-part><text>by electromagnetic waves, e.g. microwaves</text></title-part></class-title>
<classification-item breakdown-code="true" not-allocatable="false" level="10" additional-only="true" sort-key="C10J300/1238" definition-exists="false" ipc-concordant="CPCONLY" c-set-base-allowed="false" c-set-subsequent-allowed="true" date-revised="2013-01-01" status="published"><classification-symbol>C10J2300/1238</classification-symbol><class-title date-revised="2013-01-01"><title-part><text>by plasma</text></title-part></class-title></classification-item></classification-item>
<classification-item breakdown-code="true" not-allocatable="false" level="9" additional-only="true" sort-key="C10J300/1246" definition-exists="false" ipc-concordant="CPCONLY" c-set-base-allowed="false" c-set-subsequent-allowed="true" date-revised="2013-01-01" status="published"><classification-symbol>C10J2300/1246</classification-symbol><class-title date-revised="2013-01-01"><title-part><text>by external or indirect heating</text></title-part></class-title></classification-item>
<classification-item breakdown-code="true" not-allocatable="false" level="9" additional-only="true" sort-key="C10J300/1253" definition-exists="false" ipc-concordant="CPCONLY" c-set-base-allowed="false" c-set-subsequent-allowed="true" date-revised="2013-01-01" status="published"><classification-symbol>C10J2300/1253</classification-symbol><class-title date-revised="2013-01-01"><title-part><text>by injecting hot gas</text></title-part></class-title></classification-item>
<classification-item breakdown-code="true" not-allocatable="false" level="9" additional-only="true" sort-key="C10J300/1261" definition-exists="false" ipc-concordant="CPCONLY" c-set-base-allowed="false" c-set-subsequent-allowed="true" date-revised="2013-01-01" status="published"><classification-symbol>C10J2300/1261</classification-symbol><class-title date-revised="2013-01-01"><title-part><text>by pulse burners</text></title-part></class-title></classification-item>
<classification-item breakdown-code="true" not-allocatable="false" level="9" additional-only="true" sort-key="C10J300/1269" definition-exists="false" ipc-concordant="CPCONLY" c-set-base-allowed="false" c-set-subsequent-allowed="true" date-revised="2013-01-01" status="published"><classification-symbol>C10J2300/1269</classification-symbol><class-title date-revised="2013-01-01"><title-part><text>by radiating device, e.g. radiant tubes</text></title-part></class-title>
<classification-item breakdown-code="true" not-allocatable="false" level="10" additional-only="true" sort-key="C10J300/1276" definition-exists="false" ipc-concordant="CPCONLY" c-set-base-allowed="false" c-set-subsequent-allowed="true" date-revised="2013-01-01" status="published"><classification-symbol>C10J2300/1276</classification-symbol><class-title date-revised="2013-01-01"><title-part><text>by electricity, e.g. resistor heating</text></title-part></class-title></classification-item></classification-item>
<classification-item breakdown-code="true" not-allocatable="false" level="9" additional-only="true" sort-key="C10J300/1284" definition-exists="false" ipc-concordant="CPCONLY" c-set-base-allowed="false" c-set-subsequent-allowed="true" date-revised="2013-01-01" status="published"><classification-symbol>C10J2300/1284</classification-symbol><class-title date-revised="2013-01-01"><title-part><text>by renewable energy, e.g. solar energy, photovoltaic cells, wind</text></title-part></class-title>
<classification-item breakdown-code="true" not-allocatable="false" level="10" additional-only="true" sort-key="C10J300/1292" definition-exists="false" ipc-concordant="CPCONLY" c-set-base-allowed="false" c-set-subsequent-allowed="true" date-revised="2013-01-01" status="published"><classification-symbol>C10J2300/1292</classification-symbol><class-title date-revised="2013-01-01"><title-part><text>mSolar energy</text></title-part></class-title></classification-item></classification-item></classification-item>
<classification-item breakdown-code="true" not-allocatable="false" level="8" additional-only="true" sort-key="C10J300/16" definition-exists="false" ipc-concordant="CPCONLY" c-set-base-allowed="false" c-set-subsequent-allowed="true" date-revised="2013-01-01" status="published"><classification-symbol>C10J2300/16</classification-symbol><class-title date-revised="2013-01-01"><title-part><text>Integration of gasification processes with another plant or parts within the plant</text></title-part></class-title>
<classification-item breakdown-code="true" not-allocatable="false" level="9" additional-only="true" sort-key="C10J300/1603" definition-exists="false" ipc-concordant="CPCONLY" c-set-base-allowed="false" c-set-subsequent-allowed="true" date-revised="2013-01-01" status="published"><classification-symbol>C10J2300/1603</classification-symbol><class-title date-revised="2013-01-01"><title-part><text>with gas treatment </text><reference><text>gas cleaning <class-ref scheme="cpc">C10K1/00</class-ref></text></reference></title-part></class-title>
<classification-item breakdown-code="true" not-allocatable="false" level="10" additional-only="true" sort-key="C10J300/1606" definition-exists="false" ipc-concordant="CPCONLY" c-set-base-allowed="false" c-set-subsequent-allowed="true" date-revised="2013-01-01" status="published"><classification-symbol>C10J2300/1606</classification-symbol><class-title date-revised="2013-01-01"><title-part><text>Combustion processes</text></title-part></class-title></classification-item>
<classification-item breakdown-code="true" not-allocatable="false" level="10" additional-only="true" sort-key="C10J300/1609" definition-exists="false" ipc-concordant="CPCONLY" c-set-base-allowed="false" c-set-subsequent-allowed="true" date-revised="2013-01-01" status="published"><classification-symbol>C10J2300/1609</classification-symbol><class-title date-revised="2013-01-01"><title-part><text>Post-reduction, e.g. on a red-white-hot coke or coal bed</text></title-part></class-title></classification-item>
<classification-item breakdown-code="true" not-allocatable="false" level="10" additional-only="true" sort-key="C10J300/1612" definition-exists="false" ipc-concordant="CPCONLY" c-set-base-allowed="false" c-set-subsequent-allowed="true" date-revised="2013-01-01" status="published"><classification-symbol>C10J2300/1612</classification-symbol><class-title date-revised="2013-01-01"><title-part><text>CO<sub>2</sub>-separation and sequestration, i.e. long time storage</text></title-part></class-title></classification-item>
<classification-item breakdown-code="true" not-allocatable="false" level="10" additional-only="true" sort-key="C10J300/1615" definition-exists="false" ipc-concordant="CPCONLY" c-set-base-allowed="false" c-set-subsequent-allowed="true" date-revised="2013-01-01" status="published"><classification-symbol>C10J2300/1615</classification-symbol><class-title date-revised="2013-01-01"><title-part><text>Stripping</text></title-part></class-title></classification-item>
<classification-item breakdown-code="true" not-allocatable="false" level="10" additional-only="true" sort-key="C10J300/1618" definition-exists="false" ipc-concordant="CPCONLY" c-set-base-allowed="false" c-set-subsequent-allowed="true" date-revised="2013-01-01" status="published"><classification-symbol>C10J2300/1618</classification-symbol><class-title date-revised="2013-01-01"><title-part><text>Modification of synthesis gas composition, e.g. to meet some criteria</text></title-part></class-title></classification-item>
<classification-item breakdown-code="true" not-allocatable="false" level="10" additional-only="true" sort-key="C10J300/1621" definition-exists="false" ipc-concordant="CPCONLY" c-set-base-allowed="false" c-set-subsequent-allowed="true" date-revised="2013-01-01" status="published"><classification-symbol>C10J2300/1621</classification-symbol><class-title date-revised="2013-01-01"><title-part><text>Compression of synthesis gas</text></title-part></class-title></classification-item></classification-item>
<classification-item breakdown-code="true" not-allocatable="false" level="9" additional-only="true" sort-key="C10J300/1625" definition-exists="false" ipc-concordant="CPCONLY" c-set-base-allowed="false" c-set-subsequent-allowed="true" date-revised="2013-01-01" status="published"><classification-symbol>C10J2300/1625</classification-symbol><class-title date-revised="2013-01-01"><title-part><text>with solids treatment</text></title-part></class-title>
<classification-item breakdown-code="true" not-allocatable="false" level="10" additional-only="true" sort-key="C10J300/1628" definition-exists="false" ipc-concordant="CPCONLY" c-set-base-allowed="false" c-set-subsequent-allowed="true" date-revised="2013-01-01" status="published"><classification-symbol>C10J2300/1628</classification-symbol><class-title date-revised="2013-01-01"><title-part><text>Ash post-treatment</text></title-part></class-title>
<classification-item breakdown-code="true" not-allocatable="false" level="11" additional-only="true" sort-key="C10J300/1631" definition-exists="false" ipc-concordant="CPCONLY" c-set-base-allowed="false" c-set-subsequent-allowed="true" date-revised="2013-01-01" status="published"><classification-symbol>C10J2300/1631</classification-symbol><class-title date-revised="2013-01-01"><title-part><text>Ash recycling</text></title-part></class-title></classification-item>
<classification-item breakdown-code="true" not-allocatable="false" level="11" additional-only="true" sort-key="C10J300/1634" definition-exists="false" ipc-concordant="CPCONLY" c-set-base-allowed="false" c-set-subsequent-allowed="true" date-revised="2013-01-01" status="published"><classification-symbol>C10J2300/1634</classification-symbol><class-title date-revised="2013-01-01"><title-part><text>Ash vitrification</text></title-part></class-title></classification-item></classification-item>
<classification-item breakdown-code="true" not-allocatable="false" level="10" additional-only="true" sort-key="C10J300/1637" definition-exists="false" ipc-concordant="CPCONLY" c-set-base-allowed="false" c-set-subsequent-allowed="true" date-revised="2013-01-01" status="published"><classification-symbol>C10J2300/1637</classification-symbol><class-title date-revised="2013-01-01"><title-part><text>Char combustion</text></title-part></class-title></classification-item></classification-item>
<classification-item breakdown-code="true" not-allocatable="false" level="9" additional-only="true" sort-key="C10J300/164" definition-exists="false" ipc-concordant="CPCONLY" c-set-base-allowed="false" c-set-subsequent-allowed="true" date-revised="2013-01-01" status="published"><classification-symbol>C10J2300/164</classification-symbol><class-title date-revised="2013-01-01"><title-part><text>with conversion of synthesis gas</text></title-part></class-title>
<classification-item breakdown-code="true" not-allocatable="false" level="10" additional-only="true" sort-key="C10J300/1643" definition-exists="false" ipc-concordant="CPCONLY" c-set-base-allowed="false" c-set-subsequent-allowed="true" date-revised="2013-01-01" status="published"><classification-symbol>C10J2300/1643</classification-symbol><class-title date-revised="2013-01-01"><title-part><text>Conversion of synthesis gas to energy</text></title-part></class-title>
<classification-item breakdown-code="true" not-allocatable="false" level="11" additional-only="true" sort-key="C10J300/1646" definition-exists="false" ipc-concordant="CPCONLY" c-set-base-allowed="false" c-set-subsequent-allowed="true" date-revised="2013-01-01" status="published"><classification-symbol>C10J2300/1646</classification-symbol><class-title date-revised="2013-01-01"><title-part><text>integrated with a fuel cell </text><reference><text>gasification of solids in fuel cells <class-ref scheme="cpc">H01M8/0643</class-ref></text></reference></title-part></class-title></classification-item>
<classification-item breakdown-code="true" not-allocatable="false" level="11" additional-only="true" sort-key="C10J300/165" definition-exists="false" ipc-concordant="CPCONLY" c-set-base-allowed="false" c-set-subsequent-allowed="true" date-revised="2013-01-01" status="published"><classification-symbol>C10J2300/165</classification-symbol><class-title date-revised="2013-01-01"><title-part><text>integrated with a gas turbine or gas motor </text><reference><text>gas turbine plants provided with a gas producer <class-ref scheme="cpc">F02C3/28</class-ref>; engines using solid fuels <class-ref scheme="cpc">F02B43/08</class-ref></text></reference></title-part></class-title></classification-item>
<classification-item breakdown-code="true" not-allocatable="false" level="11" additional-only="true" sort-key="C10J300/1653" definition-exists="false" ipc-concordant="CPCONLY" c-set-base-allowed="false" c-set-subsequent-allowed="true" date-revised="2017-08-01" status="published"><classification-symbol>C10J2300/1653</classification-symbol><class-title date-revised="2017-08-01"><title-part><text>integrated in a gasification combined cycle [IGCC] </text><reference><text>engines driven by heat coming from a gasification or pyrolysis unit <class-ref scheme="cpc">F01K23/067</class-ref></text></reference></title-part></class-title></classification-item></classification-item>
<classification-item breakdown-code="true" not-allocatable="false" level="10" additional-only="true" sort-key="C10J300/1656" definition-exists="false" ipc-concordant="CPCONLY" c-set-base-allowed="false" c-set-subsequent-allowed="true" date-revised="2013-01-01" status="published"><classification-symbol>C10J2300/1656</classification-symbol><class-title date-revised="2013-01-01"><title-part><text>Conversion of synthesis gas to chemicals</text></title-part></class-title>
<classification-item breakdown-code="true" not-allocatable="false" level="11" additional-only="true" sort-key="C10J300/1659" definition-exists="false" ipc-concordant="CPCONLY" c-set-base-allowed="false" c-set-subsequent-allowed="true" date-revised="2013-01-01" status="published"><classification-symbol>C10J2300/1659</classification-symbol><class-title date-revised="2013-01-01"><title-part><text>to liquid hydrocarbons </text><reference><text>Fischer-Tropsch process <class-ref scheme="cpc">C10G2/00</class-ref></text></reference></title-part></class-title></classification-item>
<classification-item breakdown-code="true" not-allocatable="false" level="11" additional-only="true" sort-key="C10J300/1662" definition-exists="false" ipc-concordant="CPCONLY" c-set-base-allowed="false" c-set-subsequent-allowed="true" date-revised="2013-01-01" status="published"><classification-symbol>C10J2300/1662</classification-symbol><class-title date-revised="2013-01-01"><title-part><text>to methane (SNG) </text><reference><text>production of synthetic natural gas <class-ref scheme="cpc">C10L3/08</class-ref></text></reference></title-part></class-title></classification-item>
<classification-item breakdown-code="true" not-allocatable="false" level="11" additional-only="true" sort-key="C10J300/1665" definition-exists="false" ipc-concordant="CPCONLY" c-set-base-allowed="false" c-set-subsequent-allowed="true" date-revised="2013-01-01" status="published"><classification-symbol>C10J2300/1665</classification-symbol><class-title date-revised="2013-01-01"><title-part><text>to alcohols, e.g. methanol or ethanol </text><reference><text>preparation of alcohols in general <class-ref scheme="cpc">C07C29/00</class-ref></text></reference></title-part></class-title></classification-item>
<classification-item breakdown-code="true" not-allocatable="false" level="11" additional-only="true" sort-key="C10J300/1668" definition-exists="false" ipc-concordant="CPCONLY" c-set-base-allowed="false" c-set-subsequent-allowed="true" date-revised="2013-01-01" status="published"><classification-symbol>C10J2300/1668</classification-symbol><class-title date-revised="2013-01-01"><title-part><text>to urea </text><reference><text>preparation of urea <class-ref scheme="cpc">C07C273/00</class-ref></text></reference></title-part><title-part><text>to ammonia </text><reference><text>preparation of ammonia <class-ref scheme="cpc">C01C1/0405</class-ref></text></reference></title-part></class-title></classification-item></classification-item></classification-item>
<classification-item breakdown-code="true" not-allocatable="false" level="9" additional-only="true" sort-key="C10J300/1671" definition-exists="false" ipc-concordant="CPCONLY" c-set-base-allowed="false" c-set-subsequent-allowed="true" date-revised="2013-01-01" status="published"><classification-symbol>C10J2300/1671</classification-symbol><class-title date-revised="2013-01-01"><title-part><text>with the production of electricity</text></title-part></class-title>
<classification-item breakdown-code="true" not-allocatable="false" level="10" additional-only="true" sort-key="C10J300/1675" definition-exists="false" ipc-concordant="CPCONLY" c-set-base-allowed="false" c-set-subsequent-allowed="true" date-revised="2013-01-01" status="published"><classification-symbol>C10J2300/1675</classification-symbol><class-title date-revised="2013-01-01"><title-part><text>making use of a steam turbine</text></title-part></class-title></classification-item></classification-item>
<classification-item breakdown-code="true" not-allocatable="false" level="9" additional-only="true" sort-key="C10J300/1678" definition-exists="false" ipc-concordant="CPCONLY" c-set-base-allowed="false" c-set-subsequent-allowed="true" date-revised="2013-01-01" status="published"><classification-symbol>C10J2300/1678</classification-symbol><class-title date-revised="2013-01-01"><title-part><text>with air separation </text><reference><text>separating gases using rectification of air <class-ref scheme="cpc">F25J3/04521</class-ref></text></reference></title-part></class-title></classification-item>
<classification-item breakdown-code="true" not-allocatable="false" level="9" additional-only="true" sort-key="C10J300/1681" definition-exists="false" ipc-concordant="CPCONLY" c-set-base-allowed="false" c-set-subsequent-allowed="true" date-revised="2013-01-01" status="published"><classification-symbol>C10J2300/1681</classification-symbol><class-title date-revised="2013-01-01"><title-part><text>with biological plants, e.g. involving bacteria, algae, fungi</text></title-part></class-title></classification-item>
<classification-item breakdown-code="true" not-allocatable="false" level="9" additional-only="true" sort-key="C10J300/1684" definition-exists="false" ipc-concordant="CPCONLY" c-set-base-allowed="false" c-set-subsequent-allowed="true" date-revised="2013-01-01" status="published"><classification-symbol>C10J2300/1684</classification-symbol><class-title date-revised="2013-01-01"><title-part><text>with electrolysis of water</text></title-part></class-title></classification-item>
<classification-item breakdown-code="true" not-allocatable="false" level="9" additional-only="true" sort-key="C10J300/1687" definition-exists="false" ipc-concordant="CPCONLY" c-set-base-allowed="false" c-set-subsequent-allowed="true" date-revised="2013-01-01" status="published"><classification-symbol>C10J2300/1687</classification-symbol><class-title date-revised="2013-01-01"><title-part><text>with steam generation</text></title-part></class-title></classification-item>
<classification-item breakdown-code="true" not-allocatable="false" level="9" additional-only="true" sort-key="C10J300/169" definition-exists="false" ipc-concordant="CPCONLY" c-set-base-allowed="false" c-set-subsequent-allowed="true" date-revised="2013-01-01" status="published"><classification-symbol>C10J2300/169</classification-symbol><class-title date-revised="2013-01-01"><title-part><text>with water treatments </text><reference><text>treatment of water in general or water purification <class-ref scheme="cpc">C02F</class-ref></text></reference></title-part></class-title></classification-item>
<classification-item breakdown-code="true" not-allocatable="false" level="9" additional-only="true" sort-key="C10J300/1693" definition-exists="false" ipc-concordant="CPCONLY" c-set-base-allowed="false" c-set-subsequent-allowed="true" date-revised="2013-01-01" status="published"><classification-symbol>C10J2300/1693</classification-symbol><class-title date-revised="2013-01-01"><title-part><text>with storage facilities for intermediate, feed and/or product</text></title-part></class-title></classification-item>
<classification-item breakdown-code="true" not-allocatable="false" level="9" additional-only="true" sort-key="C10J300/1696" definition-exists="false" ipc-concordant="CPCONLY" c-set-base-allowed="false" c-set-subsequent-allowed="true" date-revised="2013-01-01" status="published"><classification-symbol>C10J2300/1696</classification-symbol><class-title date-revised="2013-01-01"><title-part><text>with phase separation, e.g. after condensation</text></title-part></class-title></classification-item></classification-item>
<classification-item breakdown-code="true" not-allocatable="false" level="8" additional-only="true" sort-key="C10J300/18" definition-exists="false" ipc-concordant="CPCONLY" c-set-base-allowed="false" c-set-subsequent-allowed="true" date-revised="2013-01-01" status="published"><classification-symbol>C10J2300/18</classification-symbol><class-title date-revised="2013-01-01"><title-part><text>Details of the gasification process, e.g. loops, autothermal operation</text></title-part></class-title>
<classification-item breakdown-code="true" not-allocatable="false" level="9" additional-only="true" sort-key="C10J300/1807" definition-exists="false" ipc-concordant="CPCONLY" c-set-base-allowed="false" c-set-subsequent-allowed="true" date-revised="2013-01-01" status="published"><classification-symbol>C10J2300/1807</classification-symbol><class-title date-revised="2013-01-01"><title-part><text>Recycle loops, e.g. gas, solids, heating medium, water</text></title-part></class-title>
<classification-item breakdown-code="true" not-allocatable="false" level="10" additional-only="true" sort-key="C10J300/1815" definition-exists="false" ipc-concordant="CPCONLY" c-set-base-allowed="false" c-set-subsequent-allowed="true" date-revised="2013-01-01" status="published"><classification-symbol>C10J2300/1815</classification-symbol><class-title date-revised="2013-01-01"><title-part><text>for carbon dioxide</text></title-part></class-title></classification-item>
<classification-item breakdown-code="true" not-allocatable="false" level="10" additional-only="true" sort-key="C10J300/1823" definition-exists="false" ipc-concordant="CPCONLY" c-set-base-allowed="false" c-set-subsequent-allowed="true" date-revised="2013-01-01" status="published"><classification-symbol>C10J2300/1823</classification-symbol><class-title date-revised="2013-01-01"><title-part><text>for synthesis gas</text></title-part></class-title></classification-item></classification-item>
<classification-item breakdown-code="true" not-allocatable="false" level="9" additional-only="true" sort-key="C10J300/183" definition-exists="false" ipc-concordant="CPCONLY" c-set-base-allowed="false" c-set-subsequent-allowed="true" date-revised="2013-01-01" status="published"><classification-symbol>C10J2300/183</classification-symbol><class-title date-revised="2013-01-01"><title-part><text>Non-continuous or semi-continuous processes </text><reference><text>cyclic processes in fixed bed gasification <class-ref scheme="cpc">C10J3/04</class-ref></text></reference></title-part></class-title></classification-item>
<classification-item breakdown-code="true" not-allocatable="false" level="9" additional-only="true" sort-key="C10J300/1838" definition-exists="false" ipc-concordant="CPCONLY" c-set-base-allowed="false" c-set-subsequent-allowed="true" date-revised="2013-01-01" status="published"><classification-symbol>C10J2300/1838</classification-symbol><class-title date-revised="2013-01-01"><title-part><text>Autothermal gasification by injection of oxygen or steam</text></title-part></class-title></classification-item>
<classification-item breakdown-code="true" not-allocatable="false" level="9" additional-only="true" sort-key="C10J300/1846" definition-exists="false" ipc-concordant="CPCONLY" c-set-base-allowed="false" c-set-subsequent-allowed="true" date-revised="2013-01-01" status="published"><classification-symbol>C10J2300/1846</classification-symbol><class-title date-revised="2013-01-01"><title-part><text>Partial oxidation, i.e. injection of air or oxygen only</text></title-part></class-title></classification-item>
<classification-item breakdown-code="true" not-allocatable="false" level="9" additional-only="true" sort-key="C10J300/1853" definition-exists="false" ipc-concordant="CPCONLY" c-set-base-allowed="false" c-set-subsequent-allowed="true" date-revised="2013-01-01" status="published"><classification-symbol>C10J2300/1853</classification-symbol><class-title date-revised="2013-01-01"><title-part><text>Steam reforming, i.e. injection of steam only</text></title-part></class-title></classification-item>
<classification-item breakdown-code="true" not-allocatable="false" level="9" additional-only="true" sort-key="C10J300/1861" definition-exists="false" ipc-concordant="CPCONLY" c-set-base-allowed="false" c-set-subsequent-allowed="true" date-revised="2013-01-01" status="published"><classification-symbol>C10J2300/1861</classification-symbol><class-title date-revised="2013-01-01"><title-part><text>Heat exchange between at least two process streams</text></title-part></class-title>
<classification-item breakdown-code="true" not-allocatable="false" level="10" additional-only="true" sort-key="C10J300/1869" definition-exists="false" ipc-concordant="CPCONLY" c-set-base-allowed="false" c-set-subsequent-allowed="true" date-revised="2013-01-01" status="published"><classification-symbol>C10J2300/1869</classification-symbol><class-title date-revised="2013-01-01"><title-part><text>with one stream being air, oxygen or ozone</text></title-part></class-title></classification-item>
<classification-item breakdown-code="true" not-allocatable="false" level="10" additional-only="true" sort-key="C10J300/1876" definition-exists="false" ipc-concordant="CPCONLY" c-set-base-allowed="false" c-set-subsequent-allowed="true" date-revised="2013-01-01" status="published"><classification-symbol>C10J2300/1876</classification-symbol><class-title date-revised="2013-01-01"><title-part><text>with one stream being combustion gas</text></title-part></class-title></classification-item>
<classification-item breakdown-code="true" not-allocatable="false" level="10" additional-only="true" sort-key="C10J300/1884" definition-exists="false" ipc-concordant="CPCONLY" c-set-base-allowed="false" c-set-subsequent-allowed="true" date-revised="2013-01-01" status="published"><classification-symbol>C10J2300/1884</classification-symbol><class-title date-revised="2013-01-01"><title-part><text>with one stream being synthesis gas</text></title-part></class-title></classification-item>
<classification-item breakdown-code="true" not-allocatable="false" level="10" additional-only="true" sort-key="C10J300/1892" definition-exists="false" ipc-concordant="CPCONLY" c-set-base-allowed="false" c-set-subsequent-allowed="true" date-revised="2013-01-01" status="published"><classification-symbol>C10J2300/1892</classification-symbol><class-title date-revised="2013-01-01"><title-part><text>with one stream being water/steam</text></title-part></class-title></classification-item></classification-item></classification-item></classification-item></classification-item></classification-item></class-scheme>