<?xml version="1.0" encoding="UTF-8"?>
<class-scheme publication-date="2021-05-01" scheme-type="cpc" publication-type="official">
<classification-item breakdown-code="false" not-allocatable="true" level="5" additional-only="false" sort-key="G04D" definition-exists="true" date-revised="2020-05-01" status="published"><classification-symbol>G04D</classification-symbol><class-title date-revised="2016-05-01"><title-part><text>APPARATUS OR TOOLS SPECIALLY DESIGNED FOR MAKING OR MAINTAINING CLOCKS OR WATCHES</text></title-part></class-title><notes-and-warnings><note type="warning"><note-paragraph>In this subclass non-limiting references (in the sense of paragraph 39 of the Guide to the IPC) may still be displayed in the scheme.</note-paragraph></note></notes-and-warnings>
<classification-item breakdown-code="false" not-allocatable="true" level="6" additional-only="false" sort-key="G04D1/00" date-revised="2013-01-01" status="published"><classification-symbol>G04D1/00</classification-symbol>
<classification-item breakdown-code="false" not-allocatable="false" level="7" additional-only="false" sort-key="G04D1/00" definition-exists="true" ipc-concordant="G04D1/00" c-set-base-allowed="false" c-set-subsequent-allowed="true" date-revised="2013-01-01" status="published"><classification-symbol>G04D1/00</classification-symbol><class-title date-revised="2013-01-01"><title-part><text>Gripping, holding, or supporting devices </text><CPC-specific-text><reference><text>stands in general <class-ref scheme="cpc">F16M</class-ref>; for instruments <class-ref scheme="cpc">G01D11/30</class-ref>, <class-ref scheme="cpc">B01L</class-ref></text></reference></CPC-specific-text></title-part></class-title>
<classification-item breakdown-code="false" not-allocatable="false" level="8" additional-only="false" sort-key="G04D1/0007" definition-exists="false" ipc-concordant="G04D1/00" c-set-base-allowed="false" c-set-subsequent-allowed="true" date-revised="2013-01-01" status="published"><classification-symbol>G04D1/0007</classification-symbol><class-title date-revised="2013-01-01"><title-part><CPC-specific-text><text>for assembly entirely by hand</text></CPC-specific-text></title-part></class-title>
<classification-item breakdown-code="false" not-allocatable="false" level="9" additional-only="false" sort-key="G04D1/0014" definition-exists="false" ipc-concordant="G04D1/00" c-set-base-allowed="false" c-set-subsequent-allowed="true" date-revised="2013-01-01" status="published"><classification-symbol>G04D1/0014</classification-symbol><class-title date-revised="2013-01-01"><title-part><CPC-specific-text><text>Workbenches, supports; Workbenches provided with suction devices; for dust; Illumination</text></CPC-specific-text></title-part></class-title></classification-item>
<classification-item breakdown-code="false" not-allocatable="false" level="9" additional-only="false" sort-key="G04D1/0021" definition-exists="false" ipc-concordant="G04D1/00" c-set-base-allowed="false" c-set-subsequent-allowed="true" date-revised="2013-01-01" status="published"><classification-symbol>G04D1/0021</classification-symbol><class-title date-revised="2013-01-01"><title-part><CPC-specific-text><text>Supporting means facilitating assembly and mechanisation, e.g. magazines for components </text><reference><text>machines for assembly <class-ref scheme="cpc">G04D1/0071</class-ref>; supports in general <class-ref scheme="cpc">G04D1/06</class-ref></text></reference></CPC-specific-text></title-part></class-title></classification-item>
<classification-item breakdown-code="false" not-allocatable="false" level="9" additional-only="false" sort-key="G04D1/0028" definition-exists="false" ipc-concordant="G04D1/00" c-set-base-allowed="false" c-set-subsequent-allowed="true" date-revised="2013-01-01" status="published"><classification-symbol>G04D1/0028</classification-symbol><class-title date-revised="2013-01-01"><title-part><CPC-specific-text><text>Screwdrivers </text><reference><text>screwdrivers in general <class-ref scheme="cpc">B25B15/00</class-ref></text></reference></CPC-specific-text></title-part></class-title>
<classification-item breakdown-code="false" not-allocatable="false" level="10" additional-only="false" sort-key="G04D1/0035" definition-exists="false" ipc-concordant="G04D1/00" c-set-base-allowed="false" c-set-subsequent-allowed="true" date-revised="2013-01-01" status="published"><classification-symbol>G04D1/0035</classification-symbol><class-title date-revised="2013-01-01"><title-part><CPC-specific-text><text>with power source for driving the screwdriver</text></CPC-specific-text></title-part></class-title></classification-item></classification-item>
<classification-item breakdown-code="false" not-allocatable="false" level="9" additional-only="false" sort-key="G04D1/0042" definition-exists="false" ipc-concordant="G04D1/00" c-set-base-allowed="false" c-set-subsequent-allowed="true" date-revised="2013-01-01" status="published"><classification-symbol>G04D1/0042</classification-symbol><class-title date-revised="2013-01-01"><title-part><CPC-specific-text><text>tools for setting, riveting or pressing, e.g. nippers for this purpose </text><reference><text>machines therefor <class-ref scheme="cpc">G04D3/042</class-ref>, <class-ref scheme="cpc">G04D3/045</class-ref>, <class-ref scheme="cpc">G04D3/047</class-ref></text></reference></CPC-specific-text></title-part></class-title></classification-item></classification-item>
<classification-item breakdown-code="false" not-allocatable="false" level="8" additional-only="false" sort-key="G04D1/005" definition-exists="false" ipc-concordant="G04D1/00" c-set-base-allowed="false" c-set-subsequent-allowed="true" date-revised="2013-01-01" status="published"><classification-symbol>G04D1/005</classification-symbol><class-title date-revised="2013-01-01"><title-part><CPC-specific-text><text>for non-automatic assembly, with automatic transport between workbenches</text></CPC-specific-text></title-part></class-title>
<classification-item breakdown-code="false" not-allocatable="false" level="9" additional-only="false" sort-key="G04D1/0057" definition-exists="false" ipc-concordant="G04D1/00" c-set-base-allowed="false" c-set-subsequent-allowed="true" date-revised="2013-01-01" status="published"><classification-symbol>G04D1/0057</classification-symbol><class-title date-revised="2013-01-01"><title-part><CPC-specific-text><text>Conveyor belts or chains </text><reference><text>in general <class-ref scheme="cpc">B65G</class-ref></text></reference></CPC-specific-text></title-part></class-title></classification-item>
<classification-item breakdown-code="false" not-allocatable="false" level="9" additional-only="false" sort-key="G04D1/0064" definition-exists="false" ipc-concordant="G04D1/00" c-set-base-allowed="false" c-set-subsequent-allowed="true" date-revised="2013-01-01" status="published"><classification-symbol>G04D1/0064</classification-symbol><class-title date-revised="2013-01-01"><title-part><CPC-specific-text><text>Turntables or plates (carousels) </text><reference><text>in general <class-ref scheme="cpc">B65G47/00</class-ref></text></reference></CPC-specific-text></title-part></class-title></classification-item></classification-item>
<classification-item breakdown-code="false" not-allocatable="false" level="8" additional-only="false" sort-key="G04D1/0071" definition-exists="false" ipc-concordant="G04D1/00" c-set-base-allowed="false" c-set-subsequent-allowed="true" date-revised="2013-01-01" status="published"><classification-symbol>G04D1/0071</classification-symbol><class-title date-revised="2013-01-01"><title-part><CPC-specific-text><text>for totally automated assembly</text></CPC-specific-text></title-part></class-title></classification-item>
<classification-item breakdown-code="false" not-allocatable="false" level="8" additional-only="false" sort-key="G04D1/0078" definition-exists="false" ipc-concordant="G04D1/00" c-set-base-allowed="false" c-set-subsequent-allowed="true" date-revised="2013-01-01" status="published"><classification-symbol>G04D1/0078</classification-symbol><class-title date-revised="2013-01-01"><title-part><CPC-specific-text><text>Automated gripping means </text><reference><text>hand-operated gripping means <class-ref scheme="cpc">G04D1/02</class-ref></text></reference></CPC-specific-text></title-part></class-title>
<classification-item breakdown-code="false" not-allocatable="false" level="9" additional-only="false" sort-key="G04D1/0085" definition-exists="false" ipc-concordant="G04D1/00" c-set-base-allowed="false" c-set-subsequent-allowed="true" date-revised="2013-01-01" status="published"><classification-symbol>G04D1/0085</classification-symbol><class-title date-revised="2013-01-01"><title-part><CPC-specific-text><text>with pneumatic holding means </text><reference><text>hand tools with pneumatic means <class-ref scheme="cpc">G04D1/02</class-ref></text></reference></CPC-specific-text></title-part></class-title></classification-item></classification-item>
<classification-item breakdown-code="false" not-allocatable="false" level="8" additional-only="false" sort-key="G04D1/0092" definition-exists="false" ipc-concordant="G04D1/00" c-set-base-allowed="false" c-set-subsequent-allowed="true" date-revised="2013-01-01" status="published"><classification-symbol>G04D1/0092</classification-symbol><class-title date-revised="2013-01-01"><title-part><CPC-specific-text><text>Devices for positioning and sorting of the components </text><reference><text>sorting and positioning in general <class-ref scheme="cpc">B23Q</class-ref></text></reference></CPC-specific-text></title-part></class-title></classification-item>
<classification-item breakdown-code="false" not-allocatable="false" level="8" additional-only="false" sort-key="G04D1/02" definition-exists="false" ipc-concordant="G04D1/02" c-set-base-allowed="false" c-set-subsequent-allowed="true" date-revised="2013-01-01" status="published"><classification-symbol>G04D1/02</classification-symbol><class-title date-revised="2013-01-01"><title-part><text>Tweezers</text></title-part><title-part><text>Vice clamps or other special hand tools for watchmakers </text><CPC-specific-text><reference><text><class-ref scheme="cpc">G04D1/04</class-ref>, <class-ref scheme="cpc">G04D1/08</class-ref>, <class-ref scheme="cpc">G04D1/10</class-ref> take precedence; vices <class-ref scheme="cpc">B25B</class-ref>; devices for setting bearing jewels and parts thereof <class-ref scheme="cpc">G04D3/04</class-ref>; devices for setting watch glasses <class-ref scheme="cpc">G04D3/06</class-ref></text></reference></CPC-specific-text></title-part></class-title>
<classification-item breakdown-code="false" not-allocatable="false" level="9" additional-only="false" sort-key="G04D1/021" definition-exists="false" ipc-concordant="G04D1/02" c-set-base-allowed="false" c-set-subsequent-allowed="true" date-revised="2013-01-01" status="published"><classification-symbol>G04D1/021</classification-symbol><class-title date-revised="2013-01-01"><title-part><CPC-specific-text><text>Tweezers </text><reference><text>tweezers for medical purposes <class-ref scheme="cpc">A61B</class-ref>; setting tools <class-ref scheme="cpc">B41B1/00</class-ref></text></reference></CPC-specific-text></title-part></class-title></classification-item>
<classification-item breakdown-code="false" not-allocatable="false" level="9" additional-only="false" sort-key="G04D1/022" definition-exists="false" ipc-concordant="G04D1/02" c-set-base-allowed="false" c-set-subsequent-allowed="true" date-revised="2013-01-01" status="published"><classification-symbol>G04D1/022</classification-symbol><class-title date-revised="2013-01-01"><title-part><CPC-specific-text><text>Universal nippers </text><reference><text>nippers for setting watch glasses <class-ref scheme="cpc">G04D3/067</class-ref></text></reference></CPC-specific-text></title-part></class-title></classification-item>
<classification-item breakdown-code="false" not-allocatable="false" level="9" additional-only="false" sort-key="G04D1/023" definition-exists="false" ipc-concordant="G04D1/02" c-set-base-allowed="false" c-set-subsequent-allowed="true" date-revised="2013-01-01" status="published"><classification-symbol>G04D1/023</classification-symbol><class-title date-revised="2013-01-01"><title-part><CPC-specific-text><text>Revolving-head nippers </text><reference><text>jaw plates for latches <class-ref scheme="cpc">G04D3/0218</class-ref></text></reference></CPC-specific-text></title-part></class-title></classification-item>
<classification-item breakdown-code="false" not-allocatable="false" level="9" additional-only="false" sort-key="G04D1/025" definition-exists="false" ipc-concordant="G04D1/02" c-set-base-allowed="false" c-set-subsequent-allowed="true" date-revised="2013-01-01" status="published"><classification-symbol>G04D1/025</classification-symbol><class-title date-revised="2013-01-01"><title-part><CPC-specific-text><text>Hand screws</text></CPC-specific-text></title-part></class-title></classification-item>
<classification-item breakdown-code="false" not-allocatable="false" level="9" additional-only="false" sort-key="G04D1/026" definition-exists="false" ipc-concordant="G04D1/02" c-set-base-allowed="false" c-set-subsequent-allowed="true" date-revised="2013-01-01" status="published"><classification-symbol>G04D1/026</classification-symbol><class-title date-revised="2013-01-01"><title-part><CPC-specific-text><text>Clamps for holding bearing jewels </text><reference><text>machines for setting bearing jewels <class-ref scheme="cpc">G04D3/0002</class-ref></text></reference></CPC-specific-text></title-part></class-title></classification-item>
<classification-item breakdown-code="false" not-allocatable="false" level="9" additional-only="false" sort-key="G04D1/027" definition-exists="false" ipc-concordant="G04D1/02" c-set-base-allowed="false" c-set-subsequent-allowed="true" date-revised="2013-01-01" status="published"><classification-symbol>G04D1/027</classification-symbol><class-title date-revised="2013-01-01"><title-part><CPC-specific-text><text>Hand tools for gripping or holding by magnetic means</text></CPC-specific-text></title-part></class-title></classification-item>
<classification-item breakdown-code="false" not-allocatable="false" level="9" additional-only="false" sort-key="G04D1/028" definition-exists="false" ipc-concordant="G04D1/02" c-set-base-allowed="false" c-set-subsequent-allowed="true" date-revised="2013-01-01" status="published"><classification-symbol>G04D1/028</classification-symbol><class-title date-revised="2013-01-01"><title-part><CPC-specific-text><text>Hand tools for gripping or holding by pneumatic means</text></CPC-specific-text></title-part></class-title></classification-item></classification-item>
<classification-item breakdown-code="false" not-allocatable="false" level="8" additional-only="false" sort-key="G04D1/04" definition-exists="false" ipc-concordant="G04D1/04" c-set-base-allowed="false" c-set-subsequent-allowed="true" date-revised="2015-10-01" status="published"><classification-symbol>G04D1/04</classification-symbol><class-title date-revised="2015-10-01"><title-part><text>Tools for setting springs</text></title-part></class-title>
<classification-item breakdown-code="false" not-allocatable="false" level="9" additional-only="false" sort-key="G04D1/041" definition-exists="false" ipc-concordant="G04D1/04" c-set-base-allowed="false" c-set-subsequent-allowed="true" date-revised="2013-01-01" status="published"><classification-symbol>G04D1/041</classification-symbol><class-title date-revised="2013-01-01"><title-part><CPC-specific-text><text>for springs of driving mechanisms </text><reference><text>machines therefor <class-ref scheme="cpc">G04D3/0007</class-ref></text></reference></CPC-specific-text></title-part></class-title></classification-item>
<classification-item breakdown-code="false" not-allocatable="false" level="9" additional-only="false" sort-key="G04D1/042" definition-exists="false" ipc-concordant="G04D1/04" c-set-base-allowed="false" c-set-subsequent-allowed="true" date-revised="2013-01-01" status="published"><classification-symbol>G04D1/042</classification-symbol><class-title date-revised="2013-01-01"><title-part><CPC-specific-text><text>for coil springs in regulating mechanisms </text><reference><text>machines therefor <class-ref scheme="cpc">G04D3/0041</class-ref></text></reference></CPC-specific-text></title-part></class-title>
<classification-item breakdown-code="false" not-allocatable="false" level="10" additional-only="false" sort-key="G04D1/044" definition-exists="false" ipc-concordant="G04D1/04" c-set-base-allowed="false" c-set-subsequent-allowed="true" date-revised="2013-01-01" status="published"><classification-symbol>G04D1/044</classification-symbol><class-title date-revised="2013-01-01"><title-part><CPC-specific-text><text>for working the ends </text><reference><text>machines therefor <class-ref scheme="cpc">G04D3/0041</class-ref></text></reference></CPC-specific-text></title-part></class-title></classification-item>
<classification-item breakdown-code="false" not-allocatable="false" level="10" additional-only="false" sort-key="G04D1/045" definition-exists="false" ipc-concordant="G04D1/04" c-set-base-allowed="false" c-set-subsequent-allowed="true" date-revised="2013-01-01" status="published"><classification-symbol>G04D1/045</classification-symbol><class-title date-revised="2013-01-01"><title-part><CPC-specific-text><text>for fastening the ends </text><reference><text>machines therefor <class-ref scheme="cpc">G04D3/0007</class-ref>, <class-ref scheme="cpc">G04D3/0041</class-ref></text></reference></CPC-specific-text></title-part></class-title>
<classification-item breakdown-code="false" not-allocatable="false" level="11" additional-only="false" sort-key="G04D1/047" definition-exists="false" ipc-concordant="G04D1/04" c-set-base-allowed="false" c-set-subsequent-allowed="true" date-revised="2013-01-01" status="published"><classification-symbol>G04D1/047</classification-symbol><class-title date-revised="2013-01-01"><title-part><CPC-specific-text><text>on the coil roll</text></CPC-specific-text></title-part></class-title></classification-item>
<classification-item breakdown-code="false" not-allocatable="false" level="11" additional-only="false" sort-key="G04D1/048" definition-exists="false" ipc-concordant="G04D1/04" c-set-base-allowed="false" c-set-subsequent-allowed="true" date-revised="2013-01-01" status="published"><classification-symbol>G04D1/048</classification-symbol><class-title date-revised="2013-01-01"><title-part><CPC-specific-text><text>on the coil bobbin</text></CPC-specific-text></title-part></class-title></classification-item></classification-item></classification-item></classification-item>
<classification-item breakdown-code="false" not-allocatable="false" level="8" additional-only="false" sort-key="G04D1/06" definition-exists="false" ipc-concordant="G04D1/06" c-set-base-allowed="false" c-set-subsequent-allowed="true" date-revised="2013-01-01" status="published"><classification-symbol>G04D1/06</classification-symbol><class-title date-revised="2013-01-01"><title-part><text>Supporting devices for clockworks or parts of time-pieces </text><CPC-specific-text><reference><text>for automatic assembly <class-ref scheme="cpc">G04D1/0021</class-ref></text></reference></CPC-specific-text></title-part></class-title>
<classification-item breakdown-code="false" not-allocatable="false" level="9" additional-only="false" sort-key="G04D1/063" definition-exists="false" ipc-concordant="G04D1/06" c-set-base-allowed="false" c-set-subsequent-allowed="true" date-revised="2013-01-01" status="published"><classification-symbol>G04D1/063</classification-symbol><class-title date-revised="2013-01-01"><title-part><CPC-specific-text><text>provided with a pick-up means, e.g. microphone </text><reference><text>measuring and control means for comparison with a standard frequency <class-ref scheme="cpc">G04D7/12</class-ref></text></reference></CPC-specific-text></title-part></class-title></classification-item>
<classification-item breakdown-code="false" not-allocatable="false" level="9" additional-only="false" sort-key="G04D1/066" definition-exists="false" ipc-concordant="G04D1/06" c-set-base-allowed="false" c-set-subsequent-allowed="true" date-revised="2013-01-01" status="published"><classification-symbol>G04D1/066</classification-symbol><class-title date-revised="2013-01-01"><title-part><CPC-specific-text><text>Packaging and boxes for transport </text><reference><text>packaging for small items, packaging for special items <class-ref scheme="cpc">B65D</class-ref></text></reference></CPC-specific-text></title-part></class-title></classification-item></classification-item>
<classification-item breakdown-code="false" not-allocatable="false" level="8" additional-only="false" sort-key="G04D1/08" definition-exists="false" ipc-concordant="G04D1/08" c-set-base-allowed="false" c-set-subsequent-allowed="true" date-revised="2013-01-01" status="published"><classification-symbol>G04D1/08</classification-symbol><class-title date-revised="2013-01-01"><title-part><text>Tools for setting or removing hands </text><CPC-specific-text><reference><text>machines therefor <class-ref scheme="cpc">G04D3/0046</class-ref></text></reference></CPC-specific-text></title-part></class-title></classification-item>
<classification-item breakdown-code="false" not-allocatable="false" level="8" additional-only="false" sort-key="G04D1/10" definition-exists="false" ipc-concordant="G04D1/10" c-set-base-allowed="false" c-set-subsequent-allowed="true" date-revised="2013-01-01" status="published"><classification-symbol>G04D1/10</classification-symbol><class-title date-revised="2013-01-01"><title-part><text>Devices for opening or closing watch bottoms or covers </text><CPC-specific-text><reference><text>machines therefor <class-ref scheme="cpc">G04D3/00</class-ref></text></reference></CPC-specific-text></title-part></class-title></classification-item></classification-item>
<classification-item breakdown-code="false" not-allocatable="false" level="7" additional-only="false" sort-key="G04D3/00" definition-exists="true" ipc-concordant="G04D3/00" c-set-base-allowed="false" c-set-subsequent-allowed="true" date-revised="2013-01-01" status="published"><classification-symbol>G04D3/00</classification-symbol><class-title date-revised="2013-01-01"><title-part><text>Watchmakers&apos; or watch-repairers&apos; machines or tools for working materials </text><CPC-specific-text><reference><text>metal working in general class <class-ref scheme="cpc">B23</class-ref></text></reference></CPC-specific-text></title-part></class-title>
<classification-item breakdown-code="false" not-allocatable="false" level="8" additional-only="false" sort-key="G04D3/0002" definition-exists="false" ipc-concordant="G04D3/00" c-set-base-allowed="false" c-set-subsequent-allowed="true" date-revised="2013-01-01" status="published"><classification-symbol>G04D3/0002</classification-symbol><class-title date-revised="2013-01-01"><title-part><CPC-specific-text><text>for mechanical working other than with a lathe </text><reference><text>lathes for watchmakers <class-ref scheme="cpc">G04D3/02</class-ref></text></reference></CPC-specific-text></title-part></class-title>
<classification-item breakdown-code="false" not-allocatable="false" level="9" additional-only="false" sort-key="G04D3/0005" definition-exists="false" ipc-concordant="G04D3/00" c-set-base-allowed="false" c-set-subsequent-allowed="true" date-revised="2013-01-01" status="published"><classification-symbol>G04D3/0005</classification-symbol><class-title date-revised="2013-01-01"><title-part><CPC-specific-text><text>for parts of driving means</text></CPC-specific-text></title-part></class-title>
<classification-item breakdown-code="false" not-allocatable="false" level="10" additional-only="false" sort-key="G04D3/0007" definition-exists="false" ipc-concordant="G04D3/00" c-set-base-allowed="false" c-set-subsequent-allowed="true" date-revised="2013-01-01" status="published"><classification-symbol>G04D3/0007</classification-symbol><class-title date-revised="2013-01-01"><title-part><CPC-specific-text><text>for springs </text><reference><text>springs in general <class-ref scheme="cpc">B21F</class-ref>; mainspring construction <class-ref scheme="cpc">G04B1/14</class-ref>; springs for the regulating mechanism <u>see</u> <class-ref scheme="cpc">G04D3/0041</class-ref></text></reference></CPC-specific-text></title-part></class-title></classification-item>
<classification-item breakdown-code="false" not-allocatable="false" level="10" additional-only="false" sort-key="G04D3/001" definition-exists="false" ipc-concordant="G04D3/00" c-set-base-allowed="false" c-set-subsequent-allowed="true" date-revised="2013-01-01" status="published"><classification-symbol>G04D3/001</classification-symbol><class-title date-revised="2013-01-01"><title-part><CPC-specific-text><text>for spring barrels </text><reference><text>construction of spring barrels <class-ref scheme="cpc">G04B1/16</class-ref>, <class-ref scheme="cpc">G04B1/18</class-ref></text></reference></CPC-specific-text></title-part></class-title></classification-item></classification-item>
<classification-item breakdown-code="false" not-allocatable="false" level="9" additional-only="false" sort-key="G04D3/0012" definition-exists="false" ipc-concordant="G04D3/00" c-set-base-allowed="false" c-set-subsequent-allowed="true" date-revised="2013-01-01" status="published"><classification-symbol>G04D3/0012</classification-symbol><class-title date-revised="2013-01-01"><title-part><CPC-specific-text><text>for parts of the winding-up mechanism, e.g. for winding axles, crowns </text><reference><text>construction thereof <class-ref scheme="cpc">G04B3/00</class-ref>, <class-ref scheme="cpc">G04B5/00</class-ref></text></reference></CPC-specific-text></title-part></class-title></classification-item>
<classification-item breakdown-code="false" not-allocatable="false" level="9" additional-only="false" sort-key="G04D3/0015" definition-exists="false" ipc-concordant="G04D3/00" c-set-base-allowed="false" c-set-subsequent-allowed="true" date-revised="2013-01-01" status="published"><classification-symbol>G04D3/0015</classification-symbol><class-title date-revised="2013-01-01"><title-part><CPC-specific-text><text>for components of the pawl construction, stop clicks, clutches </text><reference><text>construction thereof <class-ref scheme="cpc">G04B11/00</class-ref></text></reference></CPC-specific-text></title-part></class-title></classification-item>
<classification-item breakdown-code="false" not-allocatable="false" level="9" additional-only="false" sort-key="G04D3/0017" definition-exists="false" ipc-concordant="G04D3/00" c-set-base-allowed="false" c-set-subsequent-allowed="true" date-revised="2013-01-01" status="published"><classification-symbol>G04D3/0017</classification-symbol><class-title date-revised="2013-01-01"><title-part><CPC-specific-text><text>for components of gearworks </text><reference><text>construction thereof <class-ref scheme="cpc">G04B13/00</class-ref></text></reference></CPC-specific-text></title-part></class-title>
<classification-item breakdown-code="false" not-allocatable="false" level="10" additional-only="false" sort-key="G04D3/002" definition-exists="false" ipc-concordant="G04D3/00" c-set-base-allowed="false" c-set-subsequent-allowed="true" date-revised="2013-01-01" status="published"><classification-symbol>G04D3/002</classification-symbol><class-title date-revised="2013-01-01"><title-part><CPC-specific-text><text>for gear wheels or gears</text></CPC-specific-text></title-part></class-title></classification-item>
<classification-item breakdown-code="false" not-allocatable="false" level="10" additional-only="false" sort-key="G04D3/0023" definition-exists="false" ipc-concordant="G04D3/00" c-set-base-allowed="false" c-set-subsequent-allowed="true" date-revised="2013-01-01" status="published"><classification-symbol>G04D3/0023</classification-symbol><class-title date-revised="2013-01-01"><title-part><CPC-specific-text><text>for axles, sleeves</text></CPC-specific-text></title-part></class-title></classification-item>
<classification-item breakdown-code="false" not-allocatable="false" level="10" additional-only="false" sort-key="G04D3/0025" definition-exists="false" ipc-concordant="G04D3/00" c-set-base-allowed="false" c-set-subsequent-allowed="true" date-revised="2013-01-01" status="published"><classification-symbol>G04D3/0025</classification-symbol><class-title date-revised="2013-01-01"><title-part><CPC-specific-text><text>for axletaps, e.g. for grinding or polishing thereof </text><reference><text>on a lathe <class-ref scheme="cpc">G04D3/02</class-ref></text></reference></CPC-specific-text></title-part></class-title></classification-item></classification-item>
<classification-item breakdown-code="false" not-allocatable="false" level="9" additional-only="false" sort-key="G04D3/0028" definition-exists="false" ipc-concordant="G04D3/00" c-set-base-allowed="false" c-set-subsequent-allowed="true" date-revised="2013-01-01" status="published"><classification-symbol>G04D3/0028</classification-symbol><class-title date-revised="2013-01-01"><title-part><CPC-specific-text><text>for components of the escape mechanism </text><reference><text>construction thereof <class-ref scheme="cpc">G04B15/00</class-ref></text></reference></CPC-specific-text></title-part></class-title>
<classification-item breakdown-code="false" not-allocatable="false" level="10" additional-only="false" sort-key="G04D3/003" definition-exists="false" ipc-concordant="G04D3/00" c-set-base-allowed="false" c-set-subsequent-allowed="true" date-revised="2013-01-01" status="published"><classification-symbol>G04D3/003</classification-symbol><class-title date-revised="2013-01-01"><title-part><CPC-specific-text><text>for levers</text></CPC-specific-text></title-part></class-title></classification-item>
<classification-item breakdown-code="false" not-allocatable="false" level="10" additional-only="false" sort-key="G04D3/0033" definition-exists="false" ipc-concordant="G04D3/00" c-set-base-allowed="false" c-set-subsequent-allowed="true" date-revised="2013-01-01" status="published"><classification-symbol>G04D3/0033</classification-symbol><class-title date-revised="2013-01-01"><title-part><CPC-specific-text><text>for lever wheels</text></CPC-specific-text></title-part></class-title></classification-item></classification-item>
<classification-item breakdown-code="false" not-allocatable="false" level="9" additional-only="false" sort-key="G04D3/0035" definition-exists="false" ipc-concordant="G04D3/00" c-set-base-allowed="false" c-set-subsequent-allowed="true" date-revised="2013-01-01" status="published"><classification-symbol>G04D3/0035</classification-symbol><class-title date-revised="2013-01-01"><title-part><CPC-specific-text><text>for components of the regulating mechanism</text></CPC-specific-text></title-part></class-title>
<classification-item breakdown-code="false" not-allocatable="false" level="10" additional-only="false" sort-key="G04D3/0038" definition-exists="false" ipc-concordant="G04D3/00" c-set-base-allowed="false" c-set-subsequent-allowed="true" date-revised="2013-01-01" status="published"><classification-symbol>G04D3/0038</classification-symbol><class-title date-revised="2013-01-01"><title-part><CPC-specific-text><text>for balances </text><reference><text>construction therefor <class-ref scheme="cpc">G04B17/063</class-ref></text></reference></CPC-specific-text></title-part></class-title></classification-item>
<classification-item breakdown-code="false" not-allocatable="false" level="10" additional-only="false" sort-key="G04D3/0041" definition-exists="false" ipc-concordant="G04D3/00" c-set-base-allowed="false" c-set-subsequent-allowed="true" date-revised="2013-01-01" status="published"><classification-symbol>G04D3/0041</classification-symbol><class-title date-revised="2013-01-01"><title-part><CPC-specific-text><text>for coil-springs </text><reference><text>coil-springs in general <class-ref scheme="cpc">B21F</class-ref>; springs for the driving mechanism <class-ref scheme="cpc">G04D3/0007</class-ref></text></reference></CPC-specific-text></title-part></class-title></classification-item></classification-item>
<classification-item breakdown-code="false" not-allocatable="false" level="9" additional-only="false" sort-key="G04D3/0043" definition-exists="false" ipc-concordant="G04D3/00" c-set-base-allowed="false" c-set-subsequent-allowed="true" date-revised="2013-01-01" status="published"><classification-symbol>G04D3/0043</classification-symbol><class-title date-revised="2013-01-01"><title-part><CPC-specific-text><text>for components of the time-indicating mechanisms </text><reference><text>construction thereof <class-ref scheme="cpc">G04B19/00</class-ref></text></reference></CPC-specific-text></title-part></class-title>
<classification-item breakdown-code="false" not-allocatable="false" level="10" additional-only="false" sort-key="G04D3/0046" definition-exists="false" ipc-concordant="G04D3/00" c-set-base-allowed="false" c-set-subsequent-allowed="true" date-revised="2013-01-01" status="published"><classification-symbol>G04D3/0046</classification-symbol><class-title date-revised="2013-01-01"><title-part><CPC-specific-text><text>for hands </text><reference><text>construction thereof <class-ref scheme="cpc">G04B19/00</class-ref></text></reference></CPC-specific-text></title-part></class-title></classification-item>
<classification-item breakdown-code="false" not-allocatable="false" level="10" additional-only="false" sort-key="G04D3/0048" definition-exists="false" ipc-concordant="G04D3/00" c-set-base-allowed="false" c-set-subsequent-allowed="true" date-revised="2013-01-01" status="published"><classification-symbol>G04D3/0048</classification-symbol><class-title date-revised="2013-01-01"><title-part><CPC-specific-text><text>for dials </text><reference><text>construction thereof <class-ref scheme="cpc">G04B19/10</class-ref>, <class-ref scheme="cpc">G04B19/12</class-ref></text></reference></CPC-specific-text></title-part></class-title></classification-item>
<classification-item breakdown-code="false" not-allocatable="false" level="10" additional-only="false" sort-key="G04D3/0051" definition-exists="false" ipc-concordant="G04D3/00" c-set-base-allowed="false" c-set-subsequent-allowed="true" date-revised="2013-01-01" status="published"><classification-symbol>G04D3/0051</classification-symbol><class-title date-revised="2013-01-01"><title-part><CPC-specific-text><text>for time markers</text></CPC-specific-text></title-part></class-title></classification-item></classification-item>
<classification-item breakdown-code="false" not-allocatable="false" level="9" additional-only="false" sort-key="G04D3/0053" definition-exists="false" ipc-concordant="G04D3/00" c-set-base-allowed="false" c-set-subsequent-allowed="true" date-revised="2013-01-01" status="published"><classification-symbol>G04D3/0053</classification-symbol><class-title date-revised="2013-01-01"><title-part><CPC-specific-text><text>for framework components </text><reference><text>construction thereof <class-ref scheme="cpc">G04B29/00</class-ref></text></reference></CPC-specific-text></title-part></class-title></classification-item>
<classification-item breakdown-code="false" not-allocatable="false" level="9" additional-only="false" sort-key="G04D3/0056" definition-exists="false" ipc-concordant="G04D3/00" c-set-base-allowed="false" c-set-subsequent-allowed="true" date-revised="2013-01-01" status="published"><classification-symbol>G04D3/0056</classification-symbol><class-title date-revised="2013-01-01"><title-part><CPC-specific-text><text>for bearing components </text><reference><text>construction thereof <class-ref scheme="cpc">G04B31/00</class-ref></text></reference></CPC-specific-text></title-part></class-title>
<classification-item breakdown-code="false" not-allocatable="false" level="10" additional-only="false" sort-key="G04D3/0058" definition-exists="false" ipc-concordant="G04D3/00" c-set-base-allowed="false" c-set-subsequent-allowed="true" date-revised="2013-01-01" status="published"><classification-symbol>G04D3/0058</classification-symbol><class-title date-revised="2013-01-01"><title-part><CPC-specific-text><text>for bearing jewels </text><reference><text>machines for boring through stones <class-ref scheme="cpc">B28D</class-ref>; for diamonds <class-ref scheme="cpc">B24B</class-ref>; diamond polishing <class-ref scheme="cpc">B24B9/16</class-ref>; manufacture of drawing stones <class-ref scheme="cpc">B23P5/00</class-ref>; setting of industrial stones <class-ref scheme="cpc">B23P15/24</class-ref></text></reference></CPC-specific-text></title-part></class-title></classification-item></classification-item>
<classification-item breakdown-code="false" not-allocatable="false" level="9" additional-only="false" sort-key="G04D3/0061" definition-exists="false" ipc-concordant="G04D3/00" c-set-base-allowed="false" c-set-subsequent-allowed="true" date-revised="2013-01-01" status="published"><classification-symbol>G04D3/0061</classification-symbol><class-title date-revised="2013-01-01"><title-part><CPC-specific-text><text>for components for protecting the mechanism against external influences </text><reference><text>construction thereof <class-ref scheme="cpc">G04B37/00</class-ref>, <class-ref scheme="cpc">G04B43/00</class-ref></text></reference></CPC-specific-text></title-part></class-title>
<classification-item breakdown-code="false" not-allocatable="false" level="10" additional-only="false" sort-key="G04D3/0064" definition-exists="false" ipc-concordant="G04D3/00" c-set-base-allowed="false" c-set-subsequent-allowed="true" date-revised="2013-01-01" status="published"><classification-symbol>G04D3/0064</classification-symbol><class-title date-revised="2013-01-01"><title-part><CPC-specific-text><text>for cases</text></CPC-specific-text></title-part></class-title></classification-item>
<classification-item breakdown-code="false" not-allocatable="false" level="10" additional-only="false" sort-key="G04D3/0066" definition-exists="false" ipc-concordant="G04D3/00" c-set-base-allowed="false" c-set-subsequent-allowed="true" date-revised="2013-01-01" status="published"><classification-symbol>G04D3/0066</classification-symbol><class-title date-revised="2013-01-01"><title-part><CPC-specific-text><text>for the fastening means of the case or bracelet </text><reference><text>construction thereof <class-ref scheme="cpc">G04B37/1486</class-ref></text></reference></CPC-specific-text></title-part></class-title></classification-item></classification-item></classification-item>
<classification-item breakdown-code="false" not-allocatable="false" level="8" additional-only="false" sort-key="G04D3/0069" definition-exists="false" ipc-concordant="G04D3/00" c-set-base-allowed="false" c-set-subsequent-allowed="true" date-revised="2013-01-01" status="published"><classification-symbol>G04D3/0069</classification-symbol><class-title date-revised="2013-01-01"><title-part><CPC-specific-text><text>for working with non-mechanical means, e.g. chemical, electrochemical, metallising, vapourising; with electron beams, laser beams</text></CPC-specific-text></title-part></class-title>
<classification-item breakdown-code="false" not-allocatable="false" level="9" additional-only="false" sort-key="G04D3/0071" definition-exists="false" ipc-concordant="G04D3/00" c-set-base-allowed="false" c-set-subsequent-allowed="true" date-revised="2013-01-01" status="published"><classification-symbol>G04D3/0071</classification-symbol><class-title date-revised="2013-01-01"><title-part><CPC-specific-text><text>for bearing components</text></CPC-specific-text></title-part></class-title></classification-item></classification-item>
<classification-item breakdown-code="false" not-allocatable="false" level="8" additional-only="false" sort-key="G04D3/0074" definition-exists="false" ipc-concordant="G04D3/00" c-set-base-allowed="false" c-set-subsequent-allowed="true" date-revised="2013-01-01" status="published"><classification-symbol>G04D3/0074</classification-symbol><class-title date-revised="2013-01-01"><title-part><CPC-specific-text><text>for treatment of the material, e.g. surface treatment</text></CPC-specific-text></title-part></class-title>
<classification-item breakdown-code="false" not-allocatable="false" level="9" additional-only="false" sort-key="G04D3/0076" definition-exists="false" ipc-concordant="G04D3/00" c-set-base-allowed="false" c-set-subsequent-allowed="true" date-revised="2013-01-01" status="published"><classification-symbol>G04D3/0076</classification-symbol><class-title date-revised="2013-01-01"><title-part><CPC-specific-text><text>for components of driving mechanisms, e.g. mainspring</text></CPC-specific-text></title-part></class-title></classification-item>
<classification-item breakdown-code="false" not-allocatable="false" level="9" additional-only="false" sort-key="G04D3/0079" definition-exists="false" ipc-concordant="G04D3/00" c-set-base-allowed="false" c-set-subsequent-allowed="true" date-revised="2013-01-01" status="published"><classification-symbol>G04D3/0079</classification-symbol><class-title date-revised="2013-01-01"><title-part><CPC-specific-text><text>for gearwork components</text></CPC-specific-text></title-part></class-title>
<classification-item breakdown-code="false" not-allocatable="false" level="10" additional-only="false" sort-key="G04D3/0082" definition-exists="false" ipc-concordant="G04D3/00" c-set-base-allowed="false" c-set-subsequent-allowed="true" date-revised="2013-01-01" status="published"><classification-symbol>G04D3/0082</classification-symbol><class-title date-revised="2013-01-01"><title-part><CPC-specific-text><text>for gear wheels or gears</text></CPC-specific-text></title-part></class-title></classification-item>
<classification-item breakdown-code="false" not-allocatable="false" level="10" additional-only="false" sort-key="G04D3/0084" definition-exists="false" ipc-concordant="G04D3/00" c-set-base-allowed="false" c-set-subsequent-allowed="true" date-revised="2013-01-01" status="published"><classification-symbol>G04D3/0084</classification-symbol><class-title date-revised="2013-01-01"><title-part><CPC-specific-text><text>for axles, sleeves</text></CPC-specific-text></title-part></class-title></classification-item></classification-item>
<classification-item breakdown-code="false" not-allocatable="false" level="9" additional-only="false" sort-key="G04D3/0087" definition-exists="false" ipc-concordant="G04D3/00" c-set-base-allowed="false" c-set-subsequent-allowed="true" date-revised="2017-01-01" status="published"><classification-symbol>G04D3/0087</classification-symbol><class-title date-revised="2017-01-01"><title-part><CPC-specific-text><text>for components of the escapement mechanism, e.g. lever escapement, escape wheel</text></CPC-specific-text></title-part></class-title></classification-item>
<classification-item breakdown-code="false" not-allocatable="false" level="9" additional-only="false" sort-key="G04D3/0089" definition-exists="false" ipc-concordant="G04D3/00" c-set-base-allowed="false" c-set-subsequent-allowed="true" date-revised="2013-01-01" status="published"><classification-symbol>G04D3/0089</classification-symbol><class-title date-revised="2013-01-01"><title-part><CPC-specific-text><text>for components of the regulating mechanism, e.g. coil springs</text></CPC-specific-text></title-part></class-title></classification-item>
<classification-item breakdown-code="false" not-allocatable="false" level="9" additional-only="false" sort-key="G04D3/0092" definition-exists="false" ipc-concordant="G04D3/00" c-set-base-allowed="false" c-set-subsequent-allowed="true" date-revised="2013-01-01" status="published"><classification-symbol>G04D3/0092</classification-symbol><class-title date-revised="2013-01-01"><title-part><CPC-specific-text><text>for components of the time-indicating mechanism, e.g. dials</text></CPC-specific-text></title-part></class-title></classification-item>
<classification-item breakdown-code="false" not-allocatable="false" level="9" additional-only="false" sort-key="G04D3/0094" definition-exists="false" ipc-concordant="G04D3/00" c-set-base-allowed="false" c-set-subsequent-allowed="true" date-revised="2013-01-01" status="published"><classification-symbol>G04D3/0094</classification-symbol><class-title date-revised="2013-01-01"><title-part><CPC-specific-text><text>for bearing components</text></CPC-specific-text></title-part></class-title></classification-item>
<classification-item breakdown-code="false" not-allocatable="false" level="9" additional-only="false" sort-key="G04D3/0097" definition-exists="false" ipc-concordant="G04D3/00" c-set-base-allowed="false" c-set-subsequent-allowed="true" date-revised="2013-01-01" status="published"><classification-symbol>G04D3/0097</classification-symbol><class-title date-revised="2013-01-01"><title-part><CPC-specific-text><text>for components of the means protecting the mechanism against external influences, e.g. cases</text></CPC-specific-text></title-part></class-title></classification-item></classification-item>
<classification-item breakdown-code="false" not-allocatable="false" level="8" additional-only="false" sort-key="G04D3/02" definition-exists="false" ipc-concordant="G04D3/02" c-set-base-allowed="false" c-set-subsequent-allowed="true" date-revised="2013-01-01" status="published"><classification-symbol>G04D3/02</classification-symbol><class-title date-revised="2013-01-01"><title-part><text>Lathes, with one or more supports</text></title-part><title-part><text>Burnishing machines, with one or more supports </text><CPC-specific-text><reference><text>metal lathes <class-ref scheme="cpc">B23B</class-ref>; automatic lathes <class-ref scheme="cpc">B23B</class-ref>; grinding and polishing in general class <class-ref scheme="cpc">B24</class-ref></text></reference></CPC-specific-text></title-part></class-title>
<classification-item breakdown-code="false" not-allocatable="false" level="9" additional-only="false" sort-key="G04D3/0209" definition-exists="false" ipc-concordant="G04D3/02" c-set-base-allowed="false" c-set-subsequent-allowed="true" date-revised="2013-01-01" status="published"><classification-symbol>G04D3/0209</classification-symbol><class-title date-revised="2013-01-01"><title-part><CPC-specific-text><text>Components</text></CPC-specific-text></title-part></class-title>
<classification-item breakdown-code="false" not-allocatable="false" level="10" additional-only="false" sort-key="G04D3/0218" definition-exists="false" ipc-concordant="G04D3/02" c-set-base-allowed="false" c-set-subsequent-allowed="true" date-revised="2013-01-01" status="published"><classification-symbol>G04D3/0218</classification-symbol><class-title date-revised="2013-01-01"><title-part><CPC-specific-text><text>Jaw-plates, revolving-head nippers</text></CPC-specific-text></title-part></class-title></classification-item></classification-item>
<classification-item breakdown-code="false" not-allocatable="false" level="9" additional-only="false" sort-key="G04D3/0227" definition-exists="false" ipc-concordant="G04D3/02" c-set-base-allowed="false" c-set-subsequent-allowed="true" date-revised="2013-01-01" status="published"><classification-symbol>G04D3/0227</classification-symbol><class-title date-revised="2013-01-01"><title-part><CPC-specific-text><text>for the manufacture of special components for clockworks</text></CPC-specific-text></title-part></class-title>
<classification-item breakdown-code="false" not-allocatable="false" level="10" additional-only="false" sort-key="G04D3/0236" definition-exists="false" ipc-concordant="G04D3/02" c-set-base-allowed="false" c-set-subsequent-allowed="true" date-revised="2013-01-01" status="published"><classification-symbol>G04D3/0236</classification-symbol><class-title date-revised="2013-01-01"><title-part><CPC-specific-text><text>for gearwork components</text></CPC-specific-text></title-part></class-title>
<classification-item breakdown-code="false" not-allocatable="false" level="11" additional-only="false" sort-key="G04D3/0245" definition-exists="false" ipc-concordant="G04D3/02" c-set-base-allowed="false" c-set-subsequent-allowed="true" date-revised="2013-01-01" status="published"><classification-symbol>G04D3/0245</classification-symbol><class-title date-revised="2013-01-01"><title-part><CPC-specific-text><text>for gear wheels or gears</text></CPC-specific-text></title-part></class-title></classification-item>
<classification-item breakdown-code="false" not-allocatable="false" level="11" additional-only="false" sort-key="G04D3/0254" definition-exists="false" ipc-concordant="G04D3/02" c-set-base-allowed="false" c-set-subsequent-allowed="true" date-revised="2013-01-01" status="published"><classification-symbol>G04D3/0254</classification-symbol><class-title date-revised="2013-01-01"><title-part><CPC-specific-text><text>for axles, sleeves</text></CPC-specific-text></title-part></class-title></classification-item>
<classification-item breakdown-code="false" not-allocatable="false" level="11" additional-only="false" sort-key="G04D3/0263" definition-exists="false" ipc-concordant="G04D3/02" c-set-base-allowed="false" c-set-subsequent-allowed="true" date-revised="2013-01-01" status="published"><classification-symbol>G04D3/0263</classification-symbol><class-title date-revised="2013-01-01"><title-part><CPC-specific-text><text>for axle taps</text></CPC-specific-text></title-part></class-title></classification-item></classification-item>
<classification-item breakdown-code="false" not-allocatable="false" level="10" additional-only="false" sort-key="G04D3/0272" definition-exists="false" ipc-concordant="G04D3/02" c-set-base-allowed="false" c-set-subsequent-allowed="true" date-revised="2013-01-01" status="published"><classification-symbol>G04D3/0272</classification-symbol><class-title date-revised="2013-01-01"><title-part><CPC-specific-text><text>for components of the time-indicating mechanism, e.g. dials</text></CPC-specific-text></title-part></class-title></classification-item>
<classification-item breakdown-code="false" not-allocatable="false" level="10" additional-only="false" sort-key="G04D3/0281" definition-exists="false" ipc-concordant="G04D3/02" c-set-base-allowed="false" c-set-subsequent-allowed="true" date-revised="2013-01-01" status="published"><classification-symbol>G04D3/0281</classification-symbol><class-title date-revised="2013-01-01"><title-part><CPC-specific-text><text>for bearing components</text></CPC-specific-text></title-part></class-title></classification-item>
<classification-item breakdown-code="false" not-allocatable="false" level="10" additional-only="false" sort-key="G04D3/029" definition-exists="false" ipc-concordant="G04D3/02" c-set-base-allowed="false" c-set-subsequent-allowed="true" date-revised="2013-01-01" status="published"><classification-symbol>G04D3/029</classification-symbol><class-title date-revised="2013-01-01"><title-part><CPC-specific-text><text>for components of the means protecting the mechanism from external influences, e.g. cases</text></CPC-specific-text></title-part></class-title></classification-item></classification-item></classification-item>
<classification-item breakdown-code="false" not-allocatable="false" level="8" additional-only="false" sort-key="G04D3/04" definition-exists="false" ipc-concordant="G04D3/04" c-set-base-allowed="false" c-set-subsequent-allowed="true" date-revised="2013-01-01" status="published"><classification-symbol>G04D3/04</classification-symbol><class-title date-revised="2013-01-01"><title-part><text>Devices for placing bearing jewels, bearing sleeves, or the like in position </text><CPC-specific-text><reference><text>fixing jewels <class-ref scheme="cpc">A44C17/04</class-ref>; tools for assembling and taking apart gear wheels and bearing components <class-ref scheme="cpc">B25B</class-ref>; machines for the manufacture of bearing jewels and components <class-ref scheme="cpc">G04D3/0002</class-ref></text></reference></CPC-specific-text></title-part></class-title>
<classification-item breakdown-code="false" not-allocatable="false" level="9" additional-only="false" sort-key="G04D3/042" definition-exists="false" ipc-concordant="G04D3/04" c-set-base-allowed="false" c-set-subsequent-allowed="true" date-revised="2013-01-01" status="published"><classification-symbol>G04D3/042</classification-symbol><class-title date-revised="2013-01-01"><title-part><CPC-specific-text><text>for bearing jewels </text><reference><text>pressing nippers and hand tools <class-ref scheme="cpc">G04D1/0042</class-ref></text></reference></CPC-specific-text></title-part></class-title></classification-item>
<classification-item breakdown-code="false" not-allocatable="false" level="9" additional-only="false" sort-key="G04D3/045" definition-exists="false" ipc-concordant="G04D3/04" c-set-base-allowed="false" c-set-subsequent-allowed="true" date-revised="2013-01-01" status="published"><classification-symbol>G04D3/045</classification-symbol><class-title date-revised="2013-01-01"><title-part><CPC-specific-text><text>for lever, Impulse-pin </text><reference><text>adjustment of the escapement <class-ref scheme="cpc">G04D7/06</class-ref></text></reference></CPC-specific-text></title-part></class-title></classification-item>
<classification-item breakdown-code="false" not-allocatable="false" level="9" additional-only="false" sort-key="G04D3/047" definition-exists="false" ipc-concordant="G04D3/04" c-set-base-allowed="false" c-set-subsequent-allowed="true" date-revised="2013-01-01" status="published"><classification-symbol>G04D3/047</classification-symbol><class-title date-revised="2013-01-01"><title-part><CPC-specific-text><text>for the coil rolls or bobbins</text></CPC-specific-text></title-part></class-title></classification-item></classification-item>
<classification-item breakdown-code="false" not-allocatable="false" level="8" additional-only="false" sort-key="G04D3/06" definition-exists="false" ipc-concordant="G04D3/06" c-set-base-allowed="false" c-set-subsequent-allowed="true" date-revised="2015-07-01" status="published"><classification-symbol>G04D3/06</classification-symbol><class-title date-revised="2013-01-01"><title-part><text>Devices for shaping or setting watch glasses </text><CPC-specific-text><reference><text>cutting watch glasses <class-ref scheme="cpc">C03B33/04</class-ref>; grinding or working of spectacle lenses and lenses <class-ref scheme="cpc">B24B</class-ref>; working plastic materials in general <class-ref scheme="cpc">B29</class-ref></text></reference></CPC-specific-text></title-part></class-title>
<classification-item breakdown-code="false" not-allocatable="false" level="9" additional-only="false" sort-key="G04D3/062" definition-exists="false" ipc-concordant="G04D3/06" c-set-base-allowed="false" c-set-subsequent-allowed="true" date-revised="2013-01-01" status="published"><classification-symbol>G04D3/062</classification-symbol><class-title date-revised="2013-01-01"><title-part><CPC-specific-text><text>Shaping without chipping away, e.g. by hot pressing or by punching out the whole piece from a plate</text></CPC-specific-text></title-part></class-title></classification-item>
<classification-item breakdown-code="false" not-allocatable="false" level="9" additional-only="false" sort-key="G04D3/065" definition-exists="false" ipc-concordant="G04D3/06" c-set-base-allowed="false" c-set-subsequent-allowed="true" date-revised="2013-01-01" status="published"><classification-symbol>G04D3/065</classification-symbol><class-title date-revised="2013-01-01"><title-part><CPC-specific-text><text>Shaping by removing material, e.g. cutting out from a plate, milling the edges</text></CPC-specific-text></title-part></class-title></classification-item>
<classification-item breakdown-code="false" not-allocatable="false" level="9" additional-only="false" sort-key="G04D3/067" definition-exists="false" ipc-concordant="G04D3/06" c-set-base-allowed="false" c-set-subsequent-allowed="true" date-revised="2013-01-01" status="published"><classification-symbol>G04D3/067</classification-symbol><class-title date-revised="2013-01-01"><title-part><CPC-specific-text><text>Setting or taking apart, whereby a temporary deformation of the glass may take place</text></CPC-specific-text></title-part></class-title></classification-item></classification-item>
<classification-item breakdown-code="false" not-allocatable="false" level="8" additional-only="false" sort-key="G04D3/08" definition-exists="false" ipc-concordant="G04D3/08" c-set-base-allowed="false" c-set-subsequent-allowed="true" date-revised="2013-01-01" status="published"><classification-symbol>G04D3/08</classification-symbol><class-title date-revised="2013-01-01"><title-part><text>Machines or apparatus for cleaning</text></title-part></class-title>
<classification-item breakdown-code="false" not-allocatable="false" level="9" additional-only="false" sort-key="G04D3/083" definition-exists="false" ipc-concordant="G04D3/08" c-set-base-allowed="false" c-set-subsequent-allowed="true" date-revised="2013-01-01" status="published"><classification-symbol>G04D3/083</classification-symbol><class-title date-revised="2013-01-01"><title-part><CPC-specific-text><text>whereby the components to be cleaned are placed in a container</text></CPC-specific-text></title-part></class-title>
<classification-item breakdown-code="false" not-allocatable="false" level="10" additional-only="false" sort-key="G04D3/086" definition-exists="false" ipc-concordant="G04D3/08" c-set-base-allowed="false" c-set-subsequent-allowed="true" date-revised="2013-01-01" status="published"><classification-symbol>G04D3/086</classification-symbol><class-title date-revised="2013-01-01"><title-part><CPC-specific-text><text>whereby the container rotates in a cleaning fluid</text></CPC-specific-text></title-part></class-title></classification-item></classification-item></classification-item></classification-item>
<classification-item breakdown-code="false" not-allocatable="false" level="7" additional-only="false" sort-key="G04D5/00" definition-exists="true" ipc-concordant="G04D5/00" c-set-base-allowed="false" c-set-subsequent-allowed="true" date-revised="2013-01-01" status="published"><classification-symbol>G04D5/00</classification-symbol><class-title date-revised="2013-01-01"><title-part><text>Oiling devices</text></title-part><title-part><text>Special lubricant containers for watchmakers </text><CPC-specific-text><reference><text>bearings constructed with regard to oiling of the clockwork <class-ref scheme="cpc">G04B31/08</class-ref>; oilcans for lubricating in general <class-ref scheme="cpc">F16N3/04</class-ref></text></reference></CPC-specific-text></title-part></class-title>
<classification-item breakdown-code="false" not-allocatable="false" level="8" additional-only="false" sort-key="G04D5/005" definition-exists="false" ipc-concordant="G04D5/00" c-set-base-allowed="false" c-set-subsequent-allowed="true" date-revised="2013-01-01" status="published"><classification-symbol>G04D5/005</classification-symbol><class-title date-revised="2013-01-01"><title-part><CPC-specific-text><text>Oilcans and other hand tools for lubricating special parts of the clockwork mechanism</text></CPC-specific-text></title-part></class-title></classification-item></classification-item>
<classification-item breakdown-code="false" not-allocatable="false" level="7" additional-only="false" sort-key="G04D7/00" definition-exists="true" ipc-concordant="G04D7/00" c-set-base-allowed="false" c-set-subsequent-allowed="true" date-revised="2013-01-01" status="published"><classification-symbol>G04D7/00</classification-symbol><class-title date-revised="2013-01-01"><title-part><text>Measuring, counting, calibrating, testing or regulating apparatus </text><CPC-specific-text><reference><text>measuring devices and calibers in general <class-ref scheme="cpc">G01B</class-ref>; counters in general <class-ref scheme="cpc">H03K</class-ref></text></reference></CPC-specific-text></title-part></class-title>
<classification-item breakdown-code="false" not-allocatable="false" level="8" additional-only="false" sort-key="G04D7/001" definition-exists="false" ipc-concordant="G04D7/00" c-set-base-allowed="false" c-set-subsequent-allowed="true" date-revised="2013-01-01" status="published"><classification-symbol>G04D7/001</classification-symbol><class-title date-revised="2013-01-01"><title-part><CPC-specific-text><text>Purely mechanical measuring and testing apparatus</text></CPC-specific-text></title-part></class-title></classification-item>
<classification-item breakdown-code="false" not-allocatable="false" level="8" additional-only="false" sort-key="G04D7/002" definition-exists="false" ipc-concordant="G04D7/00" c-set-base-allowed="false" c-set-subsequent-allowed="true" date-revised="2013-01-01" status="published"><classification-symbol>G04D7/002</classification-symbol><class-title date-revised="2013-01-01"><title-part><CPC-specific-text><text>Electrical measuring and testing apparatus</text></CPC-specific-text></title-part></class-title>
<classification-item breakdown-code="false" not-allocatable="false" level="9" additional-only="false" sort-key="G04D7/003" definition-exists="false" ipc-concordant="G04D7/00" c-set-base-allowed="false" c-set-subsequent-allowed="true" date-revised="2013-01-01" status="published"><classification-symbol>G04D7/003</classification-symbol><class-title date-revised="2013-01-01"><title-part><CPC-specific-text><text>for electric or electronic clocks</text></CPC-specific-text></title-part></class-title></classification-item></classification-item>
<classification-item breakdown-code="false" not-allocatable="false" level="8" additional-only="false" sort-key="G04D7/004" definition-exists="false" ipc-concordant="G04D7/00" c-set-base-allowed="false" c-set-subsequent-allowed="true" date-revised="2013-01-01" status="published"><classification-symbol>G04D7/004</classification-symbol><class-title date-revised="2013-01-01"><title-part><CPC-specific-text><text>Optical measuring and testing apparatus</text></CPC-specific-text></title-part></class-title></classification-item>
<classification-item breakdown-code="false" not-allocatable="false" level="8" additional-only="false" sort-key="G04D7/005" definition-exists="false" ipc-concordant="G04D7/00" c-set-base-allowed="false" c-set-subsequent-allowed="true" date-revised="2013-01-01" status="published"><classification-symbol>G04D7/005</classification-symbol><class-title date-revised="2013-01-01"><title-part><CPC-specific-text><text>Counters for small components, e.g. bearing jewels</text></CPC-specific-text></title-part></class-title></classification-item>
<classification-item breakdown-code="false" not-allocatable="false" level="8" additional-only="false" sort-key="G04D7/006" definition-exists="false" ipc-concordant="G04D7/00" c-set-base-allowed="false" c-set-subsequent-allowed="true" date-revised="2013-01-01" status="published"><classification-symbol>G04D7/006</classification-symbol><class-title date-revised="2013-01-01"><title-part><CPC-specific-text><text>Testing apparatus for complete clockworks with regard to external influences or general good working</text></CPC-specific-text></title-part></class-title>
<classification-item breakdown-code="false" not-allocatable="false" level="9" additional-only="false" sort-key="G04D7/007" definition-exists="false" ipc-concordant="G04D7/00" c-set-base-allowed="false" c-set-subsequent-allowed="true" date-revised="2013-01-01" status="published"><classification-symbol>G04D7/007</classification-symbol><class-title date-revised="2013-01-01"><title-part><CPC-specific-text><text>with regard to the sealing of the case</text></CPC-specific-text></title-part></class-title></classification-item>
<classification-item breakdown-code="false" not-allocatable="false" level="9" additional-only="false" sort-key="G04D7/008" definition-exists="false" ipc-concordant="G04D7/00" c-set-base-allowed="false" c-set-subsequent-allowed="true" date-revised="2013-01-01" status="published"><classification-symbol>G04D7/008</classification-symbol><class-title date-revised="2013-01-01"><title-part><CPC-specific-text><text>with regard to the reaction to shocks</text></CPC-specific-text></title-part></class-title></classification-item>
<classification-item breakdown-code="false" not-allocatable="false" level="9" additional-only="false" sort-key="G04D7/009" definition-exists="false" ipc-concordant="G04D7/00" c-set-base-allowed="false" c-set-subsequent-allowed="true" date-revised="2013-01-01" status="published"><classification-symbol>G04D7/009</classification-symbol><class-title date-revised="2013-01-01"><title-part><CPC-specific-text><text>with regard to the functioning of the automatic winding-up device</text></CPC-specific-text></title-part></class-title></classification-item></classification-item>
<classification-item breakdown-code="false" not-allocatable="false" level="8" additional-only="false" sort-key="G04D7/02" definition-exists="false" ipc-concordant="G04D7/02" c-set-base-allowed="false" c-set-subsequent-allowed="true" date-revised="2013-01-01" status="published"><classification-symbol>G04D7/02</classification-symbol><class-title date-revised="2013-01-01"><title-part><text>for mainsprings</text></title-part></class-title></classification-item>
<classification-item breakdown-code="false" not-allocatable="false" level="8" additional-only="false" sort-key="G04D7/04" definition-exists="false" ipc-concordant="G04D7/04" c-set-base-allowed="false" c-set-subsequent-allowed="true" date-revised="2013-01-01" status="published"><classification-symbol>G04D7/04</classification-symbol><class-title date-revised="2013-01-01"><title-part><text>for gearwork, </text><CPC-specific-text><reference><text>e.g. optical control of gear wheels; optical control in general <class-ref scheme="cpc">G01B</class-ref>, <class-ref scheme="cpc">G01B9/08</class-ref></text></reference></CPC-specific-text></title-part></class-title></classification-item>
<classification-item breakdown-code="false" not-allocatable="false" level="8" additional-only="false" sort-key="G04D7/06" definition-exists="false" ipc-concordant="G04D7/06" c-set-base-allowed="false" c-set-subsequent-allowed="true" date-revised="2013-01-01" status="published"><classification-symbol>G04D7/06</classification-symbol><class-title date-revised="2013-01-01"><title-part><text>for escapements</text></title-part></class-title></classification-item>
<classification-item breakdown-code="false" not-allocatable="false" level="8" additional-only="false" sort-key="G04D7/08" definition-exists="false" ipc-concordant="G04D7/08" c-set-base-allowed="false" c-set-subsequent-allowed="true" date-revised="2013-01-01" status="published"><classification-symbol>G04D7/08</classification-symbol><class-title date-revised="2013-01-01"><title-part><text>for balance wheels</text></title-part></class-title>
<classification-item breakdown-code="false" not-allocatable="false" level="9" additional-only="false" sort-key="G04D7/081" definition-exists="false" ipc-concordant="G04D7/08" c-set-base-allowed="false" c-set-subsequent-allowed="true" date-revised="2013-01-01" status="published"><classification-symbol>G04D7/081</classification-symbol><class-title date-revised="2013-01-01"><title-part><CPC-specific-text><text>for adjusting the felloe or the shafts </text><reference><text>adjustment of the gear wheels <class-ref scheme="cpc">G04D7/04</class-ref></text></reference></CPC-specific-text></title-part></class-title></classification-item>
<classification-item breakdown-code="false" not-allocatable="false" level="9" additional-only="false" sort-key="G04D7/082" definition-exists="false" ipc-concordant="G04D7/08" c-set-base-allowed="false" c-set-subsequent-allowed="true" date-revised="2013-01-01" status="published"><classification-symbol>G04D7/082</classification-symbol><class-title date-revised="2013-01-01"><title-part><CPC-specific-text><text>for balancing</text></CPC-specific-text></title-part></class-title>
<classification-item breakdown-code="false" not-allocatable="false" level="10" additional-only="false" sort-key="G04D7/084" definition-exists="false" ipc-concordant="G04D7/08" c-set-base-allowed="false" c-set-subsequent-allowed="true" date-revised="2013-01-01" status="published"><classification-symbol>G04D7/084</classification-symbol><class-title date-revised="2013-01-01"><title-part><CPC-specific-text><text>by setting adjustable elements, e.g. balance wheel screws</text></CPC-specific-text></title-part></class-title></classification-item>
<classification-item breakdown-code="false" not-allocatable="false" level="10" additional-only="false" sort-key="G04D7/085" definition-exists="false" ipc-concordant="G04D7/08" c-set-base-allowed="false" c-set-subsequent-allowed="true" date-revised="2013-01-01" status="published"><classification-symbol>G04D7/085</classification-symbol><class-title date-revised="2013-01-01"><title-part><CPC-specific-text><text>by removing material from the balance wheel itself</text></CPC-specific-text></title-part></class-title>
<classification-item breakdown-code="false" not-allocatable="false" level="11" additional-only="false" sort-key="G04D7/087" definition-exists="false" ipc-concordant="G04D7/08" c-set-base-allowed="false" c-set-subsequent-allowed="true" date-revised="2013-01-01" status="published"><classification-symbol>G04D7/087</classification-symbol><class-title date-revised="2013-01-01"><title-part><CPC-specific-text><text>Automatic devices therefor (balancing and loading or removing carried out automatically)</text></CPC-specific-text></title-part></class-title></classification-item></classification-item>
<classification-item breakdown-code="false" not-allocatable="false" level="10" additional-only="false" sort-key="G04D7/088" definition-exists="false" ipc-concordant="G04D7/08" c-set-base-allowed="false" c-set-subsequent-allowed="true" date-revised="2013-01-01" status="published"><classification-symbol>G04D7/088</classification-symbol><class-title date-revised="2013-01-01"><title-part><CPC-specific-text><text>by loading the balance wheel itself with material</text></CPC-specific-text></title-part></class-title></classification-item></classification-item></classification-item>
<classification-item breakdown-code="false" not-allocatable="false" level="8" additional-only="false" sort-key="G04D7/10" definition-exists="false" ipc-concordant="G04D7/10" c-set-base-allowed="false" c-set-subsequent-allowed="true" date-revised="2013-01-01" status="published"><classification-symbol>G04D7/10</classification-symbol><class-title date-revised="2013-01-01"><title-part><text>for hairsprings </text><CPC-specific-text><text>of balances</text></CPC-specific-text></title-part></class-title></classification-item>
<classification-item breakdown-code="false" not-allocatable="false" level="8" additional-only="false" sort-key="G04D7/12" definition-exists="false" ipc-concordant="G04D7/12" c-set-base-allowed="false" c-set-subsequent-allowed="true" date-revised="2013-01-01" status="published"><classification-symbol>G04D7/12</classification-symbol><class-title date-revised="2013-01-01"><title-part><text>Timing devices for clocks or watches for comparing the rate of the oscillating member with a standard </text><CPC-specific-text><reference><text>supporting devices for clocks with built-in recording apparatus <class-ref scheme="cpc">G04D1/063</class-ref>; measuring short time intervals <class-ref scheme="cpc">G04F10/00</class-ref>; frequency measuring in general <class-ref scheme="cpc">H04B</class-ref>, <class-ref scheme="cpc">G01R</class-ref></text></reference></CPC-specific-text></title-part></class-title>
<classification-item breakdown-code="false" not-allocatable="false" level="9" additional-only="false" sort-key="G04D7/1207" definition-exists="false" ipc-concordant="G04D7/12" c-set-base-allowed="false" c-set-subsequent-allowed="true" date-revised="2013-01-01" status="published"><classification-symbol>G04D7/1207</classification-symbol><class-title date-revised="2013-01-01"><title-part><CPC-specific-text><text>only for measuring</text></CPC-specific-text></title-part></class-title>
<classification-item breakdown-code="false" not-allocatable="false" level="10" additional-only="false" sort-key="G04D7/1214" definition-exists="false" ipc-concordant="G04D7/12" c-set-base-allowed="false" c-set-subsequent-allowed="true" date-revised="2013-01-01" status="published"><classification-symbol>G04D7/1214</classification-symbol><class-title date-revised="2013-01-01"><title-part><CPC-specific-text><text>for complete clockworks</text></CPC-specific-text></title-part></class-title>
<classification-item breakdown-code="false" not-allocatable="false" level="11" additional-only="false" sort-key="G04D7/1221" definition-exists="false" ipc-concordant="G04D7/12" c-set-base-allowed="false" c-set-subsequent-allowed="true" date-revised="2013-01-01" status="published"><classification-symbol>G04D7/1221</classification-symbol><class-title date-revised="2013-01-01"><title-part><CPC-specific-text><text>with recording, e.g. vibrograph</text></CPC-specific-text></title-part></class-title>
<classification-item breakdown-code="false" not-allocatable="false" level="12" additional-only="false" sort-key="G04D7/1228" definition-exists="false" ipc-concordant="G04D7/12" c-set-base-allowed="false" c-set-subsequent-allowed="true" date-revised="2013-01-01" status="published"><classification-symbol>G04D7/1228</classification-symbol><class-title date-revised="2013-01-01"><title-part><CPC-specific-text><text>Devices for facilitating the reading or the interpretation of the recording</text></CPC-specific-text></title-part></class-title></classification-item></classification-item></classification-item>
<classification-item breakdown-code="false" not-allocatable="false" level="10" additional-only="false" sort-key="G04D7/1235" definition-exists="false" ipc-concordant="G04D7/12" c-set-base-allowed="false" c-set-subsequent-allowed="true" date-revised="2013-01-01" status="published"><classification-symbol>G04D7/1235</classification-symbol><class-title date-revised="2013-01-01"><title-part><CPC-specific-text><text>for the control mechanism only (found from outside the clockwork)</text></CPC-specific-text></title-part></class-title>
<classification-item breakdown-code="false" not-allocatable="false" level="11" additional-only="false" sort-key="G04D7/1242" definition-exists="false" ipc-concordant="G04D7/12" c-set-base-allowed="false" c-set-subsequent-allowed="true" date-revised="2013-01-01" status="published"><classification-symbol>G04D7/1242</classification-symbol><class-title date-revised="2013-01-01"><title-part><CPC-specific-text><text>for measuring amplitude</text></CPC-specific-text></title-part></class-title></classification-item>
<classification-item breakdown-code="false" not-allocatable="false" level="11" additional-only="false" sort-key="G04D7/125" definition-exists="false" ipc-concordant="G04D7/12" c-set-base-allowed="false" c-set-subsequent-allowed="true" date-revised="2013-01-01" status="published"><classification-symbol>G04D7/125</classification-symbol><class-title date-revised="2013-01-01"><title-part><CPC-specific-text><text>for measuring frequency</text></CPC-specific-text></title-part></class-title></classification-item></classification-item></classification-item>
<classification-item breakdown-code="false" not-allocatable="false" level="9" additional-only="false" sort-key="G04D7/1257" definition-exists="false" ipc-concordant="G04D7/12" c-set-base-allowed="false" c-set-subsequent-allowed="true" date-revised="2013-01-01" status="published"><classification-symbol>G04D7/1257</classification-symbol><class-title date-revised="2013-01-01"><title-part><CPC-specific-text><text>wherein further adjustment devices are present</text></CPC-specific-text></title-part></class-title>
<classification-item breakdown-code="false" not-allocatable="false" level="10" additional-only="false" sort-key="G04D7/1264" definition-exists="false" ipc-concordant="G04D7/12" c-set-base-allowed="false" c-set-subsequent-allowed="true" date-revised="2013-01-01" status="published"><classification-symbol>G04D7/1264</classification-symbol><class-title date-revised="2013-01-01"><title-part><CPC-specific-text><text>for complete clockworks</text></CPC-specific-text></title-part></class-title></classification-item>
<classification-item breakdown-code="false" not-allocatable="false" level="10" additional-only="false" sort-key="G04D7/1271" definition-exists="false" ipc-concordant="G04D7/12" c-set-base-allowed="false" c-set-subsequent-allowed="true" date-revised="2013-01-01" status="published"><classification-symbol>G04D7/1271</classification-symbol><class-title date-revised="2013-01-01"><title-part><CPC-specific-text><text>for the control mechanism only (from outside the clockwork)</text></CPC-specific-text></title-part></class-title>
<classification-item breakdown-code="false" not-allocatable="false" level="11" additional-only="false" sort-key="G04D7/1278" definition-exists="false" ipc-concordant="G04D7/12" c-set-base-allowed="false" c-set-subsequent-allowed="true" date-revised="2013-01-01" status="published"><classification-symbol>G04D7/1278</classification-symbol><class-title date-revised="2013-01-01"><title-part><CPC-specific-text><text>whereby the adjustment device works on the compass</text></CPC-specific-text></title-part></class-title></classification-item>
<classification-item breakdown-code="false" not-allocatable="false" level="11" additional-only="false" sort-key="G04D7/1285" definition-exists="false" ipc-concordant="G04D7/12" c-set-base-allowed="false" c-set-subsequent-allowed="true" date-revised="2013-01-01" status="published"><classification-symbol>G04D7/1285</classification-symbol><class-title date-revised="2013-01-01"><title-part><CPC-specific-text><text>whereby the adjustment device works on the mainspring</text></CPC-specific-text></title-part></class-title></classification-item>
<classification-item breakdown-code="false" not-allocatable="false" level="11" additional-only="false" sort-key="G04D7/1292" definition-exists="false" ipc-concordant="G04D7/12" c-set-base-allowed="false" c-set-subsequent-allowed="true" date-revised="2013-01-01" status="published"><classification-symbol>G04D7/1292</classification-symbol><class-title date-revised="2013-01-01"><title-part><CPC-specific-text><text>whereby the adjustment device works on the balance wheel</text></CPC-specific-text></title-part></class-title></classification-item></classification-item></classification-item></classification-item></classification-item>
<classification-item breakdown-code="false" not-allocatable="false" level="7" additional-only="false" sort-key="G04D9/00" definition-exists="true" ipc-concordant="G04D9/00" c-set-base-allowed="false" c-set-subsequent-allowed="true" date-revised="2016-05-01" status="published"><classification-symbol>G04D9/00</classification-symbol><class-title date-revised="2016-05-01"><title-part><text>Demagnetising devices</text></title-part></class-title></classification-item>
<classification-item breakdown-code="false" not-allocatable="false" level="7" additional-only="false" sort-key="G04D99/00" definition-exists="false" ipc-concordant="G04D99/00" c-set-base-allowed="false" c-set-subsequent-allowed="true" date-revised="2013-01-01" status="published"><classification-symbol>G04D99/00</classification-symbol><class-title date-revised="2013-01-01"><title-part><text>Subject matter not provided for in other groups of this subclass</text></title-part></class-title></classification-item></classification-item></classification-item></class-scheme>