<?xml version="1.0" encoding="UTF-8"?>
<class-scheme publication-date="2021-05-01" scheme-type="cpc" publication-type="official">
<classification-item breakdown-code="false" not-allocatable="true" level="5" additional-only="true" sort-key="Y02T" definition-exists="false" date-revised="2017-05-01" status="published"><classification-symbol>Y02T</classification-symbol><class-title date-revised="2013-01-01"><title-part><text>CLIMATE CHANGE MITIGATION TECHNOLOGIES RELATED TO TRANSPORTATION</text></title-part></class-title>
<classification-item breakdown-code="false" not-allocatable="true" level="6" additional-only="true" sort-key="Y02T10/00" date-revised="2013-01-01" status="published"><classification-symbol>Y02T10/00</classification-symbol>
<classification-item breakdown-code="false" not-allocatable="false" level="7" additional-only="true" sort-key="Y02T10/00" definition-exists="false" ipc-concordant="CPCONLY" c-set-base-allowed="false" c-set-subsequent-allowed="false" date-revised="2013-01-01" status="published"><classification-symbol>Y02T10/00</classification-symbol><class-title date-revised="2013-01-01"><title-part><text>Road transport of goods or passengers</text></title-part></class-title>
<classification-item breakdown-code="false" not-allocatable="false" level="8" additional-only="true" sort-key="Y02T10/10" definition-exists="false" ipc-concordant="CPCONLY" c-set-base-allowed="false" c-set-subsequent-allowed="false" date-revised="2013-01-01" status="published"><classification-symbol>Y02T10/10</classification-symbol><class-title date-revised="2013-01-01"><title-part><text>Internal combustion engine [ICE] based vehicles</text></title-part></class-title>
<classification-item breakdown-code="false" not-allocatable="false" level="9" additional-only="true" sort-key="Y02T10/12" definition-exists="false" ipc-concordant="CPCONLY" c-set-base-allowed="false" c-set-subsequent-allowed="false" date-revised="2020-08-01" status="published"><classification-symbol>Y02T10/12</classification-symbol><class-title date-revised="2020-08-01"><title-part><text>Improving ICE efficiencies</text></title-part></class-title></classification-item>
<classification-item breakdown-code="false" not-allocatable="false" level="9" additional-only="true" sort-key="Y02T10/30" definition-exists="false" ipc-concordant="CPCONLY" c-set-base-allowed="false" c-set-subsequent-allowed="false" date-revised="2020-08-01" status="published"><classification-symbol>Y02T10/30</classification-symbol><class-title date-revised="2020-08-01"><title-part><text>Use of alternative fuels, e.g. biofuels</text></title-part></class-title></classification-item>
<classification-item breakdown-code="false" not-allocatable="false" level="9" additional-only="true" sort-key="Y02T10/40" definition-exists="false" ipc-concordant="CPCONLY" c-set-base-allowed="false" c-set-subsequent-allowed="false" date-revised="2013-01-01" status="published"><classification-symbol>Y02T10/40</classification-symbol><class-title date-revised="2013-01-01"><title-part><text>Engine management systems</text></title-part></class-title></classification-item></classification-item>
<classification-item breakdown-code="false" not-allocatable="false" level="8" additional-only="true" sort-key="Y02T10/60" definition-exists="false" ipc-concordant="CPCONLY" c-set-base-allowed="false" c-set-subsequent-allowed="false" date-revised="2018-05-01" status="published"><classification-symbol>Y02T10/60</classification-symbol><class-title date-revised="2018-05-01"><title-part><text>Other road transportation technologies with climate change mitigation effect</text></title-part></class-title>
<classification-item breakdown-code="false" not-allocatable="false" level="9" additional-only="true" sort-key="Y02T10/62" definition-exists="false" ipc-concordant="CPCONLY" c-set-base-allowed="false" c-set-subsequent-allowed="false" date-revised="2013-01-01" status="published"><classification-symbol>Y02T10/62</classification-symbol><class-title date-revised="2013-01-01"><title-part><text>Hybrid vehicles</text></title-part></class-title></classification-item>
<classification-item breakdown-code="false" not-allocatable="false" level="9" additional-only="true" sort-key="Y02T10/64" definition-exists="false" ipc-concordant="CPCONLY" c-set-base-allowed="false" c-set-subsequent-allowed="false" date-revised="2020-08-01" status="published"><classification-symbol>Y02T10/64</classification-symbol><class-title date-revised="2020-08-01"><title-part><text>Electric machine technologies in electromobility</text></title-part></class-title></classification-item>
<classification-item breakdown-code="false" not-allocatable="false" level="9" additional-only="true" sort-key="Y02T10/70" definition-exists="false" ipc-concordant="CPCONLY" c-set-base-allowed="false" c-set-subsequent-allowed="false" date-revised="2020-08-01" status="published"><classification-symbol>Y02T10/70</classification-symbol><class-title date-revised="2020-08-01"><title-part><text>Energy storage systems for electromobility, e.g. batteries</text></title-part></class-title></classification-item>
<classification-item breakdown-code="false" not-allocatable="false" level="9" additional-only="true" sort-key="Y02T10/7072" definition-exists="false" ipc-concordant="CPCONLY" c-set-base-allowed="false" c-set-subsequent-allowed="false" date-revised="2020-08-01" status="published"><classification-symbol>Y02T10/7072</classification-symbol><class-title date-revised="2020-08-01"><title-part><text>Electromobility specific charging systems or methods for batteries, ultracapacitors, supercapacitors or double-layer capacitors</text></title-part></class-title></classification-item>
<classification-item breakdown-code="false" not-allocatable="false" level="9" additional-only="true" sort-key="Y02T10/72" definition-exists="false" ipc-concordant="CPCONLY" c-set-base-allowed="false" c-set-subsequent-allowed="false" date-revised="2013-01-01" status="published"><classification-symbol>Y02T10/72</classification-symbol><class-title date-revised="2013-01-01"><title-part><text>Electric energy management in electromobility</text></title-part></class-title></classification-item></classification-item>
<classification-item breakdown-code="false" not-allocatable="false" level="8" additional-only="true" sort-key="Y02T10/80" definition-exists="false" ipc-concordant="CPCONLY" c-set-base-allowed="false" c-set-subsequent-allowed="false" date-revised="2018-05-01" status="published"><classification-symbol>Y02T10/80</classification-symbol><class-title date-revised="2018-05-01"><title-part><text>Technologies aiming to reduce greenhouse gasses emissions common to all road transportation technologies</text></title-part></class-title>
<classification-item breakdown-code="false" not-allocatable="false" level="9" additional-only="true" sort-key="Y02T10/82" definition-exists="false" ipc-concordant="CPCONLY" c-set-base-allowed="false" c-set-subsequent-allowed="false" date-revised="2018-05-01" status="published"><classification-symbol>Y02T10/82</classification-symbol><class-title date-revised="2018-05-01"><title-part><text>Elements for improving aerodynamics</text></title-part></class-title></classification-item>
<classification-item breakdown-code="false" not-allocatable="false" level="9" additional-only="true" sort-key="Y02T10/84" definition-exists="false" ipc-concordant="CPCONLY" c-set-base-allowed="false" c-set-subsequent-allowed="false" date-revised="2013-01-01" status="published"><classification-symbol>Y02T10/84</classification-symbol><class-title date-revised="2013-01-01"><title-part><text>Data processing systems or methods, management, administration</text></title-part></class-title></classification-item>
<classification-item breakdown-code="false" not-allocatable="false" level="9" additional-only="true" sort-key="Y02T10/86" definition-exists="false" ipc-concordant="CPCONLY" c-set-base-allowed="false" c-set-subsequent-allowed="false" date-revised="2018-05-01" status="published"><classification-symbol>Y02T10/86</classification-symbol><class-title date-revised="2018-05-01"><title-part><text>Optimisation of rolling resistance, e.g. weight reduction&#160;</text></title-part></class-title></classification-item>
<classification-item breakdown-code="false" not-allocatable="false" level="9" additional-only="true" sort-key="Y02T10/88" definition-exists="false" ipc-concordant="CPCONLY" c-set-base-allowed="false" c-set-subsequent-allowed="false" date-revised="2016-08-01" status="published"><classification-symbol>Y02T10/88</classification-symbol><class-title date-revised="2016-08-01"><title-part><text>Optimized components or subsystems, e.g. lighting, actively controlled glasses</text></title-part></class-title></classification-item>
<classification-item breakdown-code="false" not-allocatable="false" level="9" additional-only="true" sort-key="Y02T10/90" definition-exists="false" ipc-concordant="CPCONLY" c-set-base-allowed="false" c-set-subsequent-allowed="false" date-revised="2016-08-01" status="published"><classification-symbol>Y02T10/90</classification-symbol><class-title date-revised="2016-08-01"><title-part><text>Energy harvesting concepts as power supply for auxiliaries&apos; energy consumption, e.g. photovoltaic sun-roof</text></title-part></class-title></classification-item>
<classification-item breakdown-code="false" not-allocatable="false" level="9" additional-only="true" sort-key="Y02T10/92" definition-exists="false" ipc-concordant="CPCONLY" c-set-base-allowed="false" c-set-subsequent-allowed="false" date-revised="2013-01-01" status="published"><classification-symbol>Y02T10/92</classification-symbol><class-title date-revised="2013-01-01"><title-part><text>Energy efficient charging or discharging systems for batteries, ultracapacitors, supercapacitors or double-layer capacitors specially adapted for vehicles</text></title-part></class-title></classification-item></classification-item></classification-item>
<classification-item breakdown-code="false" not-allocatable="false" level="7" additional-only="true" sort-key="Y02T30/00" definition-exists="false" ipc-concordant="CPCONLY" c-set-base-allowed="false" c-set-subsequent-allowed="false" date-revised="2020-08-01" status="published"><classification-symbol>Y02T30/00</classification-symbol><class-title date-revised="2020-08-01"><title-part><text>Transportation of goods or passengers via railways, e.g. energy recovery or reducing air resistance</text></title-part></class-title></classification-item>
<classification-item breakdown-code="false" not-allocatable="false" level="7" additional-only="true" sort-key="Y02T50/00" definition-exists="false" ipc-concordant="CPCONLY" c-set-base-allowed="false" c-set-subsequent-allowed="false" date-revised="2013-01-01" status="published"><classification-symbol>Y02T50/00</classification-symbol><class-title date-revised="2013-01-01"><title-part><text>Aeronautics or air transport</text></title-part></class-title>
<classification-item breakdown-code="false" not-allocatable="false" level="8" additional-only="true" sort-key="Y02T50/10" definition-exists="false" ipc-concordant="CPCONLY" c-set-base-allowed="false" c-set-subsequent-allowed="false" date-revised="2013-01-01" status="published"><classification-symbol>Y02T50/10</classification-symbol><class-title date-revised="2013-01-01"><title-part><text>Drag reduction</text></title-part></class-title></classification-item>
<classification-item breakdown-code="false" not-allocatable="false" level="8" additional-only="true" sort-key="Y02T50/30" definition-exists="false" ipc-concordant="CPCONLY" c-set-base-allowed="false" c-set-subsequent-allowed="false" date-revised="2013-01-01" status="published"><classification-symbol>Y02T50/30</classification-symbol><class-title date-revised="2013-01-01"><title-part><text>Wing lift efficiency</text></title-part></class-title></classification-item>
<classification-item breakdown-code="false" not-allocatable="false" level="8" additional-only="true" sort-key="Y02T50/40" definition-exists="false" ipc-concordant="CPCONLY" c-set-base-allowed="false" c-set-subsequent-allowed="false" date-revised="2013-01-01" status="published"><classification-symbol>Y02T50/40</classification-symbol><class-title date-revised="2013-01-01"><title-part><text>Weight reduction</text></title-part></class-title></classification-item>
<classification-item breakdown-code="false" not-allocatable="false" level="8" additional-only="true" sort-key="Y02T50/50" definition-exists="false" ipc-concordant="CPCONLY" c-set-base-allowed="false" c-set-subsequent-allowed="false" date-revised="2013-01-01" status="published"><classification-symbol>Y02T50/50</classification-symbol><class-title date-revised="2013-01-01"><title-part><text>On board measures aiming to increase energy efficiency</text></title-part></class-title></classification-item>
<classification-item breakdown-code="false" not-allocatable="false" level="8" additional-only="true" sort-key="Y02T50/60" definition-exists="false" ipc-concordant="CPCONLY" c-set-base-allowed="false" c-set-subsequent-allowed="false" date-revised="2020-08-01" status="published"><classification-symbol>Y02T50/60</classification-symbol><class-title date-revised="2020-08-01"><title-part><text>Efficient propulsion technologies, e.g. for aircraft</text></title-part></class-title>
<classification-item breakdown-code="false" not-allocatable="false" level="9" additional-only="true" sort-key="Y02T50/678" definition-exists="false" ipc-concordant="CPCONLY" c-set-base-allowed="false" c-set-subsequent-allowed="false" date-revised="2020-08-01" status="published"><classification-symbol>Y02T50/678</classification-symbol><class-title date-revised="2020-08-01"><title-part><text>Aviation using fuels of non-fossil origin</text></title-part></class-title></classification-item></classification-item>
<classification-item breakdown-code="false" not-allocatable="false" level="8" additional-only="true" sort-key="Y02T50/80" definition-exists="false" ipc-concordant="CPCONLY" c-set-base-allowed="false" c-set-subsequent-allowed="false" date-revised="2020-08-01" status="published"><classification-symbol>Y02T50/80</classification-symbol><class-title date-revised="2020-08-01"><title-part><text>Energy efficient operational measures, e.g. ground operations or mission management</text></title-part></class-title></classification-item></classification-item>
<classification-item breakdown-code="false" not-allocatable="false" level="7" additional-only="true" sort-key="Y02T70/00" definition-exists="false" ipc-concordant="CPCONLY" c-set-base-allowed="false" c-set-subsequent-allowed="false" date-revised="2013-01-01" status="published"><classification-symbol>Y02T70/00</classification-symbol><class-title date-revised="2013-01-01"><title-part><text>Maritime or waterways transport</text></title-part></class-title>
<classification-item breakdown-code="false" not-allocatable="false" level="8" additional-only="true" sort-key="Y02T70/10" definition-exists="false" ipc-concordant="CPCONLY" c-set-base-allowed="false" c-set-subsequent-allowed="false" date-revised="2013-01-01" status="published"><classification-symbol>Y02T70/10</classification-symbol><class-title date-revised="2013-01-01"><title-part><text>Measures concerning design or construction of watercraft hulls</text></title-part></class-title></classification-item>
<classification-item breakdown-code="false" not-allocatable="false" level="8" additional-only="true" sort-key="Y02T70/50" definition-exists="false" ipc-concordant="CPCONLY" c-set-base-allowed="false" c-set-subsequent-allowed="false" date-revised="2013-01-01" status="published"><classification-symbol>Y02T70/50</classification-symbol><class-title date-revised="2013-01-01"><title-part><text>Measures to reduce greenhouse gas emissions related to the propulsion system</text></title-part></class-title>
<classification-item breakdown-code="false" not-allocatable="false" level="9" additional-only="true" sort-key="Y02T70/5218" definition-exists="false" ipc-concordant="CPCONLY" c-set-base-allowed="false" c-set-subsequent-allowed="false" date-revised="2020-08-01" status="published"><classification-symbol>Y02T70/5218</classification-symbol><class-title date-revised="2013-01-01"><title-part><text>Less carbon-intensive fuels, e.g. natural gas, biofuels</text></title-part></class-title>
<classification-item breakdown-code="false" not-allocatable="false" level="10" additional-only="true" sort-key="Y02T70/5236" definition-exists="false" ipc-concordant="CPCONLY" c-set-base-allowed="false" c-set-subsequent-allowed="false" date-revised="2013-01-01" status="published"><classification-symbol>Y02T70/5236</classification-symbol><class-title date-revised="2013-01-01"><title-part><text>Renewable or hybrid-electric solutions</text></title-part></class-title></classification-item></classification-item></classification-item></classification-item>
<classification-item breakdown-code="false" not-allocatable="false" level="7" additional-only="true" sort-key="Y02T90/00" definition-exists="false" ipc-concordant="CPCONLY" c-set-base-allowed="false" c-set-subsequent-allowed="false" date-revised="2013-01-01" status="published"><classification-symbol>Y02T90/00</classification-symbol><class-title date-revised="2013-01-01"><title-part><text>Enabling technologies or technologies with a potential or indirect contribution to GHG emissions mitigation</text></title-part></class-title>
<classification-item breakdown-code="false" not-allocatable="false" level="8" additional-only="true" sort-key="Y02T90/10" definition-exists="false" ipc-concordant="CPCONLY" c-set-base-allowed="false" c-set-subsequent-allowed="false" date-revised="2020-08-01" status="published"><classification-symbol>Y02T90/10</classification-symbol><class-title date-revised="2020-08-01"><title-part><text>Technologies relating to charging of electric vehicles</text></title-part></class-title>
<classification-item breakdown-code="false" not-allocatable="false" level="9" additional-only="true" sort-key="Y02T90/12" definition-exists="false" ipc-concordant="CPCONLY" c-set-base-allowed="false" c-set-subsequent-allowed="false" date-revised="2013-01-01" status="published"><classification-symbol>Y02T90/12</classification-symbol><class-title date-revised="2013-01-01"><title-part><text>Electric charging stations</text></title-part></class-title></classification-item>
<classification-item breakdown-code="false" not-allocatable="false" level="9" additional-only="true" sort-key="Y02T90/14" definition-exists="false" ipc-concordant="CPCONLY" c-set-base-allowed="false" c-set-subsequent-allowed="false" date-revised="2013-01-01" status="published"><classification-symbol>Y02T90/14</classification-symbol><class-title date-revised="2013-01-01"><title-part><text>Plug-in electric vehicles</text></title-part></class-title></classification-item>
<classification-item breakdown-code="false" not-allocatable="false" level="9" additional-only="true" sort-key="Y02T90/16" definition-exists="false" ipc-concordant="CPCONLY" c-set-base-allowed="false" c-set-subsequent-allowed="false" date-revised="2013-01-01" status="published"><classification-symbol>Y02T90/16</classification-symbol><class-title date-revised="2013-01-01"><title-part><text>Information or communication technologies improving the operation of electric vehicles</text></title-part></class-title>
<classification-item breakdown-code="false" not-allocatable="false" level="10" additional-only="true" sort-key="Y02T90/167" definition-exists="false" ipc-concordant="CPCONLY" c-set-base-allowed="false" c-set-subsequent-allowed="false" date-revised="2020-08-01" status="published"><classification-symbol>Y02T90/167</classification-symbol><class-title date-revised="2020-08-01"><title-part><text>Systems integrating technologies related to power network operation and communication or information technologies for supporting the interoperability of electric or hybrid vehicles, i.e. smartgrids as interface for battery charging of electric vehicles [EV] or hybrid vehicles [HEV]</text></title-part></class-title><notes-and-warnings date-revised="2013-01-01"><note type="note"><note-paragraph> Documents tagged under <class-ref scheme="cpc">Y02T90/167</class-ref> are concurrently tagged also under <class-ref scheme="cpc">Y04S30/10</class-ref></note-paragraph></note></notes-and-warnings></classification-item></classification-item></classification-item>
<classification-item breakdown-code="false" not-allocatable="false" level="8" additional-only="true" sort-key="Y02T90/40" definition-exists="false" ipc-concordant="CPCONLY" c-set-base-allowed="false" c-set-subsequent-allowed="false" date-revised="2020-08-01" status="published"><classification-symbol>Y02T90/40</classification-symbol><class-title date-revised="2020-08-01"><title-part><text>Application of hydrogen technology to transportation, e.g. using fuel cells</text></title-part></class-title></classification-item></classification-item></classification-item></classification-item></class-scheme>