<?xml version="1.0" encoding="UTF-8"?>
<class-scheme publication-date="2021-05-01" scheme-type="cpc" publication-type="official">
<classification-item breakdown-code="false" not-allocatable="true" level="5" additional-only="false" sort-key="F16P" definition-exists="true" date-revised="2018-08-01" status="published"><classification-symbol>F16P</classification-symbol><class-title date-revised="2013-01-01"><title-part><text>SAFETY DEVICES IN GENERAL; </text><CPC-specific-text><text>SAFETY DEVICES FOR PRESSES</text></CPC-specific-text></title-part></class-title><notes-and-warnings date-revised="2013-01-01"><note type="note"><note-paragraph>Attention is drawn to the following places: <table><row><entry><class-ref scheme="cpc">A01D75/18</class-ref></entry><entry> Harvesting machines </entry></row><row><entry><class-ref scheme="cpc">A01F21/00</class-ref></entry><entry> Threshing machines or baling presses </entry></row><row><entry><class-ref scheme="cpc">B02C23/04</class-ref></entry><entry> Crushing or disintegrating machines </entry></row><row><entry><class-ref scheme="cpc">B21B33/00</class-ref></entry><entry> Rolling of metal </entry></row><row><entry><class-ref scheme="cpc">B21D55/00</class-ref></entry><entry> Working sheet metal or tubes, rods or profiles  without essentially removing material </entry></row><row><entry><class-ref scheme="cpc">B23B25/04</class-ref></entry><entry> Turning-machines </entry></row><row><entry><class-ref scheme="cpc">B23Q11/00</class-ref></entry><entry> Machine tools </entry></row><row><entry><class-ref scheme="cpc">B24B55/00</class-ref></entry><entry> Grinding or polishing machines </entry></row><row><entry><class-ref scheme="cpc">B25J19/06</class-ref></entry><entry> Manipulators </entry></row><row><entry><class-ref scheme="cpc">B26D7/22</class-ref></entry><entry> Cutting machines </entry></row><row><entry><class-ref scheme="cpc">B27G19/00</class-ref></entry><entry> Wood saws </entry></row><row><entry><class-ref scheme="cpc">B65B57/00</class-ref></entry><entry> Packaging machines or apparatus </entry></row><row><entry><class-ref scheme="cpc">B65G43/00</class-ref></entry><entry> Conveyors </entry></row><row><entry><class-ref scheme="cpc">B65H26/00</class-ref></entry><entry> Web-advancing mechanisms </entry></row><row><entry><class-ref scheme="cpc">B65H63/00</class-ref></entry><entry> Handling or winding of thin or filamentary material </entry></row><row><entry><class-ref scheme="cpc">D01G31/00</class-ref></entry><entry> Treatment of fibres </entry></row><row><entry><class-ref scheme="cpc">D01H13/14</class-ref></entry><entry> Spinning or twisting </entry></row><row><entry><class-ref scheme="cpc">D05B83/00</class-ref></entry><entry> Sewing machines </entry></row><row><entry><class-ref scheme="cpc">F21V25/00</class-ref></entry><entry> Lighting devices. </entry></row></table></note-paragraph></note><note type="warning"><note-paragraph>In this subclass non-limiting references (in the sense of paragraph 39 of the Guide to the IPC) may still be displayed in the scheme.</note-paragraph></note></notes-and-warnings>
<classification-item breakdown-code="false" not-allocatable="true" level="6" additional-only="false" sort-key="F16P1/00" date-revised="2013-01-01" status="published"><classification-symbol>F16P1/00</classification-symbol><class-title date-revised="2013-01-01"><title-part><text>Devices protecting or preventing injuries to people</text></title-part></class-title>
<classification-item breakdown-code="false" not-allocatable="false" level="7" additional-only="false" sort-key="F16P1/00" definition-exists="true" ipc-concordant="F16P1/00" c-set-base-allowed="false" c-set-subsequent-allowed="true" date-revised="2013-01-01" status="published"><classification-symbol>F16P1/00</classification-symbol><class-title date-revised="2013-01-01"><title-part><text>Safety devices independent of the control and operation of any machine </text><reference><text>protective devices for the eyes or ears, worn on the body or carried in the hand, <class-ref scheme="cpc">A61F9/00</class-ref>, <class-ref scheme="cpc">A61F11/00</class-ref></text></reference></title-part></class-title>
<classification-item breakdown-code="false" not-allocatable="false" level="8" additional-only="false" sort-key="F16P1/005" definition-exists="false" ipc-concordant="F16P1/00" c-set-base-allowed="false" c-set-subsequent-allowed="true" date-revised="2018-01-01" status="published"><classification-symbol>F16P1/005</classification-symbol><class-title date-revised="2018-01-01"><title-part><CPC-specific-text><text>Guards for rolls in calendering or other roll machines, e.g. nip guards, finger guards</text></CPC-specific-text></title-part></class-title></classification-item>
<classification-item breakdown-code="false" not-allocatable="false" level="8" additional-only="false" sort-key="F16P1/02" definition-exists="true" ipc-concordant="F16P1/02" c-set-base-allowed="false" c-set-subsequent-allowed="true" date-revised="2013-01-01" status="published"><classification-symbol>F16P1/02</classification-symbol><class-title date-revised="2013-01-01"><title-part><text>Fixed screens or hoods</text></title-part></class-title></classification-item>
<classification-item breakdown-code="false" not-allocatable="false" level="8" additional-only="false" sort-key="F16P1/04" definition-exists="false" ipc-concordant="F16P1/04" c-set-base-allowed="false" c-set-subsequent-allowed="true" date-revised="2013-01-01" status="published"><classification-symbol>F16P1/04</classification-symbol><class-title date-revised="2013-01-01"><title-part><text>Screens or hoods rotating with rotary shafts</text></title-part></class-title></classification-item>
<classification-item breakdown-code="false" not-allocatable="false" level="8" additional-only="false" sort-key="F16P1/06" definition-exists="true" ipc-concordant="F16P1/06" c-set-base-allowed="false" c-set-subsequent-allowed="true" date-revised="2013-01-01" status="published"><classification-symbol>F16P1/06</classification-symbol><class-title date-revised="2013-01-01"><title-part><text>specially designed for welding</text></title-part></class-title></classification-item></classification-item>
<classification-item breakdown-code="false" not-allocatable="false" level="7" additional-only="false" sort-key="F16P3/00" definition-exists="true" ipc-concordant="F16P3/00" c-set-base-allowed="false" c-set-subsequent-allowed="true" date-revised="2013-01-01" status="published"><classification-symbol>F16P3/00</classification-symbol><class-title date-revised="2013-01-01"><title-part><text>Safety devices acting in conjunction with the control or operation of a machine</text></title-part><title-part><text>Control arrangements requiring the simultaneous use of two or more parts of the body </text><reference><text><class-ref scheme="cpc">F16P5/00</class-ref> takes precedence</text></reference></title-part></class-title>
<classification-item breakdown-code="false" not-allocatable="false" level="8" additional-only="false" sort-key="F16P3/001" definition-exists="true" ipc-concordant="F16P3/00" c-set-base-allowed="false" c-set-subsequent-allowed="true" date-revised="2013-01-01" status="published"><classification-symbol>F16P3/001</classification-symbol><class-title date-revised="2013-01-01"><title-part><CPC-specific-text><text>Safety devices for guarding the human operator of punch presses or like machine tools performing an opening and closing travel</text></CPC-specific-text></title-part></class-title>
<classification-item breakdown-code="false" not-allocatable="false" level="9" additional-only="false" sort-key="F16P3/003" definition-exists="false" ipc-concordant="F16P3/00" c-set-base-allowed="false" c-set-subsequent-allowed="true" date-revised="2013-01-01" status="published"><classification-symbol>F16P3/003</classification-symbol><class-title date-revised="2013-01-01"><title-part><CPC-specific-text><text>by application of a specific control arrangement, e.g. specific switching systems or two-hand control</text></CPC-specific-text></title-part></class-title></classification-item>
<classification-item breakdown-code="false" not-allocatable="false" level="9" additional-only="false" sort-key="F16P3/005" definition-exists="false" ipc-concordant="F16P3/00" c-set-base-allowed="false" c-set-subsequent-allowed="true" date-revised="2013-01-01" status="published"><classification-symbol>F16P3/005</classification-symbol><class-title date-revised="2013-01-01"><title-part><CPC-specific-text><text>having a movable screen or a sensor influencing the switching system</text></CPC-specific-text></title-part></class-title></classification-item>
<classification-item breakdown-code="false" not-allocatable="false" level="9" additional-only="false" sort-key="F16P3/006" definition-exists="false" ipc-concordant="F16P3/00" c-set-base-allowed="false" c-set-subsequent-allowed="true" date-revised="2013-01-01" status="published"><classification-symbol>F16P3/006</classification-symbol><class-title date-revised="2013-01-01"><title-part><CPC-specific-text><text>having a screen moving with the machine and moving the operator out of danger, or restraining the operator, without influencing the switching system</text></CPC-specific-text></title-part></class-title></classification-item></classification-item>
<classification-item breakdown-code="false" not-allocatable="false" level="8" additional-only="false" sort-key="F16P3/008" definition-exists="false" ipc-concordant="F16P3/00" c-set-base-allowed="false" c-set-subsequent-allowed="true" date-revised="2013-01-01" status="published"><classification-symbol>F16P3/008</classification-symbol><class-title date-revised="2013-01-01"><title-part><CPC-specific-text><text>Devices for directly stopping or interrupting the drive or gear in case of danger to the machine, e.g. devices with clutches</text></CPC-specific-text></title-part></class-title></classification-item>
<classification-item breakdown-code="false" not-allocatable="false" level="8" additional-only="false" sort-key="F16P3/02" definition-exists="true" ipc-concordant="F16P3/02" c-set-base-allowed="false" c-set-subsequent-allowed="true" date-revised="2013-01-01" status="published"><classification-symbol>F16P3/02</classification-symbol><class-title date-revised="2013-01-01"><title-part><text>Screens or other safety members moving in synchronism with members which move to and fro</text></title-part></class-title>
<classification-item breakdown-code="false" not-allocatable="false" level="9" additional-only="false" sort-key="F16P3/04" definition-exists="false" ipc-concordant="F16P3/04" c-set-base-allowed="false" c-set-subsequent-allowed="true" date-revised="2013-01-01" status="published"><classification-symbol>F16P3/04</classification-symbol><class-title date-revised="2013-01-01"><title-part><text>for machines with parts which approach one another during operation, e.g. for stamping presses</text></title-part></class-title>
<classification-item breakdown-code="false" not-allocatable="false" level="10" additional-only="false" sort-key="F16P3/06" definition-exists="true" ipc-concordant="F16P3/06" c-set-base-allowed="false" c-set-subsequent-allowed="true" date-revised="2013-01-01" status="published"><classification-symbol>F16P3/06</classification-symbol><class-title date-revised="2013-01-01"><title-part><text>in which body parts of the operator are removed from the danger zone on approach of the machine parts</text></title-part></class-title></classification-item></classification-item></classification-item>
<classification-item breakdown-code="false" not-allocatable="false" level="8" additional-only="false" sort-key="F16P3/08" definition-exists="true" ipc-concordant="F16P3/08" c-set-base-allowed="false" c-set-subsequent-allowed="true" date-revised="2013-01-01" status="published"><classification-symbol>F16P3/08</classification-symbol><class-title date-revised="2013-01-01"><title-part><text>in connection with the locking of doors, covers, guards, or like members giving access to moving machine parts</text></title-part></class-title>
<classification-item breakdown-code="false" not-allocatable="false" level="9" additional-only="false" sort-key="F16P3/10" definition-exists="false" ipc-concordant="F16P3/10" c-set-base-allowed="false" c-set-subsequent-allowed="true" date-revised="2013-01-01" status="published"><classification-symbol>F16P3/10</classification-symbol><class-title date-revised="2013-01-01"><title-part><text>in which the operation of locking the door or other member causes the machine to start</text></title-part></class-title></classification-item></classification-item>
<classification-item breakdown-code="false" not-allocatable="false" level="8" additional-only="false" sort-key="F16P3/12" definition-exists="true" ipc-concordant="F16P3/12" c-set-base-allowed="false" c-set-subsequent-allowed="true" date-revised="2013-01-01" status="published"><classification-symbol>F16P3/12</classification-symbol><class-title date-revised="2013-01-01"><title-part><text>with means, e.g. feelers, which in case of the presence of a body part of a person in or near the danger zone influence the control or operation of the machine </text><reference><text><class-ref scheme="cpc">F16P3/08</class-ref> takes precedence</text></reference></title-part></class-title>
<classification-item breakdown-code="false" not-allocatable="false" level="9" additional-only="false" sort-key="F16P3/125" definition-exists="false" ipc-concordant="F16P3/12" c-set-base-allowed="false" c-set-subsequent-allowed="true" date-revised="2018-01-01" status="published"><classification-symbol>F16P3/125</classification-symbol><class-title date-revised="2018-01-01"><title-part><CPC-specific-text><text>Guards for rolls in calendering or other roll machines, e.g. nip guards, finger guards</text></CPC-specific-text></title-part></class-title></classification-item>
<classification-item breakdown-code="false" not-allocatable="false" level="9" additional-only="false" sort-key="F16P3/14" definition-exists="true" ipc-concordant="F16P3/14" c-set-base-allowed="false" c-set-subsequent-allowed="true" date-revised="2016-05-01" status="published"><classification-symbol>F16P3/14</classification-symbol><class-title date-revised="2013-01-01"><title-part><text>the means being photocells or other devices sensitive without mechanical contact</text></title-part></class-title>
<classification-item breakdown-code="false" not-allocatable="false" level="10" additional-only="false" sort-key="F16P3/141" definition-exists="true" ipc-concordant="F16P3/14" c-set-base-allowed="false" c-set-subsequent-allowed="true" date-revised="2013-01-01" status="published"><classification-symbol>F16P3/141</classification-symbol><class-title date-revised="2013-01-01"><title-part><CPC-specific-text><text>using sound propagation, e.g. sonar</text></CPC-specific-text></title-part></class-title></classification-item>
<classification-item breakdown-code="false" not-allocatable="false" level="10" additional-only="false" sort-key="F16P3/142" definition-exists="true" ipc-concordant="F16P3/14" c-set-base-allowed="false" c-set-subsequent-allowed="true" date-revised="2013-01-01" status="published"><classification-symbol>F16P3/142</classification-symbol><class-title date-revised="2013-01-01"><title-part><CPC-specific-text><text>using image capturing devices</text></CPC-specific-text></title-part></class-title></classification-item>
<classification-item breakdown-code="false" not-allocatable="false" level="10" additional-only="false" sort-key="F16P3/144" definition-exists="true" ipc-concordant="F16P3/14" c-set-base-allowed="false" c-set-subsequent-allowed="true" date-revised="2013-01-01" status="published"><classification-symbol>F16P3/144</classification-symbol><class-title date-revised="2013-01-01"><title-part><CPC-specific-text><text>using light grids</text></CPC-specific-text></title-part></class-title></classification-item>
<classification-item breakdown-code="false" not-allocatable="false" level="10" additional-only="false" sort-key="F16P3/145" definition-exists="true" ipc-concordant="F16P3/14" c-set-base-allowed="false" c-set-subsequent-allowed="true" date-revised="2013-01-01" status="published"><classification-symbol>F16P3/145</classification-symbol><class-title date-revised="2013-01-01"><title-part><CPC-specific-text><text>using magnetic technology</text></CPC-specific-text></title-part></class-title></classification-item>
<classification-item breakdown-code="false" not-allocatable="false" level="10" additional-only="false" sort-key="F16P3/147" definition-exists="true" ipc-concordant="F16P3/14" c-set-base-allowed="false" c-set-subsequent-allowed="true" date-revised="2013-01-01" status="published"><classification-symbol>F16P3/147</classification-symbol><class-title date-revised="2013-01-01"><title-part><CPC-specific-text><text>using electro-magnetic technology, e.g. tags or radar</text></CPC-specific-text></title-part></class-title></classification-item>
<classification-item breakdown-code="false" not-allocatable="false" level="10" additional-only="false" sort-key="F16P3/148" definition-exists="true" ipc-concordant="F16P3/14" c-set-base-allowed="false" c-set-subsequent-allowed="true" date-revised="2013-01-01" status="published"><classification-symbol>F16P3/148</classification-symbol><class-title date-revised="2013-01-01"><title-part><CPC-specific-text><text>using capacitive technology</text></CPC-specific-text></title-part></class-title></classification-item></classification-item>
<classification-item breakdown-code="false" not-allocatable="false" level="9" additional-only="false" sort-key="F16P3/16" definition-exists="true" ipc-concordant="F16P3/16" c-set-base-allowed="false" c-set-subsequent-allowed="true" date-revised="2013-01-01" status="published"><classification-symbol>F16P3/16</classification-symbol><class-title date-revised="2013-01-01"><title-part><text>with feeling members moved by the machine</text></title-part></class-title></classification-item></classification-item>
<classification-item breakdown-code="false" not-allocatable="false" level="8" additional-only="false" sort-key="F16P3/18" definition-exists="true" ipc-concordant="F16P3/18" c-set-base-allowed="false" c-set-subsequent-allowed="true" date-revised="2013-01-01" status="published"><classification-symbol>F16P3/18</classification-symbol><class-title date-revised="2013-01-01"><title-part><text>Control arrangements requiring the use of both hands</text></title-part></class-title>
<classification-item breakdown-code="false" not-allocatable="false" level="9" additional-only="false" sort-key="F16P3/20" definition-exists="false" ipc-concordant="F16P3/20" c-set-base-allowed="false" c-set-subsequent-allowed="true" date-revised="2013-01-01" status="published"><classification-symbol>F16P3/20</classification-symbol><class-title date-revised="2013-01-01"><title-part><text>for electric control systems</text></title-part></class-title></classification-item>
<classification-item breakdown-code="false" not-allocatable="false" level="9" additional-only="false" sort-key="F16P3/22" definition-exists="false" ipc-concordant="F16P3/22" c-set-base-allowed="false" c-set-subsequent-allowed="true" date-revised="2013-01-01" status="published"><classification-symbol>F16P3/22</classification-symbol><class-title date-revised="2013-01-01"><title-part><text>for hydraulic or pneumatic control systems</text></title-part></class-title></classification-item>
<classification-item breakdown-code="false" not-allocatable="false" level="9" additional-only="false" sort-key="F16P3/24" definition-exists="false" ipc-concordant="F16P3/24" c-set-base-allowed="false" c-set-subsequent-allowed="true" date-revised="2013-01-01" status="published"><classification-symbol>F16P3/24</classification-symbol><class-title date-revised="2013-01-01"><title-part><text>for mechanical controls</text></title-part></class-title></classification-item></classification-item></classification-item>
<classification-item breakdown-code="false" not-allocatable="false" level="7" additional-only="false" sort-key="F16P5/00" definition-exists="true" ipc-concordant="F16P5/00" c-set-base-allowed="false" c-set-subsequent-allowed="true" date-revised="2013-01-01" status="published"><classification-symbol>F16P5/00</classification-symbol><class-title date-revised="2013-01-01"><title-part><text>Emergency means for rendering ineffective a coupling conveying reciprocating movement if the motion of the driven part is prematurely resisted</text></title-part></class-title>
<classification-item breakdown-code="false" not-allocatable="false" level="8" additional-only="false" sort-key="F16P5/005" definition-exists="false" ipc-concordant="F16P5/00" c-set-base-allowed="false" c-set-subsequent-allowed="true" date-revised="2013-01-01" status="published"><classification-symbol>F16P5/005</classification-symbol><class-title date-revised="2013-01-01"><title-part><CPC-specific-text><text>Overload protection by energy absorbing components, e.g. breaker blocks, shear sections</text></CPC-specific-text></title-part></class-title></classification-item></classification-item>
<classification-item breakdown-code="false" not-allocatable="false" level="7" additional-only="false" sort-key="F16P7/00" definition-exists="true" ipc-concordant="F16P7/00" c-set-base-allowed="false" c-set-subsequent-allowed="true" date-revised="2013-01-01" status="published"><classification-symbol>F16P7/00</classification-symbol><class-title date-revised="2013-01-01"><title-part><text>Emergency devices preventing damage to a machine or apparatus </text><reference><text><class-ref scheme="cpc">F16P1/00</class-ref>, <class-ref scheme="cpc">F16P3/00</class-ref>, <class-ref scheme="cpc">F16P5/00</class-ref> take precedence; indicating means, <u>see</u> the appropriate classes</text></reference></title-part></class-title>
<classification-item breakdown-code="false" not-allocatable="false" level="8" additional-only="false" sort-key="F16P7/02" definition-exists="false" ipc-concordant="F16P7/02" c-set-base-allowed="false" c-set-subsequent-allowed="true" date-revised="2017-05-01" status="published"><classification-symbol>F16P7/02</classification-symbol><class-title date-revised="2017-05-01"><title-part><text>by causing the machine to stop on the occurrence of dangerous conditions therein </text><reference><text>devices in bearings affected by abnormal conditions <class-ref scheme="cpc">F16C</class-ref></text></reference></title-part></class-title></classification-item></classification-item></classification-item></classification-item></class-scheme>