<?xml version="1.0" encoding="UTF-8"?>
<class-scheme publication-date="2021-05-01" scheme-type="cpc" publication-type="official">
<classification-item breakdown-code="false" not-allocatable="true" level="5" additional-only="false" sort-key="G06M" definition-exists="true" date-revised="2019-08-01" status="published"><classification-symbol>G06M</classification-symbol><class-title date-revised="2016-05-01"><title-part><text>COUNTING MECHANISMS</text></title-part><title-part><text>COUNTING OF OBJECTS NOT OTHERWISE PROVIDED FOR </text><reference><text>counting by measuring volume or weight of articles to be counted <class-ref scheme="cpc">G01F</class-ref>, <class-ref scheme="cpc">G01G</class-ref>; computers <class-ref scheme="cpc">G06C</class-ref>&#160;-&#160;<class-ref scheme="cpc">G06J</class-ref>; counting electric pulses <class-ref scheme="cpc">H03K</class-ref>; counting characters, words or messages in switching networks for transmission of digital information <class-ref scheme="cpc">H04L12/08</class-ref></text></reference></title-part></class-title><notes-and-warnings date-revised="2013-01-01"><note type="note"><note-paragraph>This subclass <u>covers</u>: <subnote type="bullet"><note-paragraph>stepping or continuously-moving mechanical counters operated  through one or more inputs applied to the lowest order  mechanically or electrically; </note-paragraph><note-paragraph>counting systems involving applications of either mechanical,  electrical, or electronic counters.</note-paragraph></subnote></note-paragraph></note><note type="warning"><note-paragraph warning-type="ipc-not-used">The following IPC groups are not in the CPC scheme. The subject matter for these IPC groups is classified in the following CPC groups: <table><row><entry><class-ref scheme="ipc">G06M15/00</class-ref></entry><entry> covered by </entry><entry>  <class-ref scheme="cpc">G06M1/00</class-ref> - <class-ref scheme="cpc">G06M11/00</class-ref> </entry></row></table></note-paragraph><note-paragraph>In this subclass non-limiting references (in the sense of paragraph 39 of the Guide to the IPC) may still be displayed in the scheme.</note-paragraph></note></notes-and-warnings>
<classification-item breakdown-code="false" not-allocatable="true" level="6" additional-only="false" sort-key="G06M1/00" date-revised="2013-01-01" status="published"><classification-symbol>G06M1/00</classification-symbol>
<classification-item breakdown-code="false" not-allocatable="false" level="7" additional-only="false" sort-key="G06M1/00" definition-exists="false" ipc-concordant="G06M1/00" c-set-base-allowed="false" c-set-subsequent-allowed="true" date-revised="2013-01-01" status="published"><classification-symbol>G06M1/00</classification-symbol><class-title date-revised="2013-01-01"><title-part><text>Design features of general application</text></title-part></class-title>
<classification-item breakdown-code="false" not-allocatable="false" level="8" additional-only="false" sort-key="G06M1/02" definition-exists="false" ipc-concordant="G06M1/02" c-set-base-allowed="false" c-set-subsequent-allowed="true" date-revised="2013-01-01" status="published"><classification-symbol>G06M1/02</classification-symbol><class-title date-revised="2013-01-01"><title-part><text>Housing </text><reference><text>for measuring instruments in general <class-ref scheme="cpc">G01D</class-ref></text></reference></title-part></class-title>
<classification-item breakdown-code="false" not-allocatable="false" level="9" additional-only="false" sort-key="G06M1/022" definition-exists="false" ipc-concordant="G06M1/02" c-set-base-allowed="false" c-set-subsequent-allowed="true" date-revised="2013-01-01" status="published"><classification-symbol>G06M1/022</classification-symbol><class-title date-revised="2013-01-01"><title-part><CPC-specific-text><text>Plates</text></CPC-specific-text></title-part></class-title>
<classification-item breakdown-code="false" not-allocatable="false" level="10" additional-only="false" sort-key="G06M1/024" definition-exists="false" ipc-concordant="G06M1/02" c-set-base-allowed="false" c-set-subsequent-allowed="true" date-revised="2013-01-01" status="published"><classification-symbol>G06M1/024</classification-symbol><class-title date-revised="2013-01-01"><title-part><CPC-specific-text><text>Bearings</text></CPC-specific-text></title-part></class-title></classification-item></classification-item>
<classification-item breakdown-code="false" not-allocatable="false" level="9" additional-only="false" sort-key="G06M1/026" definition-exists="false" ipc-concordant="G06M1/02" c-set-base-allowed="false" c-set-subsequent-allowed="true" date-revised="2013-01-01" status="published"><classification-symbol>G06M1/026</classification-symbol><class-title date-revised="2013-01-01"><title-part><CPC-specific-text><text>Connecting or supporting parts</text></CPC-specific-text></title-part></class-title></classification-item>
<classification-item breakdown-code="false" not-allocatable="false" level="9" additional-only="false" sort-key="G06M1/028" definition-exists="false" ipc-concordant="G06M1/02" c-set-base-allowed="false" c-set-subsequent-allowed="true" date-revised="2013-01-01" status="published"><classification-symbol>G06M1/028</classification-symbol><class-title date-revised="2013-01-01"><title-part><CPC-specific-text><text>Arbors, drum fixing and adjusting means </text><reference><text>arbor-fixing means <class-ref scheme="cpc">F16C17/08</class-ref></text></reference></CPC-specific-text></title-part></class-title></classification-item></classification-item>
<classification-item breakdown-code="false" not-allocatable="false" level="8" additional-only="false" sort-key="G06M1/04" definition-exists="false" ipc-concordant="G06M1/04" c-set-base-allowed="false" c-set-subsequent-allowed="true" date-revised="2013-01-01" status="published"><classification-symbol>G06M1/04</classification-symbol><class-title date-revised="2013-01-01"><title-part><text>for driving the stage of lowest order </text><reference><text>with variable ratio of drive <class-ref scheme="cpc">G06M1/38</class-ref></text></reference></title-part></class-title>
<classification-item breakdown-code="false" not-allocatable="false" level="9" additional-only="false" sort-key="G06M1/041" definition-exists="false" ipc-concordant="G06M1/04" c-set-base-allowed="false" c-set-subsequent-allowed="true" date-revised="2013-01-01" status="published"><classification-symbol>G06M1/041</classification-symbol><class-title date-revised="2013-01-01"><title-part><CPC-specific-text><text>for drum-type indicating means</text></CPC-specific-text></title-part></class-title>
<classification-item breakdown-code="false" not-allocatable="false" level="10" additional-only="false" sort-key="G06M1/042" definition-exists="false" ipc-concordant="G06M1/04" c-set-base-allowed="false" c-set-subsequent-allowed="true" date-revised="2013-01-01" status="published"><classification-symbol>G06M1/042</classification-symbol><class-title date-revised="2013-01-01"><title-part><CPC-specific-text><text>with click devices </text><reference><text>electromagnetic driving means <class-ref scheme="cpc">G06M1/102</class-ref></text></reference></CPC-specific-text></title-part></class-title></classification-item>
<classification-item breakdown-code="false" not-allocatable="false" level="10" additional-only="false" sort-key="G06M1/044" definition-exists="false" ipc-concordant="G06M1/04" c-set-base-allowed="false" c-set-subsequent-allowed="true" date-revised="2013-01-01" status="published"><classification-symbol>G06M1/044</classification-symbol><class-title date-revised="2013-01-01"><title-part><CPC-specific-text><text>with escapements </text><reference><text>electromagnetic driving means <class-ref scheme="cpc">G06M1/102</class-ref></text></reference></CPC-specific-text></title-part></class-title></classification-item></classification-item>
<classification-item breakdown-code="false" not-allocatable="false" level="9" additional-only="false" sort-key="G06M1/045" definition-exists="false" ipc-concordant="G06M1/04" c-set-base-allowed="false" c-set-subsequent-allowed="true" date-revised="2013-01-01" status="published"><classification-symbol>G06M1/045</classification-symbol><class-title date-revised="2013-01-01"><title-part><CPC-specific-text><text>for dial, pointer, or similar type indicating means</text></CPC-specific-text></title-part></class-title></classification-item>
<classification-item breakdown-code="false" not-allocatable="false" level="9" additional-only="false" sort-key="G06M1/047" definition-exists="false" ipc-concordant="G06M1/04" c-set-base-allowed="false" c-set-subsequent-allowed="true" date-revised="2013-01-01" status="published"><classification-symbol>G06M1/047</classification-symbol><class-title date-revised="2013-01-01"><title-part><CPC-specific-text><text>for arithmetical operations</text></CPC-specific-text></title-part></class-title></classification-item>
<classification-item breakdown-code="false" not-allocatable="false" level="9" additional-only="false" sort-key="G06M1/048" definition-exists="false" ipc-concordant="G06M1/04" c-set-base-allowed="false" c-set-subsequent-allowed="true" date-revised="2013-01-01" status="published"><classification-symbol>G06M1/048</classification-symbol><class-title date-revised="2013-01-01"><title-part><CPC-specific-text><text>with switching means between two or more counting devices</text></CPC-specific-text></title-part></class-title></classification-item>
<classification-item breakdown-code="false" not-allocatable="false" level="9" additional-only="false" sort-key="G06M1/06" definition-exists="false" ipc-concordant="G06M1/06" c-set-base-allowed="false" c-set-subsequent-allowed="true" date-revised="2013-01-01" status="published"><classification-symbol>G06M1/06</classification-symbol><class-title date-revised="2013-01-01"><title-part><text>producing continuous revolution of the stage, e.g. with gear train</text></title-part></class-title>
<classification-item breakdown-code="false" not-allocatable="false" level="10" additional-only="false" sort-key="G06M1/062" definition-exists="false" ipc-concordant="G06M1/06" c-set-base-allowed="false" c-set-subsequent-allowed="true" date-revised="2013-01-01" status="published"><classification-symbol>G06M1/062</classification-symbol><class-title date-revised="2013-01-01"><title-part><CPC-specific-text><text>for drum type indicating means</text></CPC-specific-text></title-part></class-title></classification-item>
<classification-item breakdown-code="false" not-allocatable="false" level="10" additional-only="false" sort-key="G06M1/064" definition-exists="false" ipc-concordant="G06M1/06" c-set-base-allowed="false" c-set-subsequent-allowed="true" date-revised="2013-01-01" status="published"><classification-symbol>G06M1/064</classification-symbol><class-title date-revised="2013-01-01"><title-part><CPC-specific-text><text>for dial, pointer, or similar type indicating means</text></CPC-specific-text></title-part></class-title></classification-item>
<classification-item breakdown-code="false" not-allocatable="false" level="10" additional-only="false" sort-key="G06M1/066" definition-exists="false" ipc-concordant="G06M1/06" c-set-base-allowed="false" c-set-subsequent-allowed="true" date-revised="2013-01-01" status="published"><classification-symbol>G06M1/066</classification-symbol><class-title date-revised="2013-01-01"><title-part><CPC-specific-text><text>for arithmetical operations</text></CPC-specific-text></title-part></class-title></classification-item>
<classification-item breakdown-code="false" not-allocatable="false" level="10" additional-only="false" sort-key="G06M1/068" definition-exists="false" ipc-concordant="G06M1/06" c-set-base-allowed="false" c-set-subsequent-allowed="true" date-revised="2013-01-01" status="published"><classification-symbol>G06M1/068</classification-symbol><class-title date-revised="2013-01-01"><title-part><CPC-specific-text><text>with switching means between two or more counting devices</text></CPC-specific-text></title-part></class-title></classification-item></classification-item></classification-item>
<classification-item breakdown-code="false" not-allocatable="false" level="8" additional-only="false" sort-key="G06M1/08" definition-exists="false" ipc-concordant="G06M1/08" c-set-base-allowed="false" c-set-subsequent-allowed="true" date-revised="2013-01-01" status="published"><classification-symbol>G06M1/08</classification-symbol><class-title date-revised="2013-01-01"><title-part><text>for actuating the drive</text></title-part></class-title>
<classification-item breakdown-code="false" not-allocatable="false" level="9" additional-only="false" sort-key="G06M1/083" definition-exists="false" ipc-concordant="G06M1/08" c-set-base-allowed="false" c-set-subsequent-allowed="true" date-revised="2013-01-01" status="published"><classification-symbol>G06M1/083</classification-symbol><class-title date-revised="2013-01-01"><title-part><CPC-specific-text><text>by mechanical means </text><reference><text>counting of stacked objects <class-ref scheme="cpc">G06M9/00</class-ref></text></reference></CPC-specific-text></title-part></class-title>
<classification-item breakdown-code="false" not-allocatable="false" level="10" additional-only="false" sort-key="G06M1/086" definition-exists="false" ipc-concordant="G06M1/08" c-set-base-allowed="false" c-set-subsequent-allowed="true" date-revised="2013-01-01" status="published"><classification-symbol>G06M1/086</classification-symbol><class-title date-revised="2013-01-01"><title-part><CPC-specific-text><text>including barriers </text><reference><text>counting of conveyed objects <class-ref scheme="cpc">G06M7/00</class-ref></text></reference></CPC-specific-text></title-part></class-title></classification-item></classification-item>
<classification-item breakdown-code="false" not-allocatable="false" level="9" additional-only="false" sort-key="G06M1/10" definition-exists="false" ipc-concordant="G06M1/10" c-set-base-allowed="false" c-set-subsequent-allowed="true" date-revised="2013-01-01" status="published"><classification-symbol>G06M1/10</classification-symbol><class-title date-revised="2013-01-01"><title-part><text>by electric or magnetic means</text></title-part></class-title>
<classification-item breakdown-code="false" not-allocatable="false" level="10" additional-only="false" sort-key="G06M1/101" definition-exists="false" ipc-concordant="G06M1/10" c-set-base-allowed="false" c-set-subsequent-allowed="true" date-revised="2013-01-01" status="published"><classification-symbol>G06M1/101</classification-symbol><class-title date-revised="2013-01-01"><title-part><CPC-specific-text><text>by electro-optical means</text></CPC-specific-text></title-part></class-title></classification-item>
<classification-item breakdown-code="false" not-allocatable="false" level="10" additional-only="false" sort-key="G06M1/102" definition-exists="false" ipc-concordant="G06M1/10" c-set-base-allowed="false" c-set-subsequent-allowed="true" date-revised="2013-01-01" status="published"><classification-symbol>G06M1/102</classification-symbol><class-title date-revised="2013-01-01"><title-part><CPC-specific-text><text>by magnetic or electromagnetic means</text></CPC-specific-text></title-part></class-title>
<classification-item breakdown-code="false" not-allocatable="false" level="11" additional-only="false" sort-key="G06M1/104" definition-exists="false" ipc-concordant="G06M1/10" c-set-base-allowed="false" c-set-subsequent-allowed="true" date-revised="2013-01-01" status="published"><classification-symbol>G06M1/104</classification-symbol><class-title date-revised="2013-01-01"><title-part><CPC-specific-text><text>electromagnets, clicks</text></CPC-specific-text></title-part></class-title>
<classification-item breakdown-code="false" not-allocatable="false" level="12" additional-only="false" sort-key="G06M1/105" definition-exists="false" ipc-concordant="G06M1/10" c-set-base-allowed="false" c-set-subsequent-allowed="true" date-revised="2013-01-01" status="published"><classification-symbol>G06M1/105</classification-symbol><class-title date-revised="2013-01-01"><title-part><CPC-specific-text><text>electronic circuits for actuating the electromagnets</text></CPC-specific-text></title-part></class-title></classification-item></classification-item>
<classification-item breakdown-code="false" not-allocatable="false" level="11" additional-only="false" sort-key="G06M1/107" definition-exists="false" ipc-concordant="G06M1/10" c-set-base-allowed="false" c-set-subsequent-allowed="true" date-revised="2013-01-01" status="published"><classification-symbol>G06M1/107</classification-symbol><class-title date-revised="2013-01-01"><title-part><CPC-specific-text><text>electromotors</text></CPC-specific-text></title-part></class-title></classification-item></classification-item>
<classification-item breakdown-code="false" not-allocatable="false" level="10" additional-only="false" sort-key="G06M1/108" definition-exists="false" ipc-concordant="G06M1/10" c-set-base-allowed="false" c-set-subsequent-allowed="true" date-revised="2013-01-01" status="published"><classification-symbol>G06M1/108</classification-symbol><class-title date-revised="2013-01-01"><title-part><CPC-specific-text><text>by electronic means</text></CPC-specific-text></title-part></class-title></classification-item></classification-item>
<classification-item breakdown-code="false" not-allocatable="false" level="9" additional-only="false" sort-key="G06M1/12" definition-exists="false" ipc-concordant="G06M1/12" c-set-base-allowed="false" c-set-subsequent-allowed="true" date-revised="2013-01-01" status="published"><classification-symbol>G06M1/12</classification-symbol><class-title date-revised="2013-01-01"><title-part><text>by fluid means</text></title-part></class-title>
<classification-item breakdown-code="false" not-allocatable="false" level="10" additional-only="false" sort-key="G06M1/123" definition-exists="false" ipc-concordant="G06M1/12" c-set-base-allowed="false" c-set-subsequent-allowed="true" date-revised="2013-01-01" status="published"><classification-symbol>G06M1/123</classification-symbol><class-title date-revised="2013-01-01"><title-part><CPC-specific-text><text>by pneumatic means</text></CPC-specific-text></title-part></class-title></classification-item>
<classification-item breakdown-code="false" not-allocatable="false" level="10" additional-only="false" sort-key="G06M1/126" definition-exists="false" ipc-concordant="G06M1/12" c-set-base-allowed="false" c-set-subsequent-allowed="true" date-revised="2013-01-01" status="published"><classification-symbol>G06M1/126</classification-symbol><class-title date-revised="2013-01-01"><title-part><CPC-specific-text><text>by hydraulic means</text></CPC-specific-text></title-part></class-title></classification-item></classification-item></classification-item>
<classification-item breakdown-code="false" not-allocatable="false" level="8" additional-only="false" sort-key="G06M1/14" definition-exists="false" ipc-concordant="G06M1/14" c-set-base-allowed="false" c-set-subsequent-allowed="true" date-revised="2013-01-01" status="published"><classification-symbol>G06M1/14</classification-symbol><class-title date-revised="2013-01-01"><title-part><text>for transferring a condition from one stage to a higher stage </text><reference><text>with variable ratio of transfer <class-ref scheme="cpc">G06M1/38</class-ref></text></reference></title-part></class-title>
<classification-item breakdown-code="false" not-allocatable="false" level="9" additional-only="false" sort-key="G06M1/143" definition-exists="false" ipc-concordant="G06M1/14" c-set-base-allowed="false" c-set-subsequent-allowed="true" date-revised="2013-01-01" status="published"><classification-symbol>G06M1/143</classification-symbol><class-title date-revised="2013-01-01"><title-part><CPC-specific-text><text>with drums</text></CPC-specific-text></title-part></class-title></classification-item>
<classification-item breakdown-code="false" not-allocatable="false" level="9" additional-only="false" sort-key="G06M1/146" definition-exists="false" ipc-concordant="G06M1/14" c-set-base-allowed="false" c-set-subsequent-allowed="true" date-revised="2013-01-01" status="published"><classification-symbol>G06M1/146</classification-symbol><class-title date-revised="2013-01-01"><title-part><CPC-specific-text><text>with dials, pointers, or similar type indicating means</text></CPC-specific-text></title-part></class-title></classification-item>
<classification-item breakdown-code="false" not-allocatable="false" level="9" additional-only="false" sort-key="G06M1/16" definition-exists="false" ipc-concordant="G06M1/16" c-set-base-allowed="false" c-set-subsequent-allowed="true" date-revised="2013-01-01" status="published"><classification-symbol>G06M1/16</classification-symbol><class-title date-revised="2013-01-01"><title-part><text>self-operating, e.g. by Geneva mechanism</text></title-part></class-title>
<classification-item breakdown-code="false" not-allocatable="false" level="10" additional-only="false" sort-key="G06M1/163" definition-exists="false" ipc-concordant="G06M1/16" c-set-base-allowed="false" c-set-subsequent-allowed="true" date-revised="2013-01-01" status="published"><classification-symbol>G06M1/163</classification-symbol><class-title date-revised="2013-01-01"><title-part><CPC-specific-text><text>with drums</text></CPC-specific-text></title-part></class-title></classification-item>
<classification-item breakdown-code="false" not-allocatable="false" level="10" additional-only="false" sort-key="G06M1/166" definition-exists="false" ipc-concordant="G06M1/16" c-set-base-allowed="false" c-set-subsequent-allowed="true" date-revised="2013-01-01" status="published"><classification-symbol>G06M1/166</classification-symbol><class-title date-revised="2013-01-01"><title-part><CPC-specific-text><text>with dials, pointers or similar type indicating means</text></CPC-specific-text></title-part></class-title></classification-item></classification-item>
<classification-item breakdown-code="false" not-allocatable="false" level="9" additional-only="false" sort-key="G06M1/18" definition-exists="false" ipc-concordant="G06M1/18" c-set-base-allowed="false" c-set-subsequent-allowed="true" date-revised="2013-01-01" status="published"><classification-symbol>G06M1/18</classification-symbol><class-title date-revised="2013-01-01"><title-part><text>requiring external operation, e.g. by electromagnetic force</text></title-part></class-title>
<classification-item breakdown-code="false" not-allocatable="false" level="10" additional-only="false" sort-key="G06M1/183" definition-exists="false" ipc-concordant="G06M1/18" c-set-base-allowed="false" c-set-subsequent-allowed="true" date-revised="2013-01-01" status="published"><classification-symbol>G06M1/183</classification-symbol><class-title date-revised="2013-01-01"><title-part><CPC-specific-text><text>with drums</text></CPC-specific-text></title-part></class-title></classification-item>
<classification-item breakdown-code="false" not-allocatable="false" level="10" additional-only="false" sort-key="G06M1/186" definition-exists="false" ipc-concordant="G06M1/18" c-set-base-allowed="false" c-set-subsequent-allowed="true" date-revised="2013-01-01" status="published"><classification-symbol>G06M1/186</classification-symbol><class-title date-revised="2013-01-01"><title-part><CPC-specific-text><text>with dials, pointers, or similar type indicating means</text></CPC-specific-text></title-part></class-title></classification-item></classification-item>
<classification-item breakdown-code="false" not-allocatable="false" level="9" additional-only="false" sort-key="G06M1/20" definition-exists="false" ipc-concordant="G06M1/20" c-set-base-allowed="false" c-set-subsequent-allowed="true" date-revised="2013-01-01" status="published"><classification-symbol>G06M1/20</classification-symbol><class-title date-revised="2013-01-01"><title-part><text>specially adapted for denominations with unequal numbers in each stage, e.g. degrees and minutes of angle</text></title-part></class-title></classification-item></classification-item>
<classification-item breakdown-code="false" not-allocatable="false" level="8" additional-only="false" sort-key="G06M1/22" definition-exists="false" ipc-concordant="G06M1/22" c-set-base-allowed="false" c-set-subsequent-allowed="true" date-revised="2013-01-01" status="published"><classification-symbol>G06M1/22</classification-symbol><class-title date-revised="2013-01-01"><title-part><text>for visual indication of the result of count on counting mechanisms, e.g. by window with magnifying lens</text></title-part></class-title>
<classification-item breakdown-code="false" not-allocatable="false" level="9" additional-only="false" sort-key="G06M1/24" definition-exists="false" ipc-concordant="G06M1/24" c-set-base-allowed="false" c-set-subsequent-allowed="true" date-revised="2013-01-01" status="published"><classification-symbol>G06M1/24</classification-symbol><class-title date-revised="2013-01-01"><title-part><text>Drums</text></title-part><title-part><text>Dials</text></title-part><title-part><text>Pointers </text><reference><text>for measuring instruments in general <class-ref scheme="cpc">G01D</class-ref>; </text><CPC-specific-text><text>for time measuring instruments <class-ref scheme="cpc">G04B19/00</class-ref>, including drums <class-ref scheme="cpc">G04B19/21</class-ref>, <class-ref scheme="cpc">G04C19/04</class-ref>; date indicating <class-ref scheme="cpc">G04B19/24</class-ref></text></CPC-specific-text></reference></title-part></class-title>
<classification-item breakdown-code="false" not-allocatable="false" level="10" additional-only="false" sort-key="G06M1/241" definition-exists="false" ipc-concordant="G06M1/24" c-set-base-allowed="false" c-set-subsequent-allowed="true" date-revised="2013-01-01" status="published"><classification-symbol>G06M1/241</classification-symbol><class-title date-revised="2013-01-01"><title-part><CPC-specific-text><text>Drums</text></CPC-specific-text></title-part></class-title>
<classification-item breakdown-code="false" not-allocatable="false" level="11" additional-only="false" sort-key="G06M1/243" definition-exists="false" ipc-concordant="G06M1/24" c-set-base-allowed="false" c-set-subsequent-allowed="true" date-revised="2013-01-01" status="published"><classification-symbol>G06M1/243</classification-symbol><class-title date-revised="2013-01-01"><title-part><CPC-specific-text><text>Drums with presetting means</text></CPC-specific-text></title-part></class-title></classification-item></classification-item>
<classification-item breakdown-code="false" not-allocatable="false" level="10" additional-only="false" sort-key="G06M1/245" definition-exists="false" ipc-concordant="G06M1/24" c-set-base-allowed="false" c-set-subsequent-allowed="true" date-revised="2013-01-01" status="published"><classification-symbol>G06M1/245</classification-symbol><class-title date-revised="2013-01-01"><title-part><CPC-specific-text><text>Dials; Pointers</text></CPC-specific-text></title-part></class-title></classification-item>
<classification-item breakdown-code="false" not-allocatable="false" level="10" additional-only="false" sort-key="G06M1/246" definition-exists="false" ipc-concordant="G06M1/24" c-set-base-allowed="false" c-set-subsequent-allowed="true" date-revised="2013-01-01" status="published"><classification-symbol>G06M1/246</classification-symbol><class-title date-revised="2013-01-01"><title-part><CPC-specific-text><text>Bands; Sheets</text></CPC-specific-text></title-part></class-title></classification-item>
<classification-item breakdown-code="false" not-allocatable="false" level="10" additional-only="false" sort-key="G06M1/248" definition-exists="false" ipc-concordant="G06M1/24" c-set-base-allowed="false" c-set-subsequent-allowed="true" date-revised="2013-01-01" status="published"><classification-symbol>G06M1/248</classification-symbol><class-title date-revised="2013-01-01"><title-part><CPC-specific-text><text>Discs</text></CPC-specific-text></title-part></class-title></classification-item></classification-item>
<classification-item breakdown-code="false" not-allocatable="false" level="9" additional-only="false" sort-key="G06M1/26" definition-exists="false" ipc-concordant="G06M1/26" c-set-base-allowed="false" c-set-subsequent-allowed="true" date-revised="2013-01-01" status="published"><classification-symbol>G06M1/26</classification-symbol><class-title date-revised="2013-01-01"><title-part><text>Aligning means</text></title-part></class-title></classification-item></classification-item>
<classification-item breakdown-code="false" not-allocatable="false" level="8" additional-only="false" sort-key="G06M1/27" definition-exists="false" ipc-concordant="G06M1/27" c-set-base-allowed="false" c-set-subsequent-allowed="true" date-revised="2013-01-01" status="published"><classification-symbol>G06M1/27</classification-symbol><class-title date-revised="2013-01-01"><title-part><text>for representing the result of count in the form of electric signals, e.g. by sensing markings on the counter drum</text></title-part></class-title>
<classification-item breakdown-code="false" not-allocatable="false" level="9" additional-only="false" sort-key="G06M1/272" definition-exists="false" ipc-concordant="G06M1/272" c-set-base-allowed="false" c-set-subsequent-allowed="true" date-revised="2013-01-01" status="published"><classification-symbol>G06M1/272</classification-symbol><class-title date-revised="2013-01-01"><title-part><text>using photoelectric means</text></title-part></class-title></classification-item>
<classification-item breakdown-code="false" not-allocatable="false" level="9" additional-only="false" sort-key="G06M1/274" definition-exists="false" ipc-concordant="G06M1/274" c-set-base-allowed="false" c-set-subsequent-allowed="true" date-revised="2013-01-01" status="published"><classification-symbol>G06M1/274</classification-symbol><class-title date-revised="2013-01-01"><title-part><text>using magnetic means</text></title-part><title-part><text>using Hall-effect devices</text></title-part></class-title></classification-item>
<classification-item breakdown-code="false" not-allocatable="false" level="9" additional-only="false" sort-key="G06M1/276" definition-exists="false" ipc-concordant="G06M1/276" c-set-base-allowed="false" c-set-subsequent-allowed="true" date-revised="2013-01-01" status="published"><classification-symbol>G06M1/276</classification-symbol><class-title date-revised="2013-01-01"><title-part><text>using mechanically-actuated contacts</text></title-part></class-title></classification-item></classification-item>
<classification-item breakdown-code="false" not-allocatable="false" level="8" additional-only="false" sort-key="G06M1/28" definition-exists="false" ipc-concordant="G06M1/28" c-set-base-allowed="false" c-set-subsequent-allowed="true" date-revised="2013-01-01" status="published"><classification-symbol>G06M1/28</classification-symbol><class-title date-revised="2013-01-01"><title-part><text>for zeroising or setting to a particular value</text></title-part></class-title>
<classification-item breakdown-code="false" not-allocatable="false" level="9" additional-only="false" sort-key="G06M1/283" definition-exists="false" ipc-concordant="G06M1/28" c-set-base-allowed="false" c-set-subsequent-allowed="true" date-revised="2013-01-01" status="published"><classification-symbol>G06M1/283</classification-symbol><class-title date-revised="2013-01-01"><title-part><CPC-specific-text><text>with drums</text></CPC-specific-text></title-part></class-title></classification-item>
<classification-item breakdown-code="false" not-allocatable="false" level="9" additional-only="false" sort-key="G06M1/286" definition-exists="false" ipc-concordant="G06M1/28" c-set-base-allowed="false" c-set-subsequent-allowed="true" date-revised="2013-01-01" status="published"><classification-symbol>G06M1/286</classification-symbol><class-title date-revised="2013-01-01"><title-part><CPC-specific-text><text>with dials, pointers, or similar type indicating means</text></CPC-specific-text></title-part></class-title></classification-item>
<classification-item breakdown-code="false" not-allocatable="false" level="9" additional-only="false" sort-key="G06M1/30" definition-exists="false" ipc-concordant="G06M1/30" c-set-base-allowed="false" c-set-subsequent-allowed="true" date-revised="2013-01-01" status="published"><classification-symbol>G06M1/30</classification-symbol><class-title date-revised="2013-01-01"><title-part><text>using heart-shaped or similar cams</text></title-part><title-part><text>using levers</text></title-part></class-title>
<classification-item breakdown-code="false" not-allocatable="false" level="10" additional-only="false" sort-key="G06M1/303" definition-exists="false" ipc-concordant="G06M1/30" c-set-base-allowed="false" c-set-subsequent-allowed="true" date-revised="2013-01-01" status="published"><classification-symbol>G06M1/303</classification-symbol><class-title date-revised="2013-01-01"><title-part><CPC-specific-text><text>with drums</text></CPC-specific-text></title-part></class-title></classification-item>
<classification-item breakdown-code="false" not-allocatable="false" level="10" additional-only="false" sort-key="G06M1/306" definition-exists="false" ipc-concordant="G06M1/30" c-set-base-allowed="false" c-set-subsequent-allowed="true" date-revised="2013-01-01" status="published"><classification-symbol>G06M1/306</classification-symbol><class-title date-revised="2013-01-01"><title-part><CPC-specific-text><text>with dials, pointers, or similar type indicating means</text></CPC-specific-text></title-part></class-title></classification-item>
<classification-item breakdown-code="false" not-allocatable="false" level="10" additional-only="false" sort-key="G06M1/32" definition-exists="false" ipc-concordant="G06M1/32" c-set-base-allowed="false" c-set-subsequent-allowed="true" date-revised="2013-01-01" status="published"><classification-symbol>G06M1/32</classification-symbol><class-title date-revised="2013-01-01"><title-part><text>Actuating means, e.g. magnet, spring, weight</text></title-part></class-title>
<classification-item breakdown-code="false" not-allocatable="false" level="11" additional-only="false" sort-key="G06M1/323" definition-exists="false" ipc-concordant="G06M1/32" c-set-base-allowed="false" c-set-subsequent-allowed="true" date-revised="2013-01-01" status="published"><classification-symbol>G06M1/323</classification-symbol><class-title date-revised="2013-01-01"><title-part><CPC-specific-text><text>with drums</text></CPC-specific-text></title-part></class-title></classification-item>
<classification-item breakdown-code="false" not-allocatable="false" level="11" additional-only="false" sort-key="G06M1/326" definition-exists="false" ipc-concordant="G06M1/32" c-set-base-allowed="false" c-set-subsequent-allowed="true" date-revised="2013-01-01" status="published"><classification-symbol>G06M1/326</classification-symbol><class-title date-revised="2013-01-01"><title-part><CPC-specific-text><text>with dials, pointers, or similar type indicating means</text></CPC-specific-text></title-part></class-title></classification-item></classification-item></classification-item>
<classification-item breakdown-code="false" not-allocatable="false" level="9" additional-only="false" sort-key="G06M1/34" definition-exists="false" ipc-concordant="G06M1/34" c-set-base-allowed="false" c-set-subsequent-allowed="true" date-revised="2013-01-01" status="published"><classification-symbol>G06M1/34</classification-symbol><class-title date-revised="2013-01-01"><title-part><text>using reset shafts</text></title-part></class-title>
<classification-item breakdown-code="false" not-allocatable="false" level="10" additional-only="false" sort-key="G06M1/343" definition-exists="false" ipc-concordant="G06M1/34" c-set-base-allowed="false" c-set-subsequent-allowed="true" date-revised="2013-01-01" status="published"><classification-symbol>G06M1/343</classification-symbol><class-title date-revised="2013-01-01"><title-part><CPC-specific-text><text>with drums</text></CPC-specific-text></title-part></class-title></classification-item>
<classification-item breakdown-code="false" not-allocatable="false" level="10" additional-only="false" sort-key="G06M1/346" definition-exists="false" ipc-concordant="G06M1/34" c-set-base-allowed="false" c-set-subsequent-allowed="true" date-revised="2013-01-01" status="published"><classification-symbol>G06M1/346</classification-symbol><class-title date-revised="2013-01-01"><title-part><CPC-specific-text><text>with dials, pointers, or similar type indicating means</text></CPC-specific-text></title-part></class-title></classification-item>
<classification-item breakdown-code="false" not-allocatable="false" level="10" additional-only="false" sort-key="G06M1/36" definition-exists="false" ipc-concordant="G06M1/36" c-set-base-allowed="false" c-set-subsequent-allowed="true" date-revised="2013-01-01" status="published"><classification-symbol>G06M1/36</classification-symbol><class-title date-revised="2013-01-01"><title-part><text>Actuating means, e.g. magnet, spring, weight</text></title-part></class-title>
<classification-item breakdown-code="false" not-allocatable="false" level="11" additional-only="false" sort-key="G06M1/363" definition-exists="false" ipc-concordant="G06M1/36" c-set-base-allowed="false" c-set-subsequent-allowed="true" date-revised="2013-01-01" status="published"><classification-symbol>G06M1/363</classification-symbol><class-title date-revised="2013-01-01"><title-part><CPC-specific-text><text>with drums</text></CPC-specific-text></title-part></class-title></classification-item>
<classification-item breakdown-code="false" not-allocatable="false" level="11" additional-only="false" sort-key="G06M1/366" definition-exists="false" ipc-concordant="G06M1/36" c-set-base-allowed="false" c-set-subsequent-allowed="true" date-revised="2013-01-01" status="published"><classification-symbol>G06M1/366</classification-symbol><class-title date-revised="2013-01-01"><title-part><CPC-specific-text><text>with dials, pointers, or similar type indicating means</text></CPC-specific-text></title-part></class-title></classification-item></classification-item></classification-item></classification-item>
<classification-item breakdown-code="false" not-allocatable="false" level="8" additional-only="false" sort-key="G06M1/38" definition-exists="false" ipc-concordant="G06M1/38" c-set-base-allowed="false" c-set-subsequent-allowed="true" date-revised="2013-01-01" status="published"><classification-symbol>G06M1/38</classification-symbol><class-title date-revised="2013-01-01"><title-part><text>for varying ratio of drive or transfer mechanism, e.g. by using alternative counting trains</text></title-part></class-title>
<classification-item breakdown-code="false" not-allocatable="false" level="9" additional-only="false" sort-key="G06M1/385" definition-exists="false" ipc-concordant="G06M1/38" c-set-base-allowed="false" c-set-subsequent-allowed="true" date-revised="2013-01-01" status="published"><classification-symbol>G06M1/385</classification-symbol><class-title date-revised="2013-01-01"><title-part><CPC-specific-text><text>differentials</text></CPC-specific-text></title-part></class-title></classification-item></classification-item></classification-item>
<classification-item breakdown-code="false" not-allocatable="false" level="7" additional-only="false" sort-key="G06M3/00" definition-exists="false" ipc-concordant="G06M3/00" c-set-base-allowed="false" c-set-subsequent-allowed="true" date-revised="2013-01-01" status="published"><classification-symbol>G06M3/00</classification-symbol><class-title date-revised="2013-01-01"><title-part><text>Counters with additional facilities </text><reference><text>generating electric pulses at random intervals <class-ref scheme="cpc">H03K3/84</class-ref></text></reference></title-part></class-title>
<classification-item breakdown-code="false" not-allocatable="false" level="8" additional-only="false" sort-key="G06M3/02" definition-exists="false" ipc-concordant="G06M3/02" c-set-base-allowed="false" c-set-subsequent-allowed="true" date-revised="2013-01-01" status="published"><classification-symbol>G06M3/02</classification-symbol><class-title date-revised="2013-01-01"><title-part><text>for performing an operation at a predetermined value of the count, e.g. arresting a machine </text><CPC-specific-text><reference><text><class-ref scheme="cpc">G06M3/04</class-ref> takes precedence</text></reference></CPC-specific-text></title-part></class-title>
<classification-item breakdown-code="false" not-allocatable="false" level="9" additional-only="false" sort-key="G06M3/021" definition-exists="false" ipc-concordant="G06M3/02" c-set-base-allowed="false" c-set-subsequent-allowed="true" date-revised="2013-01-01" status="published"><classification-symbol>G06M3/021</classification-symbol><class-title date-revised="2013-01-01"><title-part><CPC-specific-text><text>with drums type indicating means</text></CPC-specific-text></title-part></class-title>
<classification-item breakdown-code="false" not-allocatable="false" level="10" additional-only="false" sort-key="G06M3/022" definition-exists="false" ipc-concordant="G06M3/02" c-set-base-allowed="false" c-set-subsequent-allowed="true" date-revised="2013-01-01" status="published"><classification-symbol>G06M3/022</classification-symbol><class-title date-revised="2013-01-01"><title-part><CPC-specific-text><text>by subtracting</text></CPC-specific-text></title-part></class-title></classification-item>
<classification-item breakdown-code="false" not-allocatable="false" level="10" additional-only="false" sort-key="G06M3/024" definition-exists="false" ipc-concordant="G06M3/02" c-set-base-allowed="false" c-set-subsequent-allowed="true" date-revised="2013-01-01" status="published"><classification-symbol>G06M3/024</classification-symbol><class-title date-revised="2013-01-01"><title-part><CPC-specific-text><text>by adding</text></CPC-specific-text></title-part></class-title></classification-item></classification-item>
<classification-item breakdown-code="false" not-allocatable="false" level="9" additional-only="false" sort-key="G06M3/025" definition-exists="false" ipc-concordant="G06M3/02" c-set-base-allowed="false" c-set-subsequent-allowed="true" date-revised="2013-01-01" status="published"><classification-symbol>G06M3/025</classification-symbol><class-title date-revised="2013-01-01"><title-part><CPC-specific-text><text>with dial, pointer, or similar type indicating means</text></CPC-specific-text></title-part></class-title>
<classification-item breakdown-code="false" not-allocatable="false" level="10" additional-only="false" sort-key="G06M3/027" definition-exists="false" ipc-concordant="G06M3/02" c-set-base-allowed="false" c-set-subsequent-allowed="true" date-revised="2013-01-01" status="published"><classification-symbol>G06M3/027</classification-symbol><class-title date-revised="2013-01-01"><title-part><CPC-specific-text><text>by subtracting</text></CPC-specific-text></title-part></class-title></classification-item>
<classification-item breakdown-code="false" not-allocatable="false" level="10" additional-only="false" sort-key="G06M3/028" definition-exists="false" ipc-concordant="G06M3/02" c-set-base-allowed="false" c-set-subsequent-allowed="true" date-revised="2013-01-01" status="published"><classification-symbol>G06M3/028</classification-symbol><class-title date-revised="2013-01-01"><title-part><CPC-specific-text><text>by adding</text></CPC-specific-text></title-part></class-title></classification-item></classification-item>
<classification-item breakdown-code="false" not-allocatable="false" level="9" additional-only="false" sort-key="G06M3/04" definition-exists="false" ipc-concordant="G06M3/04" c-set-base-allowed="false" c-set-subsequent-allowed="true" date-revised="2013-01-01" status="published"><classification-symbol>G06M3/04</classification-symbol><class-title date-revised="2013-01-01"><title-part><text>with an additional counter train operating in the reverse direction</text></title-part></class-title>
<classification-item breakdown-code="false" not-allocatable="false" level="10" additional-only="false" sort-key="G06M3/043" definition-exists="false" ipc-concordant="G06M3/04" c-set-base-allowed="false" c-set-subsequent-allowed="true" date-revised="2013-01-01" status="published"><classification-symbol>G06M3/043</classification-symbol><class-title date-revised="2013-01-01"><title-part><CPC-specific-text><text>with drums</text></CPC-specific-text></title-part></class-title></classification-item>
<classification-item breakdown-code="false" not-allocatable="false" level="10" additional-only="false" sort-key="G06M3/046" definition-exists="false" ipc-concordant="G06M3/04" c-set-base-allowed="false" c-set-subsequent-allowed="true" date-revised="2013-01-01" status="published"><classification-symbol>G06M3/046</classification-symbol><class-title date-revised="2013-01-01"><title-part><CPC-specific-text><text>with dials, pointers, or similar type indicating means</text></CPC-specific-text></title-part></class-title></classification-item></classification-item></classification-item>
<classification-item breakdown-code="false" not-allocatable="false" level="8" additional-only="false" sort-key="G06M3/06" definition-exists="false" ipc-concordant="G06M3/06" c-set-base-allowed="false" c-set-subsequent-allowed="true" date-revised="2013-01-01" status="published"><classification-symbol>G06M3/06</classification-symbol><class-title date-revised="2013-01-01"><title-part><text>for printing or separately displaying result of count </text><reference><text>display systems <class-ref scheme="cpc">G09</class-ref></text></reference></title-part></class-title>
<classification-item breakdown-code="false" not-allocatable="false" level="9" additional-only="false" sort-key="G06M3/062" definition-exists="false" ipc-concordant="G06M3/06" c-set-base-allowed="false" c-set-subsequent-allowed="true" date-revised="2013-01-01" status="published"><classification-symbol>G06M3/062</classification-symbol><class-title date-revised="2013-01-01"><title-part><CPC-specific-text><text>for printing</text></CPC-specific-text></title-part></class-title>
<classification-item breakdown-code="false" not-allocatable="false" level="10" additional-only="false" sort-key="G06M3/065" definition-exists="false" ipc-concordant="G06M3/06" c-set-base-allowed="false" c-set-subsequent-allowed="true" date-revised="2013-01-01" status="published"><classification-symbol>G06M3/065</classification-symbol><class-title date-revised="2013-01-01"><title-part><CPC-specific-text><text>with drums</text></CPC-specific-text></title-part></class-title></classification-item>
<classification-item breakdown-code="false" not-allocatable="false" level="10" additional-only="false" sort-key="G06M3/067" definition-exists="false" ipc-concordant="G06M3/06" c-set-base-allowed="false" c-set-subsequent-allowed="true" date-revised="2013-01-01" status="published"><classification-symbol>G06M3/067</classification-symbol><class-title date-revised="2013-01-01"><title-part><CPC-specific-text><text>with dials, pointers, or similar type indicating means</text></CPC-specific-text></title-part></class-title></classification-item></classification-item></classification-item>
<classification-item breakdown-code="false" not-allocatable="false" level="8" additional-only="false" sort-key="G06M3/08" definition-exists="false" ipc-concordant="G06M3/08" c-set-base-allowed="false" c-set-subsequent-allowed="true" date-revised="2013-01-01" status="published"><classification-symbol>G06M3/08</classification-symbol><class-title date-revised="2013-01-01"><title-part><text>for counting the input from several sources</text></title-part><title-part><text>for counting inputs of different amounts</text></title-part></class-title></classification-item>
<classification-item breakdown-code="false" not-allocatable="false" level="8" additional-only="false" sort-key="G06M3/10" definition-exists="false" ipc-concordant="G06M3/10" c-set-base-allowed="false" c-set-subsequent-allowed="true" date-revised="2013-01-01" status="published"><classification-symbol>G06M3/10</classification-symbol><class-title date-revised="2013-01-01"><title-part><text>for counting denominations with unequal numbers in each stage, e.g. degrees and minutes of angle </text><reference><text>transfer mechanism therefor <class-ref scheme="cpc">G06M1/20</class-ref></text></reference></title-part></class-title></classification-item>
<classification-item breakdown-code="false" not-allocatable="false" level="8" additional-only="false" sort-key="G06M3/12" definition-exists="false" ipc-concordant="G06M3/12" c-set-base-allowed="false" c-set-subsequent-allowed="true" date-revised="2013-01-01" status="published"><classification-symbol>G06M3/12</classification-symbol><class-title date-revised="2013-01-01"><title-part><text>for preventing incorrect actuation, e.g. for preventing falsification</text></title-part></class-title></classification-item>
<classification-item breakdown-code="false" not-allocatable="false" level="8" additional-only="false" sort-key="G06M3/14" definition-exists="false" ipc-concordant="G06M3/14" c-set-base-allowed="false" c-set-subsequent-allowed="true" date-revised="2013-01-01" status="published"><classification-symbol>G06M3/14</classification-symbol><class-title date-revised="2013-01-01"><title-part><text>for registering difference of positive and negative actuations</text></title-part></class-title></classification-item></classification-item></classification-item>
<classification-item breakdown-code="false" not-allocatable="true" level="6" additional-only="false" sort-key="G06M7/00" date-revised="2013-01-01" status="published"><classification-symbol>G06M7/00</classification-symbol><class-title date-revised="2013-01-01"><title-part><text>Counting of objects </text><reference><text>in machines for shaping metal without removing material <class-ref scheme="cpc">B21C51/00</class-ref>; in printing machines or presses <class-ref scheme="cpc">B41F33/02</class-ref>; in office copying machines <class-ref scheme="cpc">B41L39/02</class-ref>; of axles of rail vehicles <class-ref scheme="cpc">B61L1/16</class-ref>; in packaging machines <class-ref scheme="cpc">B65B65/08</class-ref>; of objects conveyed through a pipe or tube <class-ref scheme="cpc">B65G51/36</class-ref>; entry or exit registers <class-ref scheme="cpc">G07C9/00</class-ref></text></reference></title-part></class-title>
<classification-item breakdown-code="false" not-allocatable="false" level="7" additional-only="false" sort-key="G06M7/00" definition-exists="true" ipc-concordant="G06M7/00" c-set-base-allowed="false" c-set-subsequent-allowed="true" date-revised="2016-05-01" status="published"><classification-symbol>G06M7/00</classification-symbol><class-title date-revised="2016-05-01"><title-part><text>Counting of objects carried by a conveyor</text></title-part></class-title>
<classification-item breakdown-code="false" not-allocatable="false" level="8" additional-only="false" sort-key="G06M7/02" definition-exists="false" ipc-concordant="G06M7/02" c-set-base-allowed="false" c-set-subsequent-allowed="true" date-revised="2013-01-01" status="published"><classification-symbol>G06M7/02</classification-symbol><class-title date-revised="2013-01-01"><title-part><text>wherein objects ahead of the sensing element are separated to produce a distinct gap between successive objects</text></title-part></class-title>
<classification-item breakdown-code="false" not-allocatable="false" level="9" additional-only="false" sort-key="G06M7/04" definition-exists="false" ipc-concordant="G06M7/04" c-set-base-allowed="false" c-set-subsequent-allowed="true" date-revised="2013-01-01" status="published"><classification-symbol>G06M7/04</classification-symbol><class-title date-revised="2013-01-01"><title-part><text>Counting of piece goods, e.g. of boxes</text></title-part></class-title></classification-item>
<classification-item breakdown-code="false" not-allocatable="false" level="9" additional-only="false" sort-key="G06M7/06" definition-exists="false" ipc-concordant="G06M7/06" c-set-base-allowed="false" c-set-subsequent-allowed="true" date-revised="2013-01-01" status="published"><classification-symbol>G06M7/06</classification-symbol><class-title date-revised="2013-01-01"><title-part><text>Counting of flat articles, e.g. of sheets of paper</text></title-part></class-title></classification-item></classification-item>
<classification-item breakdown-code="false" not-allocatable="false" level="8" additional-only="false" sort-key="G06M7/08" definition-exists="false" ipc-concordant="G06M7/08" c-set-base-allowed="false" c-set-subsequent-allowed="true" date-revised="2013-01-01" status="published"><classification-symbol>G06M7/08</classification-symbol><class-title date-revised="2013-01-01"><title-part><text>wherein the direction of movement of the objects is changed at the station where they are sensed</text></title-part></class-title>
<classification-item breakdown-code="false" not-allocatable="false" level="9" additional-only="false" sort-key="G06M7/10" definition-exists="false" ipc-concordant="G06M7/10" c-set-base-allowed="false" c-set-subsequent-allowed="true" date-revised="2013-01-01" status="published"><classification-symbol>G06M7/10</classification-symbol><class-title date-revised="2013-01-01"><title-part><text>Counting of flat overlapped articles, e.g. of cards</text></title-part></class-title></classification-item></classification-item></classification-item>
<classification-item breakdown-code="false" not-allocatable="false" level="7" additional-only="false" sort-key="G06M9/00" definition-exists="false" ipc-concordant="G06M9/00" c-set-base-allowed="false" c-set-subsequent-allowed="true" date-revised="2013-01-01" status="published"><classification-symbol>G06M9/00</classification-symbol><class-title date-revised="2013-01-01"><title-part><text>Counting of objects in a stack thereof</text></title-part></class-title>
<classification-item breakdown-code="false" not-allocatable="false" level="8" additional-only="false" sort-key="G06M9/02" definition-exists="false" ipc-concordant="G06M9/02" c-set-base-allowed="false" c-set-subsequent-allowed="true" date-revised="2013-01-01" status="published"><classification-symbol>G06M9/02</classification-symbol><class-title date-revised="2013-01-01"><title-part><text>by using a rotating separator incorporating pneumatic suction nozzles</text></title-part></class-title>
<classification-item breakdown-code="false" not-allocatable="false" level="9" additional-only="false" sort-key="G06M9/025" definition-exists="false" ipc-concordant="G06M9/02" c-set-base-allowed="false" c-set-subsequent-allowed="true" date-revised="2013-01-01" status="published"><classification-symbol>G06M9/025</classification-symbol><class-title date-revised="2013-01-01"><title-part><CPC-specific-text><text>the rotation axis being substantially parallel to the stacking direction</text></CPC-specific-text></title-part></class-title></classification-item></classification-item></classification-item>
<classification-item breakdown-code="false" not-allocatable="false" level="7" additional-only="false" sort-key="G06M11/00" definition-exists="true" ipc-concordant="G06M11/00" c-set-base-allowed="false" c-set-subsequent-allowed="true" date-revised="2013-01-01" status="published"><classification-symbol>G06M11/00</classification-symbol><class-title date-revised="2013-01-01"><title-part><text>Counting of objects distributed at random, e.g. on a surface</text></title-part></class-title>
<classification-item breakdown-code="false" not-allocatable="false" level="8" additional-only="false" sort-key="G06M11/02" definition-exists="false" ipc-concordant="G06M11/02" c-set-base-allowed="false" c-set-subsequent-allowed="true" date-revised="2013-01-01" status="published"><classification-symbol>G06M11/02</classification-symbol><class-title date-revised="2013-01-01"><title-part><text>using an electron beam scanning a surface line by line, e.g. of blood cells on a substrate</text></title-part></class-title>
<classification-item breakdown-code="false" not-allocatable="false" level="9" additional-only="false" sort-key="G06M11/04" definition-exists="false" ipc-concordant="G06M11/04" c-set-base-allowed="false" c-set-subsequent-allowed="true" date-revised="2013-01-01" status="published"><classification-symbol>G06M11/04</classification-symbol><class-title date-revised="2013-01-01"><title-part><text>with provision for distinguishing between different sizes of objects </text><reference><text>investigating particle size in general <class-ref scheme="cpc">G01N15/00</class-ref></text></reference></title-part></class-title></classification-item></classification-item></classification-item></classification-item>
<classification-item breakdown-code="false" not-allocatable="true" level="6" additional-only="true" sort-key="G06M207/00" date-revised="2013-01-01" status="published"><classification-symbol>G06M2207/00</classification-symbol>
<classification-item breakdown-code="true" not-allocatable="false" level="7" additional-only="true" sort-key="G06M207/00" definition-exists="false" ipc-concordant="CPCONLY" c-set-base-allowed="false" c-set-subsequent-allowed="true" date-revised="2016-05-01" status="published"><classification-symbol>G06M2207/00</classification-symbol><class-title date-revised="2016-05-01"><title-part><text>Indexing scheme relating to counting of objects carried by a conveyor</text></title-part></class-title>
<classification-item breakdown-code="true" not-allocatable="false" level="8" additional-only="true" sort-key="G06M207/02" definition-exists="false" ipc-concordant="CPCONLY" c-set-base-allowed="false" c-set-subsequent-allowed="true" date-revised="2013-01-01" status="published"><classification-symbol>G06M2207/02</classification-symbol><class-title date-revised="2013-01-01"><title-part><text>Counting of generally flat and overlapped articles, e.g. cards, newspapers</text></title-part></class-title></classification-item></classification-item></classification-item></classification-item></class-scheme>