Path	Title
924-0.txt	To be Read at Dusk
pg1392.txt	The Seven Poor Travellers
580-0.txt	The Pickwick Papers
pg1407.txt	A Message from the Sea
700-0.txt	The Old Curiosity Shop
650-0.txt	Pictures from Italy
pg23344.txt	The Magic Fishbone A Holiday Romance from the Pen of Miss Alice Rainbird, Aged 7
98-0.txt	A Tale of Two Cities A Story of the French Revolution
967-0.txt	The Life And Adventures Of Nicholas Nickleby
963-0.txt	Little Dorrit
914-0.txt	The Uncommercial Traveller
pg730.txt	Oliver Twist
1289-0.txt	Three Ghost Stories
653-0.txt	The Chimes
27924-0.txt	Mugby Junction
1400-0.txt	Great Expectations
pg676.txt	The Battle of Life
766-0.txt	David Copperfield
pg1023.txt	Bleak House
882-0.txt	Sketches by Boz illustrative of everyday life and every-day people
644-0.txt	The Haunted Man and the Ghost's Bargain
pg699.txt	A Child's History of England
675-0.txt	American Notes for General Circulation
807-0.txt	Hunted Down [1860]
786-0.txt	Hard Times
564-0.txt	The Mystery of Edwin Drood
pg32241.txt	Dickens' Stories About Children Every Child Can Read
678-0.txt	The Cricket on the Hearth A Fairy Tale of Home
883-0.txt	Our Mutual Friend
pg19337.txt	A Christmas Carol
917-0.txt	Barnaby Rudge
1467-0.txt	Some Christmas Stories
